월,사업부,지역,채널,제품카테고리,고객세그먼트,노출수,클릭율,클릭수,세션수,전환율,주문수,판매단위수,평균단가,매출액,매출원가,매출총이익,마케팅비용,운영비용,영업이익,객단가,반품율,반품금액,이탈율,NPS,CSAT,재고수량,리드타임_일,주문이행율,정시배송율,지원티켓수,평균해결시간_시간,SLA위반건수
2024-08,Retail,Seoul,Direct,A-Standard,Mass,11707,0.02055,240,308,0.02602,8,13,28923.65,376007.48,254520.07,121487.42,109214.15,2228950.1,-2216676.83,47000.94,0.0565,21259.22,0.0319,65,4.48,630,5.5,0.9507,0.8795,4,35.0,0
2024-08,Retail,Seoul,Direct,A-Standard,Affinity,13809,0.02744,378,434,0.02469,10,12,28592.79,343113.54,222724.09,120389.45,142126.33,403820.41,-425557.29,34311.35,0.0284,9748.74,0.0461,39,4.58,813,7.2,1.0,0.891,8,38.0,0
2024-08,Retail,Seoul,Direct,A-Standard,VIP,11611,0.01761,204,224,0.02777,6,9,28528.16,256753.4,180155.51,76597.89,101103.18,1024525.82,-1049031.11,42792.23,0.0275,7048.35,0.0407,35,5.0,294,7.7,0.9916,0.9015,23,19.1,0
2024-08,Retail,Seoul,Direct,B-Pro,Mass,9925,0.03404,337,373,0.02028,7,10,45371.79,453717.95,309343.59,144374.36,119843.46,2454615.46,-2430084.56,64816.85,0.0396,17983.95,0.0387,49,3.41,401,2.0,0.9705,0.9638,23,19.4,1
2024-08,Retail,Seoul,Direct,B-Pro,Affinity,16199,0.03503,567,714,0.04394,31,37,45139.05,1670144.91,1044109.33,626035.57,254130.8,1204923.3,-833018.52,53875.64,0.0279,46571.84,0.0422,49,4.34,131,8.5,1.0,0.9047,21,27.5,2
2024-08,Retail,Seoul,Direct,B-Pro,VIP,13503,0.01869,252,274,0.02565,7,8,45844.14,366753.11,249117.24,117635.87,99722.4,2031697.52,-2013784.06,52393.3,0.0475,17411.68,0.0351,38,3.89,567,11.1,1.0,0.9428,16,17.3,1
2024-08,Retail,Seoul,Direct,C-Ultra,Mass,12385,0.0304,376,408,0.02615,10,9,71793.02,646137.15,363321.17,282815.97,237065.9,609756.82,-564006.74,64613.71,0.0336,21711.73,0.0355,45,3.9,741,9.2,0.9356,0.9246,16,28.2,0
2024-08,Retail,Seoul,Direct,C-Ultra,Affinity,10088,0.01832,184,218,0.02171,4,4,69391.27,277565.1,167423.05,110142.04,103813.34,849281.04,-842952.33,69391.27,0.0451,12529.06,0.0331,43,4.2,621,5.3,0.9195,0.9907,5,41.1,0
2024-08,Retail,Seoul,Direct,C-Ultra,VIP,10354,0.01657,171,194,0.02804,5,9,73285.75,659571.77,408867.6,250704.16,117344.03,181169.47,-47809.33,131914.35,0.0537,35447.47,0.0298,48,4.03,44,5.1,1.0,0.9141,5,23.4,0
2024-08,Retail,Seoul,Direct,D-Home,Mass,13266,0.03749,497,612,0.03056,18,28,52654.98,1474339.41,948545.17,525794.24,219552.69,1384220.98,-1077979.44,81907.75,0.0485,71453.11,0.0385,53,4.05,638,5.0,0.9254,0.932,13,32.0,0
2024-08,Retail,Seoul,Direct,D-Home,Affinity,14130,0.01506,212,253,0.02288,5,3,54075.73,162227.2,106128.8,56098.4,108407.78,2357323.42,-2409632.8,32445.44,0.0362,5868.73,0.0311,30,4.69,1006,11.3,0.955,0.9655,14,25.4,0
2024-08,Retail,Seoul,Direct,D-Home,VIP,12624,0.03171,400,453,0.03469,15,18,54766.37,985794.67,634615.36,351179.3,122579.81,1506791.36,-1278191.87,65719.64,0.0218,21490.83,0.0347,52,4.62,570,3.8,0.9405,0.852,14,39.1,0
2024-08,Retail,Seoul,Direct,E-Office,Mass,12877,0.02661,342,436,0.02739,11,22,58921.89,1296281.55,812741.49,483540.06,138226.0,1844177.5,-1498863.43,117843.78,0.021,27256.19,0.0442,73,4.28,472,10.9,0.8744,0.9225,17,22.1,0
2024-08,Retail,Seoul,Direct,E-Office,Affinity,11411,0.03426,390,510,0.02327,11,11,58955.94,648515.29,418073.87,230441.42,117487.2,1718173.18,-1605218.96,58955.94,0.0352,22840.48,0.0253,28,4.04,707,4.9,0.9217,0.9312,17,32.7,1
2024-08,Retail,Seoul,Direct,E-Office,VIP,14008,0.01898,265,295,0.02851,8,4,59685.1,238740.4,152729.06,86011.35,168358.49,405020.72,-487367.86,29842.55,0.0317,7573.16,0.0245,29,4.63,466,7.6,1.0,0.9457,27,28.5,3
2024-08,Retail,Seoul,Direct,F-Outdoor,Mass,10519,0.02541,267,294,0.02955,8,10,63350.48,633504.83,363953.16,269551.67,131732.95,81165.95,56652.77,79188.1,0.0073,4618.93,0.0288,31,4.6,513,7.0,0.8889,0.9352,11,24.5,1
2024-08,Retail,Seoul,Direct,F-Outdoor,Affinity,15596,0.03753,585,764,0.02568,19,31,63188.88,1958855.39,1213649.12,745206.27,251727.43,1279443.05,-785964.21,103097.65,0.0327,64015.39,0.0322,42,4.38,384,10.6,0.9587,0.9724,17,19.6,1
2024-08,Retail,Seoul,Direct,F-Outdoor,VIP,15864,0.03058,485,514,0.03263,16,26,63097.87,1640544.65,1012479.41,628065.23,225498.36,1778098.55,-1375531.67,102534.04,0.0301,49302.24,0.0242,50,4.21,1003,8.8,0.9928,0.9235,15,16.7,0
2024-08,Retail,Seoul,Partner,A-Standard,Mass,15210,0.02584,393,429,0.0268,11,14,30790.97,431073.53,286501.33,144572.2,122036.15,2036722.29,-2014186.25,39188.5,0.0239,10301.34,0.0535,49,4.26,1098,3.5,0.939,0.8552,14,17.5,0
2024-08,Retail,Seoul,Partner,A-Standard,Affinity,12029,0.03182,382,470,0.02344,11,12,28709.08,344508.95,237006.78,107502.17,191591.82,714027.01,-798116.65,31319.0,0.0204,7022.58,0.0213,21,4.16,427,10.3,0.9816,0.9683,20,36.6,2
2024-08,Retail,Seoul,Partner,A-Standard,VIP,12769,0.02501,319,343,0.02515,8,11,29346.65,322813.11,223391.55,99421.56,149399.38,2425482.25,-2475460.08,40351.64,0.0157,5059.17,0.0403,45,3.76,541,9.5,0.962,0.94,11,32.5,0
2024-08,Retail,Seoul,Partner,B-Pro,Mass,10988,0.02687,295,364,0.03179,11,8,46150.84,369206.74,236684.34,132522.4,151835.75,388668.5,-407981.85,33564.25,0.0283,10440.29,0.0279,38,4.1,364,5.6,0.9443,0.9631,3,23.3,1
2024-08,Retail,Seoul,Partner,B-Pro,Affinity,10921,0.01965,214,262,0.02501,6,11,45273.54,498008.93,338456.26,159552.67,141775.21,937749.44,-919971.98,83001.49,0.051,25409.09,0.0289,56,4.54,147,10.4,0.9837,0.9278,16,28.5,3
2024-08,Retail,Seoul,Partner,B-Pro,VIP,10579,0.01798,190,249,0.03099,7,8,43196.35,345570.79,227915.41,117655.39,63460.57,461513.1,-407318.28,49367.26,0.0173,5973.31,0.0234,40,4.25,209,5.5,0.998,0.9411,9,22.2,1
2024-08,Retail,Seoul,Partner,C-Ultra,Mass,13312,0.03075,409,466,0.02561,11,12,72040.59,864487.04,511176.31,353310.73,219939.36,1641246.84,-1507875.47,78589.73,0.0235,20312.39,0.0503,36,4.27,405,9.2,0.9267,0.8758,8,39.7,1
2024-08,Retail,Seoul,Partner,C-Ultra,Affinity,12202,0.01706,208,224,0.02207,4,4,72795.84,291183.36,169503.44,121679.92,88119.58,936203.81,-902643.47,72795.84,0.0345,10053.7,0.0288,46,3.73,685,11.1,0.9366,0.8688,6,27.7,0
2024-08,Retail,Seoul,Partner,C-Ultra,VIP,10962,0.03689,404,495,0.01734,8,11,67091.65,738008.18,467106.95,270901.23,136155.2,2508662.98,-2373916.95,92251.02,0.0089,6538.27,0.0269,23,4.77,537,8.9,0.9617,0.9373,8,31.4,0
2024-08,Retail,Seoul,Partner,D-Home,Mass,12937,0.02113,273,299,0.01251,3,4,56548.42,226193.67,139880.52,86313.15,142179.6,2826399.34,-2882265.78,75397.89,0.0201,4547.69,0.0468,62,4.02,208,5.3,0.9536,0.9367,16,23.9,4
2024-08,Retail,Seoul,Partner,D-Home,Affinity,9884,0.02043,201,238,0.03281,7,7,56181.09,393267.6,244444.59,148823.01,102853.14,2702621.36,-2656651.49,56181.09,0.0549,21583.67,0.0458,29,4.0,678,7.4,0.9826,0.9558,11,34.1,2
2024-08,Retail,Seoul,Partner,D-Home,VIP,10522,0.02317,243,290,0.03049,8,10,52649.8,526498.02,344886.34,181611.68,93090.15,1091142.17,-1002620.64,65812.25,0.0349,18375.04,0.0388,36,4.24,327,7.3,0.9509,0.8967,9,14.1,0
2024-08,Retail,Seoul,Partner,E-Office,Mass,10475,0.02775,290,367,0.02322,8,14,57269.62,801774.64,476521.62,325253.01,120789.85,1355951.51,-1151488.34,100221.83,0.0201,16117.77,0.0078,44,4.21,253,9.3,0.9287,0.9535,2,25.4,0
2024-08,Retail,Seoul,Partner,E-Office,Affinity,12329,0.03302,407,500,0.02391,11,16,62868.03,1005888.53,611121.41,394767.12,190363.89,172913.94,31489.29,91444.41,0.0275,27633.25,0.0391,38,4.34,551,7.2,0.9781,0.9415,0,40.0,0
2024-08,Retail,Seoul,Partner,E-Office,VIP,11931,0.005,59,67,0.03599,2,2,61643.45,123286.89,76186.95,47099.94,36506.57,2344570.12,-2333976.74,61643.45,0.043,5302.23,0.0347,62,4.47,1207,9.5,0.9931,0.9865,6,34.6,2
2024-08,Retail,Seoul,Partner,F-Outdoor,Mass,8522,0.02283,194,213,0.02146,4,2,65927.8,131855.61,76913.88,54941.72,52388.68,811636.62,-809083.58,32963.9,0.0457,6019.96,0.0416,40,4.36,449,5.5,0.9122,0.9568,14,11.9,1
2024-08,Retail,Seoul,Partner,F-Outdoor,Affinity,10555,0.0175,184,199,0.0269,5,5,62284.11,311420.55,189899.92,121520.64,86457.84,2422293.58,-2387230.78,62284.11,0.0444,13829.73,0.0241,55,4.38,376,6.2,0.9713,0.9728,18,19.9,3
2024-08,Retail,Seoul,Partner,F-Outdoor,VIP,10847,0.03621,392,478,0.02551,12,12,67617.82,811413.82,511652.66,299761.17,144981.29,975967.41,-821187.53,67617.82,0.0453,36754.04,0.0168,42,4.88,465,3.7,0.9519,0.9248,15,32.2,3
2024-08,Retail,Seoul,Marketplace,A-Standard,Mass,21884,0.02969,649,829,0.03216,26,32,29133.76,932280.4,619456.76,312823.64,178813.65,1351299.79,-1217289.8,35856.94,0.0356,33171.68,0.0234,35,3.51,237,7.9,0.9799,0.9853,4,39.2,1
2024-08,Retail,Seoul,Marketplace,A-Standard,Affinity,17681,0.01924,340,429,0.03134,13,17,31101.38,528723.51,367237.84,161485.68,163946.61,2470952.38,-2473413.32,40671.04,0.0779,41161.38,0.0145,30,3.93,429,5.5,0.9553,0.8721,6,19.9,0
2024-08,Retail,Seoul,Marketplace,A-Standard,VIP,18026,0.0367,661,703,0.02421,17,28,28975.92,811325.8,558491.41,252834.39,278067.48,3054585.37,-3079818.46,47725.05,0.0261,21153.07,0.01,19,4.87,940,4.8,0.9365,0.942,9,32.8,0
2024-08,Retail,Seoul,Marketplace,B-Pro,Mass,15118,0.01688,255,308,0.03117,9,8,44973.88,359791.01,222218.42,137572.58,186970.51,1425071.49,-1474469.41,39976.78,0.0335,12039.83,0.0387,52,3.98,549,6.3,0.9737,1.0,16,22.2,0
2024-08,Retail,Seoul,Marketplace,B-Pro,Affinity,13822,0.02025,279,302,0.02875,8,8,46984.65,375877.23,249999.94,125877.29,123652.44,1320876.95,-1318652.11,46984.65,0.0604,22700.23,0.0389,35,3.96,830,6.4,0.9374,0.8871,23,39.4,0
2024-08,Retail,Seoul,Marketplace,B-Pro,VIP,18382,0.02107,387,424,0.03202,13,22,43952.22,966948.94,609781.87,357167.07,144173.41,2540413.36,-2327419.7,74380.69,0.0385,37255.31,0.0091,43,5.0,618,5.0,0.9504,0.8564,9,38.6,3
2024-08,Retail,Seoul,Marketplace,C-Ultra,Mass,17311,0.02022,350,380,0.02797,10,13,72901.51,947719.59,604256.81,343462.78,135080.57,2753859.04,-2545476.83,94771.96,0.0532,50377.28,0.0369,44,3.77,422,8.0,0.9408,0.931,19,40.4,2
2024-08,Retail,Seoul,Marketplace,C-Ultra,Affinity,17129,0.01887,323,405,0.0296,11,14,70656.14,989185.9,573281.04,415904.86,151766.48,1567734.71,-1303596.33,89925.99,0.0533,52683.99,0.0317,49,4.03,876,5.7,0.948,0.9233,13,34.3,1
2024-08,Retail,Seoul,Marketplace,C-Ultra,VIP,15923,0.03112,495,593,0.03336,19,27,71089.44,1919414.88,1090377.23,829037.66,151470.74,1639670.37,-962103.46,101021.84,0.0136,26071.63,0.0175,25,4.26,350,5.0,0.916,0.9428,19,23.4,0
2024-08,Retail,Seoul,Marketplace,D-Home,Mass,16218,0.0307,497,562,0.02268,12,15,56693.47,850402.03,571639.64,278762.39,137683.6,1283064.06,-1141985.27,70866.84,0.048,40825.34,0.0359,12,4.14,929,4.8,0.9621,0.9833,27,26.6,1
2024-08,Retail,Seoul,Marketplace,D-Home,Affinity,14202,0.03126,443,504,0.03061,15,9,56297.34,506676.07,330921.07,175755.0,190296.97,1369215.09,-1383757.06,33778.4,0.0383,19422.11,0.024,61,3.89,638,7.7,0.9622,0.9225,16,30.9,3
2024-08,Retail,Seoul,Marketplace,D-Home,VIP,15913,0.02237,355,425,0.03004,12,10,55141.21,551412.13,336584.09,214828.04,149444.5,1279438.81,-1214055.27,45951.01,0.0474,26134.0,0.0407,52,4.34,496,5.1,0.911,0.9454,11,34.3,0
2024-08,Retail,Seoul,Marketplace,E-Office,Mass,17036,0.02146,365,461,0.01674,7,9,61358.04,552222.38,360322.54,191899.83,121599.21,2465548.08,-2395247.45,78888.91,0.0249,13725.14,0.0397,36,3.8,748,8.1,0.9608,0.852,10,40.4,0
2024-08,Retail,Seoul,Marketplace,E-Office,Affinity,14848,0.02864,425,476,0.02683,12,21,58583.2,1230247.22,722045.83,508201.39,130171.16,929618.06,-551587.82,102520.6,0.0074,9160.23,0.0331,60,3.99,313,7.7,0.9471,0.8775,20,35.7,0
2024-08,Retail,Seoul,Marketplace,E-Office,VIP,19885,0.01788,355,377,0.02864,10,14,60911.03,852754.37,532053.97,320700.39,195122.15,872108.6,-746530.35,85275.44,0.0349,29745.84,0.0191,36,4.78,390,10.3,0.9222,0.9053,14,12.0,0
2024-08,Retail,Seoul,Marketplace,F-Outdoor,Mass,19874,0.02831,562,703,0.01731,12,14,67926.95,950977.35,585789.13,365188.22,151259.99,977254.86,-763326.62,79248.11,0.0632,60115.57,0.0482,29,4.02,18,7.6,0.9555,1.0,8,17.5,2
2024-08,Retail,Seoul,Marketplace,F-Outdoor,Affinity,24132,0.0347,837,989,0.0238,23,35,64262.76,2249196.48,1286914.25,962282.23,420484.39,2387278.05,-1845480.21,97791.15,0.0688,154674.24,0.0354,46,4.01,523,8.2,0.9731,0.9417,11,41.4,0
2024-08,Retail,Seoul,Marketplace,F-Outdoor,VIP,17321,0.0229,396,463,0.02763,12,7,68108.71,476760.95,303214.27,173546.67,262568.36,2243926.52,-2332948.2,39730.08,0.0259,12366.06,0.028,49,4.18,540,9.5,0.9634,0.8993,0,24.5,0
2024-08,Retail,Seoul,App,A-Standard,Mass,16656,0.02069,344,446,0.01738,7,11,29567.85,325246.32,211336.75,113909.57,184953.23,1864875.04,-1935918.7,46463.76,0.0312,10149.41,0.0273,42,3.98,260,6.4,1.0,0.9187,13,27.0,4
2024-08,Retail,Seoul,App,A-Standard,Affinity,15890,0.03097,492,607,0.02523,15,22,29128.01,640816.17,455779.85,185036.32,232998.07,911770.21,-959731.96,42721.08,0.016,10240.31,0.0292,39,4.25,564,7.5,1.0,0.9602,5,22.3,1
2024-08,Retail,Seoul,App,A-Standard,VIP,11125,0.02453,272,314,0.01965,6,8,31259.59,250076.74,174905.83,75170.9,141584.91,735103.98,-801517.99,41679.46,0.0542,13546.88,0.0303,27,4.78,613,3.8,0.9236,0.9205,17,24.3,0
2024-08,Retail,Seoul,App,B-Pro,Mass,12246,0.02686,328,412,0.02649,10,13,43027.78,559361.14,350557.77,208803.37,121431.05,688103.45,-600731.13,55936.11,0.0453,25364.64,0.0366,50,4.25,726,6.2,0.9938,0.877,11,28.2,0
2024-08,Retail,Seoul,App,B-Pro,Affinity,14228,0.02701,384,459,0.02848,13,8,45227.91,361823.3,230520.7,131302.59,147837.67,392394.02,-408929.1,27832.56,0.0364,13182.88,0.0456,48,4.51,469,8.8,0.9983,0.9223,21,20.8,0
2024-08,Retail,Seoul,App,B-Pro,VIP,10722,0.01173,125,151,0.02321,3,4,46343.13,185372.53,116021.9,69350.63,70482.66,2421559.26,-2422691.3,61790.84,0.0443,8205.83,0.0193,45,3.81,304,6.4,1.0,0.9047,7,22.5,0
2024-08,Retail,Seoul,App,C-Ultra,Mass,14059,0.01705,239,279,0.03,8,8,69340.37,554722.97,329271.06,225451.91,88148.45,44105.24,93198.22,69340.37,0.0147,8175.11,0.0294,41,4.53,460,9.3,0.9553,0.9108,7,28.9,0
2024-08,Retail,Seoul,App,C-Ultra,Affinity,15037,0.02573,386,453,0.00991,4,5,68662.62,343313.1,203992.18,139320.92,138718.46,2144577.49,-2143975.04,85828.27,0.0159,5450.18,0.0268,38,4.29,439,4.3,0.9666,0.962,12,32.4,0
2024-08,Retail,Seoul,App,C-Ultra,VIP,13407,0.02559,343,426,0.03366,14,16,67069.49,1073111.79,615812.91,457298.88,159821.94,976991.63,-679514.69,76650.84,0.0627,67314.68,0.0245,45,4.11,505,6.1,0.9817,1.0,14,14.9,0
2024-08,Retail,Seoul,App,D-Home,Mass,17135,0.0284,486,613,0.02893,17,25,56160.24,1404006.02,893578.52,510427.5,191615.74,1412034.37,-1093222.61,82588.59,0.0351,49336.57,0.0588,42,3.86,493,8.2,0.9928,0.9117,0,32.3,0
2024-08,Retail,Seoul,App,D-Home,Affinity,11335,0.02876,326,361,0.02985,10,11,57737.26,635109.86,410036.49,225073.36,166818.81,414309.86,-356055.31,63510.99,0.0326,20687.75,0.0235,53,4.2,335,5.6,0.9448,0.8135,16,31.4,4
2024-08,Retail,Seoul,App,D-Home,VIP,12350,0.02303,284,329,0.03077,10,10,55288.88,552888.8,366219.64,186669.16,79221.47,889608.49,-782160.8,55288.88,0.0338,18672.48,0.0397,11,4.12,633,6.6,0.9693,0.8849,3,35.4,4
2024-08,Retail,Seoul,App,E-Office,Mass,20978,0.02662,558,673,0.02214,14,12,59379.75,712556.98,457295.89,255261.09,181705.14,1426344.9,-1352788.95,50896.93,0.0435,31016.62,0.0484,28,3.76,0,5.1,0.9506,1.0,10,15.0,0
2024-08,Retail,Seoul,App,E-Office,Affinity,18118,0.0136,246,327,0.0297,9,13,57853.86,752100.18,451275.32,300824.86,167154.65,1183255.2,-1049584.99,83566.69,0.0168,12672.26,0.0437,41,3.91,414,9.2,0.9859,0.9158,9,14.1,0
2024-08,Retail,Seoul,App,E-Office,VIP,13830,0.02959,409,459,0.03044,13,22,58645.89,1290209.62,842722.34,447487.28,185358.51,2789063.2,-2526934.43,99246.89,0.0253,32600.64,0.0472,46,4.58,788,5.8,0.98,0.9334,20,18.0,0
2024-08,Retail,Seoul,App,F-Outdoor,Mass,13070,0.02987,390,437,0.02556,11,16,67792.09,1084673.49,641028.35,443645.14,140635.56,1796368.15,-1493358.57,98606.68,0.0145,15733.05,0.0413,51,3.97,455,9.6,0.9484,0.9147,8,29.6,0
2024-08,Retail,Seoul,App,F-Outdoor,Affinity,15545,0.01086,168,201,0.02105,4,5,64762.05,323810.27,185332.15,138478.11,150566.27,2235416.88,-2247505.04,80952.57,0.0336,10880.59,0.0209,40,4.31,654,9.8,1.0,0.8995,18,38.4,2
2024-08,Retail,Seoul,App,F-Outdoor,VIP,10785,0.02438,262,326,0.03344,10,12,64996.29,779955.5,501511.6,278443.9,141508.73,2057239.08,-1920303.91,77995.55,0.0126,9806.43,0.0247,52,4.43,544,2.0,0.8685,0.9643,13,30.8,4
2024-08,Retail,Busan,Direct,A-Standard,Mass,12969,0.02431,315,369,0.03269,12,13,29116.24,378511.14,259464.48,119046.66,144129.99,2474937.87,-2500021.2,31542.59,0.0228,8636.27,0.0406,40,4.33,493,8.2,0.9605,0.9234,9,37.4,1
2024-08,Retail,Busan,Direct,A-Standard,Affinity,11161,0.03102,346,408,0.03184,12,7,31268.88,218882.16,152916.82,65965.34,107992.96,251926.48,-293954.1,18240.18,0.0452,9892.68,0.034,64,4.63,646,4.1,0.9381,0.9227,10,35.7,0
2024-08,Retail,Busan,Direct,A-Standard,VIP,10935,0.03105,339,364,0.0275,10,19,30677.49,582872.35,404794.68,178077.67,147304.82,2663414.41,-2632641.56,58287.24,0.0195,11373.9,0.0197,34,3.99,770,6.0,0.9913,0.9502,12,53.0,0
2024-08,Retail,Busan,Direct,B-Pro,Mass,8174,0.01842,150,162,0.02351,3,4,43792.68,175170.74,119376.0,55794.73,73873.07,1514365.18,-1532443.51,58390.25,0.0431,7545.02,0.0435,26,3.83,391,3.6,0.9681,1.0,19,29.0,5
2024-08,Retail,Busan,Direct,B-Pro,Affinity,10386,0.02964,307,333,0.02371,7,11,46365.37,510019.1,336054.07,173965.03,83256.43,1451787.73,-1361079.12,72859.87,0.0332,16940.12,0.0524,26,3.46,666,8.4,0.9998,0.9241,10,17.4,0
2024-08,Retail,Busan,Direct,B-Pro,VIP,11005,0.04509,496,583,0.02754,16,23,42840.2,985324.52,623814.45,361510.06,252766.01,2761710.84,-2652966.78,61582.78,0.0577,56895.09,0.0297,43,3.85,758,5.5,0.9112,0.9712,18,46.1,1
2024-08,Retail,Busan,Direct,C-Ultra,Mass,14165,0.02351,332,442,0.02572,11,18,69502.28,1251041.04,762606.24,488434.8,127049.35,286243.03,75142.42,113731.0,0.0433,54194.05,0.0434,36,4.58,199,4.5,0.9419,0.9254,17,17.8,4
2024-08,Retail,Busan,Direct,C-Ultra,Affinity,12013,0.02395,287,333,0.03568,11,14,66817.22,935441.04,534934.36,400506.68,152060.6,1807460.52,-1559014.43,85040.09,0.0248,23164.2,0.0335,47,4.04,595,6.7,0.9106,0.903,1,30.2,0
2024-08,Retail,Busan,Direct,C-Ultra,VIP,11792,0.02338,275,337,0.03241,10,13,66999.38,870991.97,498084.3,372907.67,112693.9,2405695.35,-2145481.58,87099.2,0.0723,62929.92,0.0249,31,4.51,336,8.0,0.9535,0.9678,24,12.8,2
2024-08,Retail,Busan,Direct,D-Home,Mass,9119,0.03145,286,351,0.01497,5,5,54558.0,272790.0,168711.06,104078.94,144439.48,2961618.51,-3001979.04,54558.0,0.0279,7605.55,0.0477,22,4.48,715,6.7,0.9227,0.9028,17,26.5,0
2024-08,Retail,Busan,Direct,D-Home,Affinity,10125,0.02843,287,310,0.02026,6,6,57337.83,344026.96,223910.89,120116.08,145510.22,52210.22,-77604.37,57337.83,0.0416,14318.71,0.0321,57,3.81,852,4.4,0.9685,0.9442,22,24.5,1
2024-08,Retail,Busan,Direct,D-Home,VIP,10065,0.02195,220,272,0.02494,6,9,56331.65,506984.87,330421.82,176563.05,74412.91,1272131.04,-1169980.9,84497.48,0.0442,22433.43,0.0206,32,4.18,754,7.1,0.9637,0.8327,7,16.7,3
2024-08,Retail,Busan,Direct,E-Office,Mass,10922,0.01902,207,217,0.03649,7,6,60539.82,363238.89,218604.34,144634.56,88594.63,1801563.16,-1745523.24,51891.27,0.0273,9915.05,0.0381,48,4.15,512,6.8,0.9454,0.9131,12,24.9,1
2024-08,Retail,Busan,Direct,E-Office,Affinity,12048,0.02397,288,307,0.02476,7,14,61918.19,866854.71,511868.93,354985.79,89617.47,1366619.17,-1101250.85,123836.39,0.0299,25901.17,0.0354,56,3.84,276,7.3,0.9448,0.8792,14,17.4,2
2024-08,Retail,Busan,Direct,E-Office,VIP,10609,0.01842,195,233,0.03494,8,4,62914.59,251658.36,155269.07,96389.29,108918.43,1552746.25,-1565275.39,31457.29,0.0193,4848.14,0.0323,44,4.87,316,7.1,0.9365,0.8567,17,25.2,1
2024-08,Retail,Busan,Direct,F-Outdoor,Mass,10287,0.01881,193,232,0.0175,4,4,68157.22,272628.9,156742.76,115886.14,58301.92,1447909.38,-1390325.16,68157.22,0.0434,11825.24,0.0271,49,4.62,703,8.8,0.9736,0.9214,11,40.4,0
2024-08,Retail,Busan,Direct,F-Outdoor,Affinity,10048,0.02823,283,373,0.02533,9,12,67221.34,806656.09,515798.8,290857.29,123661.33,742504.64,-575308.68,89628.45,0.0435,35071.68,0.0458,46,4.11,532,8.9,0.9615,0.9269,7,18.6,1
2024-08,Retail,Busan,Direct,F-Outdoor,VIP,9025,0.01524,137,178,0.01946,3,5,67658.29,338291.45,202758.89,135532.57,70881.31,2814774.79,-2750123.54,112763.82,0.0279,9446.85,0.0413,53,4.48,452,6.8,0.9601,0.8931,13,20.7,0
2024-08,Retail,Busan,Partner,A-Standard,Mass,10253,0.03104,318,378,0.02823,10,18,30015.16,540272.82,370199.01,170073.81,194079.48,2443594.11,-2467599.78,54027.28,0.0333,17978.9,0.0387,50,4.65,566,9.4,0.9312,0.9297,13,28.5,3
2024-08,Retail,Busan,Partner,A-Standard,Affinity,10070,0.02756,277,327,0.03094,10,19,28927.49,549622.4,380718.25,168904.14,123375.48,1525254.3,-1479725.63,54962.24,0.0381,20938.88,0.0395,26,4.54,726,9.4,0.9789,0.8919,9,40.8,5
2024-08,Retail,Busan,Partner,A-Standard,VIP,7619,0.02545,193,215,0.03037,6,8,29914.97,239319.78,159435.26,79884.52,88712.48,318085.85,-326913.81,39886.63,0.04,9573.76,0.0252,59,4.03,688,7.2,1.0,0.9837,11,46.9,1
2024-08,Retail,Busan,Partner,B-Pro,Mass,8908,0.0347,309,343,0.02022,6,10,45635.61,456356.13,297143.67,159212.46,145621.59,1373865.13,-1360274.27,76059.35,0.04,18233.76,0.0489,38,4.11,494,6.3,0.9377,0.9471,4,37.0,0
2024-08,Retail,Busan,Partner,B-Pro,Affinity,7657,0.01535,117,129,0.03596,4,4,43743.37,174973.49,109388.83,65584.66,84060.86,1108157.1,-1126633.29,43743.37,0.0231,4040.2,0.0246,36,3.92,698,5.0,0.9356,1.0,15,32.5,0
2024-08,Retail,Busan,Partner,B-Pro,VIP,9588,0.03203,307,397,0.02985,11,18,44269.64,796853.58,517112.42,279741.16,140590.16,2647202.03,-2508051.03,72441.23,0.0508,40446.64,0.0322,37,4.55,338,5.9,0.9368,0.8469,9,37.1,0
2024-08,Retail,Busan,Partner,C-Ultra,Mass,8860,0.0287,254,330,0.02896,9,13,69022.34,897290.43,512159.79,385130.65,109645.24,1335555.46,-1060070.06,99698.94,0.0416,37286.31,0.0369,44,3.97,479,6.2,0.9634,0.9176,11,17.1,0
2024-08,Retail,Busan,Partner,C-Ultra,Affinity,5994,0.02019,121,138,0.01562,2,4,70592.63,282370.53,178385.59,103984.94,35113.53,1446107.47,-1377236.06,141185.27,0.0611,17250.31,0.0339,43,4.25,663,10.0,0.9841,0.9435,11,28.3,1
2024-08,Retail,Busan,Partner,C-Ultra,VIP,8078,0.0153,123,153,0.02304,3,4,69243.43,276973.74,160123.24,116850.5,72458.85,2463074.48,-2418682.84,92324.58,0.0411,11384.24,0.0349,31,4.29,657,9.1,0.9378,0.9144,9,37.3,0
2024-08,Retail,Busan,Partner,D-Home,Mass,8589,0.02533,217,265,0.02008,5,5,57410.57,287052.84,183488.92,103563.92,94476.28,148392.33,-139304.69,57410.57,0.0202,5807.98,0.0555,33,4.16,368,6.3,0.9619,0.9201,17,22.8,0
2024-08,Retail,Busan,Partner,D-Home,Affinity,7616,0.04028,306,356,0.01417,5,4,56038.44,224153.77,148128.07,76025.7,129822.45,1689253.32,-1743050.07,44830.75,0.011,2459.68,0.0361,53,4.46,197,10.8,0.8545,1.0,10,26.0,0
2024-08,Retail,Busan,Partner,D-Home,VIP,10564,0.0232,245,276,0.02806,7,9,52851.68,475665.12,314531.7,161133.42,151155.72,1042307.44,-1032329.74,67952.16,0.0472,22434.15,0.0124,46,4.31,536,7.6,0.9531,0.9159,18,31.8,0
2024-08,Retail,Busan,Partner,E-Office,Mass,7786,0.03013,234,249,0.02294,5,5,62454.43,312272.17,185878.03,126394.14,103806.6,2483589.23,-2461001.69,62454.43,0.0461,14398.92,0.0255,43,3.97,751,8.6,0.9837,0.9502,18,23.1,0
2024-08,Retail,Busan,Partner,E-Office,Affinity,7328,0.02523,184,213,0.02913,6,9,59384.11,534456.98,325423.32,209033.67,84130.5,379846.62,-254943.45,89076.16,0.036,19223.4,0.0276,65,4.45,354,6.7,0.9531,1.0,8,7.2,0
2024-08,Retail,Busan,Partner,E-Office,VIP,9818,0.02169,212,225,0.02829,6,8,59664.42,477315.34,291076.36,186238.98,93192.39,1420791.76,-1327745.16,79552.56,0.0437,20856.96,0.0269,42,4.17,509,5.9,0.9905,0.9788,9,41.3,0
2024-08,Retail,Busan,Partner,F-Outdoor,Mass,8453,0.02656,224,281,0.02549,7,6,62902.92,377417.52,219876.67,157540.86,108984.01,89276.48,-40719.63,53916.79,0.0325,12275.52,0.0306,49,4.29,914,4.8,0.9141,0.9557,16,53.8,5
2024-08,Retail,Busan,Partner,F-Outdoor,Affinity,10722,0.02999,321,338,0.01572,5,4,67776.42,271105.68,167443.29,103662.4,154835.43,2388920.52,-2440093.55,54221.14,0.0268,7265.7,0.0564,53,4.31,756,5.2,0.9759,0.9447,2,26.7,1
2024-08,Retail,Busan,Partner,F-Outdoor,VIP,10422,0.0299,311,365,0.03401,12,16,63784.76,1020556.09,625499.79,395056.3,112195.96,360774.78,-77914.44,85046.34,0.014,14334.34,0.027,48,4.24,349,11.0,0.9396,0.8864,13,21.9,0
2024-08,Retail,Busan,Marketplace,A-Standard,Mass,13759,0.02942,404,448,0.0268,12,13,28851.29,375066.81,258422.75,116644.06,215378.04,1259265.2,-1357999.18,31255.57,0.0344,12908.64,0.0286,71,5.0,632,7.3,0.9769,0.9961,21,29.9,0
2024-08,Retail,Busan,Marketplace,A-Standard,Affinity,12857,0.029,372,417,0.01419,5,5,30053.11,150265.57,103175.39,47090.18,152388.68,302672.69,-407971.19,30053.11,0.0314,4721.64,0.0303,48,4.12,772,10.6,0.9244,0.9036,12,17.2,2
2024-08,Retail,Busan,Marketplace,A-Standard,VIP,14377,0.01514,217,235,0.01777,4,2,29382.34,58764.67,38220.11,20544.56,68131.71,2459264.03,-2506851.17,14691.17,0.0482,2832.37,0.0263,50,4.05,0,10.7,0.9695,0.979,19,30.9,2
2024-08,Retail,Busan,Marketplace,B-Pro,Mass,12965,0.02432,315,364,0.02655,9,15,42880.25,643203.68,427465.16,215738.52,147807.66,1073573.2,-1005642.34,71467.08,0.0465,29908.73,0.0278,41,4.07,333,4.6,0.9452,1.0,20,44.4,0
2024-08,Retail,Busan,Marketplace,B-Pro,Affinity,14615,0.01897,277,332,0.02719,9,8,43596.61,348772.87,214702.35,134070.52,161779.69,638392.94,-666102.11,38752.54,0.0039,1350.81,0.0399,50,4.6,387,3.4,0.9942,0.9485,0,29.0,0
2024-08,Retail,Busan,Marketplace,B-Pro,VIP,14771,0.03225,476,515,0.02573,13,21,42827.36,899374.61,555584.72,343789.89,235873.88,980829.81,-872913.8,69182.66,0.0143,12866.19,0.0355,24,3.85,604,6.1,1.0,0.927,16,31.1,4
2024-08,Retail,Busan,Marketplace,C-Ultra,Mass,13266,0.02589,343,397,0.01622,6,7,68973.4,482813.77,299291.86,183521.92,113649.63,2882230.72,-2812358.44,80468.96,0.0529,25535.5,0.0408,53,4.41,563,7.6,0.9865,0.8453,13,24.4,5
2024-08,Retail,Busan,Marketplace,C-Ultra,Affinity,15850,0.02676,424,505,0.02102,10,14,69452.41,972333.7,610493.82,361839.88,132532.01,2020239.63,-1790931.76,97233.37,0.045,43745.86,0.0428,25,4.22,193,9.2,0.9691,0.9253,12,30.6,0
2024-08,Retail,Busan,Marketplace,C-Ultra,VIP,10797,0.03436,371,474,0.03186,15,15,71610.84,1074162.63,611556.27,462606.35,114637.46,3104507.02,-2756538.12,71610.84,0.0319,34244.87,0.0294,58,3.82,603,2.2,0.9999,0.8795,7,40.2,1
2024-08,Retail,Busan,Marketplace,D-Home,Mass,13799,0.02738,377,451,0.02481,11,15,56160.1,842401.48,532591.12,309810.35,148269.01,1968141.34,-1806600.0,76581.95,0.0276,23221.21,0.0288,69,4.09,281,9.5,0.9778,0.9235,11,38.4,2
2024-08,Retail,Busan,Marketplace,D-Home,Affinity,15691,0.02956,463,574,0.03433,19,35,55314.01,1935990.3,1174544.88,761445.43,182680.55,1644147.27,-1065382.39,101894.23,0.0399,77231.25,0.0456,44,4.49,590,4.4,0.9653,0.9062,9,38.3,0
2024-08,Retail,Busan,Marketplace,D-Home,VIP,15715,0.02451,385,409,0.03604,14,21,54329.41,1140917.58,727376.68,413540.9,110385.47,2715659.88,-2412504.45,81494.11,0.0135,15400.58,0.0269,43,4.28,286,6.1,0.9771,0.9095,11,9.0,4
2024-08,Retail,Busan,Marketplace,E-Office,Mass,12919,0.02826,365,394,0.03699,14,22,59346.35,1305619.6,804020.14,501599.45,142123.34,2818203.45,-2458727.34,93258.54,0.0299,39075.86,0.005,53,4.4,109,8.7,0.9343,0.9002,11,42.2,1
2024-08,Retail,Busan,Marketplace,E-Office,Affinity,16205,0.01774,287,353,0.03194,11,9,58629.4,527664.6,311849.05,215815.55,122124.98,2505605.23,-2411914.66,47969.51,0.0367,19360.19,0.042,19,4.34,792,9.9,0.9682,0.9726,9,22.5,2
2024-08,Retail,Busan,Marketplace,E-Office,VIP,13049,0.02899,378,408,0.02363,9,13,61236.78,796078.12,522178.69,273899.43,161771.17,810438.07,-698309.81,88453.12,0.0149,11856.84,0.0269,27,4.34,574,9.7,0.962,0.9082,16,34.4,0
2024-08,Retail,Busan,Marketplace,F-Outdoor,Mass,13896,0.02384,331,419,0.02207,9,12,65285.33,783424.0,461031.02,322392.99,105909.23,1408876.62,-1192392.86,87047.11,0.0084,6542.87,0.0215,48,3.79,507,11.6,0.9667,0.897,4,24.4,0
2024-08,Retail,Busan,Marketplace,F-Outdoor,Affinity,12984,0.03135,407,496,0.01956,9,6,64141.99,384851.94,233590.45,151261.48,177635.64,52264.91,-78639.07,42761.33,0.0245,9433.61,0.0381,39,4.39,626,4.5,0.9455,0.8943,15,30.9,2
2024-08,Retail,Busan,Marketplace,F-Outdoor,VIP,9481,0.02996,284,329,0.03614,11,6,62327.25,373963.5,240122.09,133841.42,85427.56,1758851.1,-1710437.25,33996.68,0.0433,16203.7,0.0112,33,4.23,361,5.1,0.9276,0.8994,10,16.1,0
2024-08,Retail,Busan,App,A-Standard,Mass,9639,0.02778,267,351,0.02053,7,8,31031.8,248254.43,176094.57,72159.86,96631.05,2634017.69,-2658488.87,35464.92,0.0297,7365.05,0.0476,37,3.71,315,8.8,0.9554,0.8716,9,36.2,0
2024-08,Retail,Busan,App,A-Standard,Affinity,10199,0.02728,278,301,0.03265,9,14,30301.92,424226.93,289295.28,134931.65,96014.82,2683688.57,-2644771.74,47136.33,0.0386,16383.38,0.0339,52,4.19,477,6.7,0.907,0.9255,8,30.5,1
2024-08,Retail,Busan,App,A-Standard,VIP,9325,0.01496,139,171,0.02958,5,6,30907.6,185445.62,126134.85,59310.78,71165.39,59522.06,-71376.67,37089.12,0.0553,10262.08,0.0237,37,4.36,273,4.8,0.9369,0.9586,6,26.2,0
2024-08,Retail,Busan,App,B-Pro,Mass,7739,0.02352,182,227,0.02154,4,3,45278.7,135836.09,84881.0,50955.09,100078.04,1917847.09,-1966970.03,33959.02,0.0603,8196.54,0.0382,53,4.43,494,10.7,1.0,0.9593,18,29.5,0
2024-08,Retail,Busan,App,B-Pro,Affinity,9411,0.02064,194,243,0.02429,5,4,46671.55,186686.2,119517.32,67168.88,96462.3,356996.45,-386289.87,37337.24,0.0339,6325.91,0.0254,30,3.88,529,8.0,0.9993,0.9379,9,27.3,0
2024-08,Retail,Busan,App,B-Pro,VIP,10472,0.02988,312,398,0.03218,12,14,45856.48,641990.74,439285.86,202704.88,111369.85,2083120.66,-1991785.63,53499.23,0.0246,15772.16,0.0289,28,4.51,479,4.7,0.9449,0.8786,7,25.1,0
2024-08,Retail,Busan,App,C-Ultra,Mass,9837,0.02607,256,276,0.026,7,9,69535.11,625815.98,374676.8,251139.18,111564.32,2806343.59,-2666768.73,89402.28,0.0089,5563.94,0.0421,45,4.19,650,10.3,0.9419,0.9794,17,27.3,4
2024-08,Retail,Busan,App,C-Ultra,Affinity,9812,0.01081,106,125,0.02041,2,3,72313.05,216939.16,129449.56,87489.6,46003.34,2970120.37,-2928634.11,108469.58,0.0423,9170.29,0.0396,43,4.77,377,9.0,0.9727,0.901,16,15.7,1
2024-08,Retail,Busan,App,C-Ultra,VIP,11110,0.02807,311,385,0.03364,12,13,71049.32,923641.18,587598.4,336042.78,166686.02,1464931.74,-1295574.98,76970.1,0.056,51754.28,0.0442,71,3.9,510,11.8,0.978,0.924,10,21.0,1
2024-08,Retail,Busan,App,D-Home,Mass,11181,0.0227,253,286,0.01339,3,3,52837.74,158513.23,106560.98,51952.25,125298.61,1564062.21,-1637408.57,52837.74,0.047,7453.26,0.0467,41,4.02,380,8.2,0.9173,0.9553,2,17.3,0
2024-08,Retail,Busan,App,D-Home,Affinity,10327,0.01867,192,244,0.01902,4,3,53086.18,159258.55,104537.12,54721.43,125260.41,1824259.88,-1894798.86,39814.64,0.0711,11325.79,0.0299,57,3.82,671,6.4,0.9957,0.9079,14,12.6,0
2024-08,Retail,Busan,App,D-Home,VIP,9560,0.02542,243,286,0.02483,7,10,55071.26,550712.62,343464.93,207247.69,120273.14,2841112.5,-2754137.95,78673.23,0.0414,22813.38,0.0282,31,4.34,98,8.9,0.9529,0.9578,14,27.7,0
2024-08,Retail,Busan,App,E-Office,Mass,10113,0.01346,136,173,0.0299,5,10,62090.55,620905.48,381073.66,239831.82,93975.01,2435185.83,-2289329.01,124181.1,0.0239,14860.29,0.0481,50,4.75,579,6.6,0.9827,0.9753,12,24.7,1
2024-08,Retail,Busan,App,E-Office,Affinity,8773,0.02426,212,245,0.02774,6,6,57949.36,347696.17,203153.4,144542.77,112671.34,1049303.87,-1017432.44,57949.36,0.0319,11105.65,0.0187,41,4.33,728,6.6,1.0,0.9379,12,29.6,1
2024-08,Retail,Busan,App,E-Office,VIP,12003,0.0236,283,325,0.02122,6,6,61472.31,368833.84,219158.8,149675.04,94338.42,302940.29,-247603.66,61472.31,0.0492,18146.69,0.0399,26,4.52,817,5.9,0.9732,1.0,0,22.3,0
2024-08,Retail,Busan,App,F-Outdoor,Mass,7864,0.01772,139,162,0.02564,4,8,62103.44,496827.48,316694.09,180133.39,56851.57,2670458.99,-2547177.18,124206.87,0.0618,30715.48,0.0464,36,4.15,0,9.9,1.0,1.0,13,15.4,0
2024-08,Retail,Busan,App,F-Outdoor,Affinity,8828,0.03183,280,319,0.03289,10,15,62086.65,931299.8,534228.69,397071.11,88153.36,280632.9,28284.84,93129.98,0.0342,31838.49,0.0369,48,4.02,535,6.9,0.9383,0.9613,25,37.7,0
2024-08,Retail,Busan,App,F-Outdoor,VIP,9407,0.02331,219,250,0.02997,7,9,63042.59,567383.33,325789.01,241594.33,74071.13,2112537.89,-1945014.7,81054.76,0.036,20436.34,0.0367,50,4.2,714,4.1,0.9606,0.9029,15,26.4,1
2024-08,Online,Seoul,Direct,A-Standard,Mass,16774,0.02684,450,521,0.01846,9,18,31250.6,562510.76,398354.3,164156.46,258283.59,3100105.53,-3194232.65,62501.2,0.058,32616.39,0.0545,54,4.14,629,6.0,0.9798,0.9932,15,26.3,0
2024-08,Online,Seoul,Direct,A-Standard,Affinity,11983,0.02202,263,301,0.02036,6,7,28694.16,200859.1,142376.36,58482.74,154286.46,81647.81,-177451.53,33476.52,0.0573,11513.76,0.0295,49,4.11,482,6.8,0.9416,0.8889,5,27.8,0
2024-08,Online,Seoul,Direct,A-Standard,VIP,17331,0.03092,535,710,0.02379,16,19,29130.29,553475.44,386167.65,167307.79,168359.15,1176644.2,-1177695.56,34592.22,0.0438,24240.6,0.0216,39,3.59,356,9.4,0.9952,0.935,15,30.3,4
2024-08,Online,Seoul,Direct,B-Pro,Mass,18065,0.01579,285,319,0.02229,7,10,44127.75,441277.52,300123.1,141154.42,108842.41,3030794.38,-2998482.37,63039.65,0.0474,20908.08,0.0497,40,4.76,276,7.8,0.9254,0.9027,28,10.2,0
2024-08,Online,Seoul,Direct,B-Pro,Affinity,13978,0.02567,358,420,0.02355,9,16,43229.38,691670.0,443722.19,247947.82,200688.28,2759605.81,-2712346.27,76852.22,0.0267,18452.18,0.0281,44,4.47,504,6.7,0.9562,0.9778,6,39.8,0
2024-08,Online,Seoul,Direct,B-Pro,VIP,15093,0.01708,257,271,0.02706,7,8,42767.17,342137.38,216325.97,125811.4,158678.4,291478.43,-324345.43,48876.77,0.0,0.0,0.0442,42,4.33,655,2.3,0.9617,0.9284,25,34.7,2
2024-08,Online,Seoul,Direct,C-Ultra,Mass,17734,0.02252,399,520,0.00999,5,6,66625.48,399752.86,224758.97,174993.9,149921.78,2874426.43,-2849354.31,79950.57,0.05,19998.56,0.0182,46,4.19,474,6.3,0.9688,0.844,19,34.2,0
2024-08,Online,Seoul,Direct,C-Ultra,Affinity,14475,0.02465,356,429,0.02161,9,7,66832.26,467825.82,279844.97,187980.86,183980.59,822307.12,-818306.85,51980.65,0.0128,5970.31,0.0402,62,4.64,64,8.3,0.9187,0.941,15,26.7,0
2024-08,Online,Seoul,Direct,C-Ultra,VIP,14123,0.02832,399,478,0.02582,12,18,72424.42,1303639.56,784700.1,518939.46,142178.36,2031967.73,-1655206.63,108636.63,0.0328,42748.26,0.0326,43,5.0,494,7.8,0.9366,0.912,9,21.4,1
2024-08,Online,Seoul,Direct,D-Home,Mass,14511,0.02302,334,399,0.02244,8,10,57658.55,576585.52,373761.23,202824.29,91137.22,2806242.86,-2694555.79,72073.19,0.0446,25725.89,0.0439,55,4.41,764,6.0,0.9262,0.8658,16,43.5,2
2024-08,Online,Seoul,Direct,D-Home,Affinity,14707,0.02918,429,509,0.02326,11,11,52356.27,575918.97,352092.61,223826.35,242605.28,940187.74,-958966.67,52356.27,0.0076,4381.11,0.0274,53,4.47,551,5.7,0.9693,0.9411,17,35.3,1
2024-08,Online,Seoul,Direct,D-Home,VIP,15220,0.01763,268,325,0.0261,8,10,53948.38,539483.83,348889.73,190594.1,80854.25,2097321.49,-1987581.63,67435.48,0.0351,18915.2,0.0279,44,4.09,661,3.6,0.9567,0.9717,10,21.1,0
2024-08,Online,Seoul,Direct,E-Office,Mass,16766,0.02298,385,454,0.02906,13,19,62739.53,1192051.02,751604.7,440446.32,165437.65,605143.33,-330134.66,91696.23,0.038,45296.86,0.0397,40,4.56,103,6.9,0.9385,0.9681,3,27.4,1
2024-08,Online,Seoul,Direct,E-Office,Affinity,18168,0.01985,360,458,0.03283,15,15,61223.38,918350.65,593412.54,324938.11,157447.72,719640.03,-552149.65,61223.38,0.0231,21184.03,0.0177,28,4.06,392,7.7,0.9411,0.8817,10,22.6,0
2024-08,Online,Seoul,Direct,E-Office,VIP,16660,0.03444,573,695,0.02517,17,24,62929.75,1510313.94,930576.71,579737.23,313730.4,527040.67,-261033.84,88842.0,0.0232,35069.51,0.0271,55,4.37,543,12.6,0.9819,0.9167,8,22.3,1
2024-08,Online,Seoul,Direct,F-Outdoor,Mass,18118,0.04037,731,927,0.02158,20,19,68063.15,1293199.77,786705.21,506494.56,266499.92,523386.65,-283392.01,64659.99,0.0321,41509.25,0.0388,46,4.28,643,7.7,0.9594,0.9808,18,37.6,1
2024-08,Online,Seoul,Direct,F-Outdoor,Affinity,15814,0.02464,389,479,0.02273,10,14,67648.56,947079.9,610986.1,336093.8,229734.9,1818158.13,-1711799.23,94707.99,0.0349,33069.03,0.0232,36,4.47,1166,6.3,0.928,1.0,12,37.0,1
2024-08,Online,Seoul,Direct,F-Outdoor,VIP,11206,0.03595,402,521,0.03545,18,21,68149.13,1431131.77,885812.09,545319.68,162258.52,1550768.51,-1167707.35,79507.32,0.0289,41333.38,0.0252,19,4.38,664,4.9,0.9403,0.9361,10,41.4,0
2024-08,Online,Seoul,Partner,A-Standard,Mass,13956,0.03065,427,491,0.01195,5,6,28935.1,173610.6,121607.24,52003.36,175279.72,685463.55,-808739.91,34722.12,0.065,11289.81,0.0472,50,4.18,753,3.4,0.9832,0.9344,10,21.7,0
2024-08,Online,Seoul,Partner,A-Standard,Affinity,11823,0.02825,333,391,0.02803,10,11,30015.38,330169.16,223142.91,107026.26,102013.42,2836345.96,-2831333.13,33016.92,0.0145,4785.97,0.0504,36,3.83,379,9.2,0.9759,0.965,12,35.3,0
2024-08,Online,Seoul,Partner,A-Standard,VIP,10691,0.01519,162,200,0.03042,6,3,28882.09,86646.28,57169.55,29476.74,85103.9,613852.71,-669479.87,14441.05,0.0362,3134.34,0.0357,27,3.63,1047,9.3,0.9309,0.9284,23,27.8,0
2024-08,Online,Seoul,Partner,B-Pro,Mass,10919,0.02942,321,379,0.01888,7,10,45251.69,452516.86,291960.14,160556.72,121512.73,721017.94,-681973.95,64645.27,0.0179,8079.92,0.0361,12,4.04,728,5.7,0.9695,0.9031,2,43.1,1
2024-08,Online,Seoul,Partner,B-Pro,Affinity,10495,0.03091,324,358,0.02304,8,10,43521.26,435212.62,273875.33,161337.29,158098.32,122725.47,-119486.5,54401.58,0.0324,14084.75,0.0424,38,4.41,828,9.6,0.9307,0.9355,11,36.9,0
2024-08,Online,Seoul,Partner,B-Pro,VIP,15773,0.01784,281,319,0.02993,9,11,45864.27,504506.93,312929.67,191577.26,97369.61,448819.92,-354612.27,56056.33,0.0386,19449.26,0.0267,47,4.23,611,5.2,0.9902,0.9018,5,35.3,0
2024-08,Online,Seoul,Partner,C-Ultra,Mass,14122,0.02875,406,504,0.01984,9,9,70058.58,630527.22,394627.66,235899.57,225909.98,68845.67,-58856.09,70058.58,0.0531,33487.97,0.0239,38,3.97,434,8.4,0.9193,0.8977,5,24.0,2
2024-08,Online,Seoul,Partner,C-Ultra,Affinity,17104,0.02471,422,545,0.01787,9,8,73132.5,585060.01,341667.62,243392.39,162529.56,2083126.15,-2002263.32,65006.67,0.0354,20727.59,0.0244,38,4.77,1054,6.8,0.9337,0.9343,5,18.1,0
2024-08,Online,Seoul,Partner,C-Ultra,VIP,13655,0.02072,282,304,0.02571,7,8,72554.19,580433.49,356440.95,223992.54,163017.21,2295838.0,-2234862.67,82919.07,0.0146,8473.76,0.0286,31,4.17,274,10.0,0.9907,0.9042,10,31.6,2
2024-08,Online,Seoul,Partner,D-Home,Mass,12328,0.01957,241,282,0.02502,7,9,57571.18,518140.6,315508.48,202632.12,159119.92,1260334.95,-1216822.75,74020.09,0.0547,28328.78,0.0201,25,3.96,971,6.2,0.9452,0.9182,14,36.4,1
2024-08,Online,Seoul,Partner,D-Home,Affinity,11779,0.02693,317,397,0.03341,13,21,54266.42,1139594.89,692872.63,446722.26,112218.26,1962187.21,-1627683.2,87661.15,0.0402,45795.44,0.0369,43,4.3,626,8.7,1.0,0.9284,13,23.7,0
2024-08,Online,Seoul,Partner,D-Home,VIP,11896,0.02626,312,396,0.03237,12,22,55385.49,1218480.72,756270.64,462210.08,154144.98,1742874.46,-1434809.36,101540.06,0.0543,66137.21,0.0156,39,4.21,530,2.0,0.9423,0.8363,16,16.5,1
2024-08,Online,Seoul,Partner,E-Office,Mass,12101,0.02433,294,326,0.03058,9,11,62785.34,690638.79,452953.28,237685.51,131248.38,2697058.64,-2590621.51,76737.64,0.0371,25650.85,0.0457,65,3.69,676,8.2,1.0,0.9629,23,24.5,5
2024-08,Online,Seoul,Partner,E-Office,Affinity,10123,0.03856,390,412,0.0265,10,7,60968.98,426782.84,269574.16,157208.69,211369.36,1390183.26,-1444343.94,42678.28,0.0301,12837.44,0.0305,18,4.33,373,5.7,0.9723,0.9003,8,32.7,3
2024-08,Online,Seoul,Partner,E-Office,VIP,12092,0.02855,345,442,0.02064,9,7,57842.99,404900.95,236665.48,168235.47,109012.6,2279646.38,-2220423.51,44988.99,0.0161,6513.88,0.0311,24,4.46,128,9.3,0.9351,0.9231,9,27.4,3
2024-08,Online,Seoul,Partner,F-Outdoor,Mass,10925,0.03958,432,567,0.02336,13,13,68180.62,886348.02,531238.75,355109.27,112092.53,302135.14,-59118.4,68180.62,0.011,9781.9,0.0399,56,4.38,789,10.9,0.9794,0.9672,11,33.3,0
2024-08,Online,Seoul,Partner,F-Outdoor,Affinity,14812,0.02064,305,325,0.03256,10,13,65891.44,856588.78,544436.24,312152.53,112839.93,610490.71,-411178.1,85658.88,0.031,26544.63,0.0209,37,4.55,603,6.1,0.91,0.9471,11,40.8,0
2024-08,Online,Seoul,Partner,F-Outdoor,VIP,15162,0.02282,346,429,0.03641,15,20,66199.92,1323998.41,758746.38,565252.04,148430.58,2622367.24,-2205545.78,88266.56,0.0178,23625.79,0.031,32,3.92,812,5.2,0.9499,1.0,6,22.1,0
2024-08,Online,Seoul,Marketplace,A-Standard,Mass,23922,0.03133,749,913,0.0342,31,46,30619.41,1408492.89,915201.49,493291.41,147559.41,1468044.69,-1122312.7,45435.25,0.0738,103932.18,0.0414,30,4.13,606,7.4,0.9511,0.9297,5,32.2,3
2024-08,Online,Seoul,Marketplace,A-Standard,Affinity,21568,0.0243,524,672,0.0285,19,23,31342.53,720878.3,475186.3,245691.99,214504.37,2369484.21,-2338296.59,37940.96,0.0349,25141.01,0.014,30,3.98,654,3.4,0.9392,0.9169,13,18.9,2
2024-08,Online,Seoul,Marketplace,A-Standard,VIP,17344,0.02684,465,504,0.02368,11,10,31486.98,314869.77,215739.74,99130.03,162848.12,864757.58,-928475.68,28624.52,0.0186,5858.34,0.0255,43,3.9,620,8.5,0.9424,0.9334,18,27.5,0
2024-08,Online,Seoul,Marketplace,B-Pro,Mass,17113,0.02046,350,440,0.02564,11,18,43900.73,790213.06,514112.87,276100.19,128769.24,969678.13,-822347.19,71837.55,0.0315,24865.84,0.0289,35,3.69,462,5.7,1.0,0.8225,6,22.9,0
2024-08,Online,Seoul,Marketplace,B-Pro,Affinity,22308,0.02295,511,648,0.02443,15,16,44890.54,718248.57,468693.62,249554.96,260912.95,2955795.29,-2967153.29,47883.24,0.03,21561.9,0.0481,17,3.92,410,3.9,0.9796,0.9209,18,20.7,0
2024-08,Online,Seoul,Marketplace,B-Pro,VIP,20588,0.03113,640,697,0.02054,14,21,43435.33,912141.93,563320.95,348820.98,381553.51,1636847.27,-1669579.79,65153.0,0.0365,33267.25,0.0394,54,4.81,322,6.7,0.9492,0.9198,6,31.8,0
2024-08,Online,Seoul,Marketplace,C-Ultra,Mass,16013,0.02618,419,464,0.02737,12,20,71267.03,1425340.61,823309.8,602030.81,165673.77,1115300.25,-678943.2,118778.38,0.0383,54626.68,0.0221,49,5.0,774,7.4,0.9518,0.9739,0,31.6,0
2024-08,Online,Seoul,Marketplace,C-Ultra,Affinity,24617,0.02007,494,645,0.02771,17,23,69133.08,1590060.78,990056.82,600003.96,217876.38,2221336.55,-1839208.97,93532.99,0.0469,74552.74,0.0252,74,4.58,581,5.4,0.9735,0.9636,19,26.4,0
2024-08,Online,Seoul,Marketplace,C-Ultra,VIP,14787,0.03172,469,586,0.02453,14,14,68528.44,959398.1,590450.64,368947.46,183697.2,1553240.34,-1367990.08,68528.44,0.0454,43565.77,0.0329,34,4.41,702,7.5,0.947,0.9251,2,24.7,0
2024-08,Online,Seoul,Marketplace,D-Home,Mass,13150,0.01292,169,194,0.02278,4,4,52646.35,210585.42,142024.71,68560.71,113417.54,199068.3,-243925.13,52646.35,0.0664,13981.96,0.0294,34,4.13,520,12.2,0.9167,0.9582,12,6.0,1
2024-08,Online,Seoul,Marketplace,D-Home,Affinity,15561,0.02609,405,521,0.03313,17,26,54710.87,1422482.66,861306.8,561175.86,138445.93,2425181.85,-2002451.91,83675.45,0.0501,71252.16,0.033,22,3.97,425,7.7,0.9514,0.9367,11,31.8,0
2024-08,Online,Seoul,Marketplace,D-Home,VIP,18065,0.01685,304,392,0.03826,14,20,53875.8,1077516.06,654862.18,422653.88,171789.24,2820772.58,-2569907.94,76965.43,0.0289,31157.06,0.0171,48,4.27,957,7.2,0.9684,0.8422,10,38.0,1
2024-08,Online,Seoul,Marketplace,E-Office,Mass,14506,0.0353,512,607,0.032,19,16,62520.21,1000323.39,622291.28,378032.11,256070.19,2505041.21,-2383079.29,52648.6,0.0307,30717.21,0.0413,36,4.01,655,5.6,0.9831,0.8902,6,40.0,0
2024-08,Online,Seoul,Marketplace,E-Office,Affinity,20176,0.02135,430,497,0.02102,10,11,60508.62,665594.81,420100.51,245494.3,226053.07,1086004.04,-1066562.8,66559.48,0.0195,12994.84,0.0471,30,4.16,326,6.3,0.9469,0.9007,13,34.1,0
2024-08,Online,Seoul,Marketplace,E-Office,VIP,19879,0.02756,547,684,0.03702,25,39,57535.79,2243895.99,1386936.07,856959.92,142613.54,471529.31,242817.07,89755.84,0.0461,103344.1,0.0519,15,3.56,1004,8.6,0.937,0.9677,17,23.7,0
2024-08,Online,Seoul,Marketplace,F-Outdoor,Mass,20063,0.01894,380,401,0.03095,12,11,63117.16,694288.73,431334.49,262954.25,204034.31,892065.89,-833145.95,57857.39,0.0496,34459.02,0.0405,64,4.98,646,6.4,0.943,0.8668,13,17.6,0
2024-08,Online,Seoul,Marketplace,F-Outdoor,Affinity,22946,0.0184,422,528,0.02489,13,15,66407.18,996107.75,613359.18,382748.56,180249.67,1469844.71,-1267345.82,76623.67,0.0265,26379.67,0.0352,45,4.36,983,5.1,0.9403,0.8756,4,30.0,0
2024-08,Online,Seoul,Marketplace,F-Outdoor,VIP,18046,0.02181,393,460,0.03405,15,27,67218.4,1814896.71,1077117.29,737779.42,180964.12,852200.71,-295385.41,120993.11,0.0241,43737.19,0.0476,53,4.61,289,7.2,0.929,0.9708,8,37.1,0
2024-08,Online,Seoul,App,A-Standard,Mass,17457,0.03057,533,699,0.02636,18,32,28931.28,925800.84,603134.78,322666.06,178700.27,1456267.52,-1312301.73,51433.38,0.0501,46349.69,0.0164,30,4.57,1504,8.0,0.9922,0.8786,10,26.4,4
2024-08,Online,Seoul,App,A-Standard,Affinity,16543,0.01486,245,271,0.02654,7,7,31191.45,218340.17,150916.02,67424.15,176603.93,426097.98,-535277.76,31191.45,0.0238,5190.96,0.0454,43,4.19,834,8.1,0.9812,0.9332,21,37.7,3
2024-08,Online,Seoul,App,A-Standard,VIP,17396,0.01163,202,223,0.03579,7,9,30972.06,278748.58,182508.52,96240.07,118836.26,2839340.37,-2861936.57,39821.23,0.05,13948.1,0.0274,47,3.91,888,7.5,0.9589,0.9163,3,31.6,1
2024-08,Online,Seoul,App,B-Pro,Mass,15527,0.01714,266,291,0.02901,8,11,45278.86,498067.5,312831.04,185236.45,149435.45,2038686.02,-2002885.01,62258.44,0.0314,15635.54,0.0485,49,3.58,999,8.9,0.9687,0.9523,19,34.0,0
2024-08,Online,Seoul,App,B-Pro,Affinity,16311,0.02561,417,467,0.02247,10,15,42880.32,643204.75,396063.53,247141.21,162996.08,1028310.39,-944165.25,64320.47,0.0077,4930.96,0.0351,18,4.42,747,5.3,0.9548,0.8926,12,28.4,0
2024-08,Online,Seoul,App,B-Pro,VIP,14330,0.02125,304,352,0.0351,12,18,45384.99,816929.73,525136.43,291793.3,159051.27,1383657.19,-1250915.17,68077.48,0.0427,34876.13,0.0224,28,3.96,811,7.0,0.9692,1.0,4,33.7,0
2024-08,Online,Seoul,App,C-Ultra,Mass,14213,0.02879,409,468,0.02585,12,16,68563.88,1097022.1,651303.43,445718.68,180069.41,2430281.64,-2164632.37,91418.51,0.0281,30847.66,0.0459,50,4.57,865,6.0,0.989,0.8893,14,33.8,0
2024-08,Online,Seoul,App,C-Ultra,Affinity,15656,0.03468,542,585,0.02332,13,20,67755.8,1355115.96,764606.43,590509.53,169932.66,413976.05,6600.81,104239.69,0.0264,35784.37,0.0283,45,3.92,375,4.2,0.9465,0.8688,17,25.5,1
2024-08,Online,Seoul,App,C-Ultra,VIP,17063,0.01742,297,360,0.04143,14,18,66887.61,1203976.89,737136.89,466840.0,166714.22,754276.1,-454150.32,85998.35,0.0179,21540.99,0.0597,36,4.08,439,6.1,0.9067,0.8952,4,38.1,0
2024-08,Online,Seoul,App,D-Home,Mass,14418,0.02351,338,376,0.02873,10,9,55223.26,497009.38,302600.96,194408.42,125744.14,2752083.66,-2683419.38,49700.94,0.0809,40211.59,0.035,36,3.72,586,8.7,0.9586,0.901,12,41.5,0
2024-08,Online,Seoul,App,D-Home,Affinity,10985,0.03084,338,367,0.03067,11,17,56566.72,961634.31,583558.19,378076.12,114003.29,2871131.16,-2607058.32,87421.3,0.0211,20330.91,0.0346,25,4.51,682,7.1,0.9999,0.9836,10,20.6,0
2024-08,Online,Seoul,App,D-Home,VIP,12521,0.0189,236,256,0.03604,9,9,55084.76,495762.83,333319.43,162443.4,132247.06,320350.71,-290154.36,55084.76,0.052,25759.78,0.0341,44,4.61,655,7.3,0.9715,0.8815,12,35.5,0
2024-08,Online,Seoul,App,E-Office,Mass,12562,0.01533,192,218,0.01973,4,4,59140.78,236563.1,148818.28,87744.82,97933.58,2725031.02,-2735219.77,59140.78,0.0606,14336.38,0.0398,34,3.62,621,8.3,0.9787,0.8672,5,38.6,0
2024-08,Online,Seoul,App,E-Office,Affinity,15943,0.02847,453,487,0.03242,15,21,58412.24,1226656.97,784052.29,442604.68,136628.01,2394799.95,-2088823.28,81777.13,0.0351,43035.18,0.0423,31,4.02,448,4.3,0.9867,0.9333,29,19.1,6
2024-08,Online,Seoul,App,E-Office,VIP,12547,0.01096,137,169,0.02516,4,5,60449.07,302245.36,188202.54,114042.82,63290.85,530569.59,-479817.62,75561.34,0.0346,10446.54,0.025,48,4.06,560,8.2,0.9788,0.9662,10,19.4,0
2024-08,Online,Seoul,App,F-Outdoor,Mass,13766,0.03063,421,520,0.02169,11,15,61987.0,929804.96,561937.44,367867.52,130208.61,2489741.0,-2252082.09,84527.72,0.057,52958.24,0.0317,33,3.95,852,7.7,0.9201,0.884,7,24.8,0
2024-08,Online,Seoul,App,F-Outdoor,Affinity,14323,0.02673,382,471,0.01047,4,5,63274.51,316372.55,199085.02,117287.52,176504.75,565497.13,-624714.36,79093.14,0.0335,10603.6,0.0497,32,3.86,784,7.6,0.9739,0.9059,5,34.5,0
2024-08,Online,Seoul,App,F-Outdoor,VIP,15474,0.01375,212,232,0.02423,5,4,66531.28,266125.13,164260.0,101865.13,109634.17,378982.45,-386751.49,53225.03,0.0388,10315.51,0.0167,47,3.53,807,7.1,0.9497,0.9284,0,25.4,0
2024-08,Online,Busan,Direct,A-Standard,Mass,11112,0.02445,271,310,0.02632,8,9,31487.55,283387.92,184841.89,98546.03,101395.81,236981.23,-239831.01,35423.49,0.0327,9277.08,0.0432,26,4.22,435,5.9,0.924,0.9526,17,28.4,3
2024-08,Online,Busan,Direct,A-Standard,Affinity,16272,0.02836,461,506,0.02209,11,8,31423.79,251390.3,178726.21,72664.09,208137.52,2260813.92,-2396287.34,22853.66,0.0003,66.84,0.037,47,3.97,251,9.1,0.9303,1.0,6,17.1,2
2024-08,Online,Busan,Direct,A-Standard,VIP,10898,0.02478,270,318,0.03644,11,12,28731.85,344782.15,232756.06,112026.09,59960.08,2241809.15,-2189743.15,31343.83,0.048,16549.03,0.032,24,4.54,629,9.0,0.9493,0.899,6,31.5,5
2024-08,Online,Busan,Direct,B-Pro,Mass,9867,0.02921,288,341,0.02433,8,13,45156.35,587032.49,382338.1,204694.39,165973.45,164826.03,-126105.09,73379.06,0.0211,12387.53,0.0399,30,4.07,524,7.1,0.9312,0.896,17,8.1,0
2024-08,Online,Busan,Direct,B-Pro,Affinity,9727,0.02787,271,358,0.03383,12,21,47178.57,990749.94,663562.55,327187.39,100722.82,1257655.39,-1031190.83,82562.49,0.0182,18020.38,0.0524,48,4.58,421,6.5,0.9811,0.9548,6,36.8,0
2024-08,Online,Busan,Direct,B-Pro,VIP,10968,0.03953,433,491,0.02585,12,14,44871.71,628204.0,400695.44,227508.56,97703.16,880947.48,-751142.09,52350.33,0.0106,6685.76,0.0315,25,3.72,951,4.5,0.9962,0.9927,11,18.2,0
2024-08,Online,Busan,Direct,C-Ultra,Mass,8030,0.02318,186,234,0.01854,4,6,68441.18,410647.08,259608.46,151038.62,105688.11,1697574.55,-1652224.04,102661.77,0.084,34501.68,0.0443,39,4.5,649,10.5,0.9754,1.0,15,32.9,1
2024-08,Online,Busan,Direct,C-Ultra,Affinity,16407,0.01795,294,322,0.03285,10,15,72108.52,1081627.86,656361.96,425265.91,108183.1,2327653.26,-2010570.46,108162.79,0.047,50794.64,0.0389,35,3.94,548,7.9,0.947,0.8817,6,22.1,0
2024-08,Online,Busan,Direct,C-Ultra,VIP,12880,0.02366,304,331,0.02893,9,11,68004.78,748052.54,431175.16,316877.38,169265.43,3056993.52,-2909381.58,83116.95,0.017,12720.58,0.0172,30,4.1,425,4.7,0.927,0.9196,9,49.9,1
2024-08,Online,Busan,Direct,D-Home,Mass,12285,0.0255,313,361,0.0245,8,12,54068.84,648826.08,402266.73,246559.35,148039.78,2764698.1,-2666178.53,81103.26,0.0316,20511.09,0.0362,63,4.78,68,6.0,0.9986,0.9054,5,34.9,1
2024-08,Online,Busan,Direct,D-Home,Affinity,10134,0.02137,216,233,0.01272,2,2,54495.24,108990.48,72511.4,36479.08,101702.12,1438147.61,-1503370.65,54495.24,0.0398,4338.84,0.0359,60,4.65,387,4.0,0.9743,1.0,10,43.5,0
2024-08,Online,Busan,Direct,D-Home,VIP,9706,0.0264,256,302,0.02818,8,6,56586.4,339518.39,223504.37,116014.02,87867.2,1895884.46,-1867737.64,42439.8,0.0358,12147.53,0.0132,52,4.56,615,6.9,0.9403,0.9252,19,13.0,0
2024-08,Online,Busan,Direct,E-Office,Mass,8548,0.02234,190,238,0.02213,5,3,60576.39,181729.18,115697.29,66031.89,95868.5,2971619.83,-3001456.45,36345.84,0.022,3989.91,0.0295,37,4.22,767,7.3,0.9976,0.989,0,34.1,3
2024-08,Online,Busan,Direct,E-Office,Affinity,12508,0.02471,309,334,0.02558,8,11,59340.92,652750.12,406655.01,246095.11,81120.57,2606121.23,-2441146.68,81593.77,0.0269,17562.75,0.0327,39,4.88,587,6.8,0.9714,0.951,9,41.5,0
2024-08,Online,Busan,Direct,E-Office,VIP,12113,0.01866,225,243,0.02587,6,6,58497.73,350986.37,216059.08,134927.29,111535.77,2082770.34,-2059378.83,58497.73,0.0368,12925.28,0.0215,24,4.89,803,8.8,0.9596,0.9547,11,35.8,4
2024-08,Online,Busan,Direct,F-Outdoor,Mass,10888,0.02964,322,353,0.02358,8,9,65885.09,592965.77,371495.06,221470.72,94881.29,1265983.52,-1139394.1,74120.72,0.057,33785.29,0.0264,44,4.26,560,9.8,0.9766,0.9283,13,30.4,0
2024-08,Online,Busan,Direct,F-Outdoor,Affinity,9361,0.02786,260,326,0.02795,9,15,66778.76,1001681.37,612949.54,388731.83,67002.9,1085344.23,-763615.3,111297.93,0.0505,50587.88,0.0338,44,4.35,605,5.1,0.935,0.948,7,11.7,0
2024-08,Online,Busan,Direct,F-Outdoor,VIP,11981,0.01559,186,236,0.02907,6,7,62036.11,434252.8,266198.08,168054.72,132687.47,1956877.14,-1921509.89,72375.47,0.0387,16804.61,0.026,47,4.92,610,6.0,0.9242,0.9542,7,29.3,1
2024-08,Online,Busan,Partner,A-Standard,Mass,10174,0.01996,203,249,0.02368,5,7,30411.41,212879.9,147931.63,64948.26,130384.27,1735356.56,-1800792.57,42575.98,0.0516,10976.57,0.0466,57,4.0,183,7.6,0.9725,0.9459,17,20.4,0
2024-08,Online,Busan,Partner,A-Standard,Affinity,9624,0.02771,266,285,0.03627,10,9,28683.99,258155.87,178266.74,79889.13,87933.33,1630451.03,-1638495.23,25815.59,0.0401,10344.44,0.0317,48,4.52,507,7.1,0.9253,0.9159,19,29.7,0
2024-08,Online,Busan,Partner,A-Standard,VIP,10551,0.02482,261,279,0.02434,6,5,30051.11,150255.57,97557.95,52697.62,86311.91,2435217.67,-2468831.97,25042.59,0.044,6605.43,0.0148,36,3.72,726,6.9,0.9811,0.9218,10,32.4,2
2024-08,Online,Busan,Partner,B-Pro,Mass,10571,0.01532,161,173,0.01105,1,1,46723.21,46723.21,29899.72,16823.49,49937.88,2014189.66,-2047304.05,46723.21,0.0309,1443.26,0.0349,46,4.18,731,8.2,0.9762,0.8708,10,32.4,0
2024-08,Online,Busan,Partner,B-Pro,Affinity,11672,0.02067,241,304,0.02349,7,4,46797.21,187188.85,120822.18,66366.67,94165.32,2261494.98,-2289293.63,26741.26,0.0249,4652.95,0.0473,37,3.99,923,8.4,0.9919,0.9725,8,16.4,0
2024-08,Online,Busan,Partner,B-Pro,VIP,10393,0.026,270,336,0.03173,10,14,44026.77,616374.82,385962.27,230412.55,148900.35,1793569.54,-1712057.34,61637.48,0.0343,21141.53,0.036,34,4.52,868,4.6,0.9062,0.9581,12,34.2,2
2024-08,Online,Busan,Partner,C-Ultra,Mass,9746,0.03481,339,396,0.02418,9,12,73287.61,879451.33,519472.43,359978.9,198631.11,2812868.19,-2651520.41,97716.81,0.0341,29978.95,0.0351,60,4.4,793,6.7,0.9446,0.9247,21,24.8,5
2024-08,Online,Busan,Partner,C-Ultra,Affinity,8718,0.02919,254,282,0.01659,4,5,72101.34,360506.68,229357.83,131148.84,86287.91,1458091.96,-1413231.03,90126.67,0.0198,7124.8,0.0169,31,3.59,228,9.0,0.9876,0.9243,19,24.7,0
2024-08,Online,Busan,Partner,C-Ultra,VIP,8339,0.02741,228,300,0.02548,7,7,67465.68,472259.78,281405.23,190854.54,95344.15,2526932.69,-2431422.3,67465.68,0.0119,5628.86,0.0232,26,3.56,247,8.6,0.9712,0.9425,18,24.3,0
2024-08,Online,Busan,Partner,D-Home,Mass,11356,0.0159,180,196,0.02324,4,3,55493.15,166479.44,111033.84,55445.61,111927.05,2714166.28,-2770647.72,41619.86,0.0547,9112.76,0.0364,60,4.24,326,6.2,0.9446,1.0,6,38.6,0
2024-08,Online,Busan,Partner,D-Home,Affinity,9491,0.02546,241,309,0.02594,8,10,57113.86,571138.6,365333.11,205805.5,88515.0,246559.34,-129268.84,71392.33,0.0575,32834.5,0.0446,46,4.5,464,9.9,0.9309,0.9959,12,45.7,3
2024-08,Online,Busan,Partner,D-Home,VIP,10732,0.02244,240,287,0.03336,9,6,52286.78,313720.7,209814.42,103906.28,98811.18,1601126.97,-1596031.87,34857.86,0.0152,4776.68,0.0169,51,4.43,877,8.1,0.9423,0.8614,14,31.2,0
2024-08,Online,Busan,Partner,E-Office,Mass,10837,0.02473,267,312,0.01401,4,2,61756.92,123513.85,72788.13,50725.72,161949.22,473059.63,-584283.13,30878.46,0.0528,6525.66,0.0233,21,4.17,344,9.0,0.951,0.9979,3,40.7,3
2024-08,Online,Busan,Partner,E-Office,Affinity,11555,0.03575,413,487,0.01497,7,7,59913.63,419395.44,267608.49,151786.96,189060.37,3009297.81,-3046571.22,59913.63,0.0468,19636.34,0.0196,38,4.45,731,2.5,0.9736,0.9056,11,32.9,1
2024-08,Online,Busan,Partner,E-Office,VIP,7472,0.03276,244,293,0.02829,8,6,59715.14,358290.82,213057.65,145233.18,114309.7,2635897.17,-2604973.69,44786.35,0.0237,8509.24,0.0199,44,3.94,850,6.6,0.9727,0.9573,0,30.1,1
2024-08,Online,Busan,Partner,F-Outdoor,Mass,11333,0.03712,420,495,0.03163,15,20,62638.21,1252764.15,733746.01,519018.14,163753.54,2127904.25,-1772639.65,83517.61,0.0257,32149.93,0.0258,47,4.86,609,6.9,0.9472,0.9308,13,23.0,0
2024-08,Online,Busan,Partner,F-Outdoor,Affinity,10228,0.0294,300,328,0.03007,9,11,65291.31,718204.39,451104.24,267100.15,101265.38,1380272.78,-1214438.01,79800.49,0.0296,21242.27,0.0426,59,4.44,873,8.2,0.9394,0.9422,13,31.5,1
2024-08,Online,Busan,Partner,F-Outdoor,VIP,10504,0.02781,292,334,0.0386,12,10,68112.17,681121.69,401101.32,280020.37,84087.92,1796473.6,-1600541.15,56760.14,0.0273,18583.23,0.0322,30,4.55,536,7.1,1.0,0.9212,12,16.4,0
2024-08,Online,Busan,Marketplace,A-Standard,Mass,13168,0.02138,281,348,0.02514,8,13,29305.61,380972.98,255095.34,125877.64,150180.85,1867281.06,-1891584.27,47621.62,0.0107,4081.3,0.0414,60,4.37,921,6.0,0.8908,0.8952,13,31.8,0
2024-08,Online,Busan,Marketplace,A-Standard,Affinity,11007,0.02293,252,307,0.02634,8,8,28815.24,230521.94,162876.07,67645.88,111473.83,1639351.43,-1683179.39,28815.24,0.0685,15801.19,0.0231,45,4.34,308,4.6,1.0,0.9891,21,24.8,0
2024-08,Online,Busan,Marketplace,A-Standard,VIP,13939,0.02678,373,413,0.02806,11,8,30613.85,244910.84,163774.67,81136.17,175801.8,1438574.47,-1533240.11,22264.62,0.0645,15796.39,0.0301,15,4.11,865,4.2,0.9269,0.9468,15,32.7,4
2024-08,Online,Busan,Marketplace,B-Pro,Mass,15082,0.0295,444,589,0.01237,7,14,43738.63,612340.84,396144.05,216196.8,156157.46,233780.13,-173740.8,87477.26,0.0229,14047.9,0.0362,55,4.27,195,6.1,0.9429,0.9385,4,32.2,0
2024-08,Online,Busan,Marketplace,B-Pro,Affinity,15917,0.02561,407,513,0.01706,8,8,45802.94,366423.55,244818.03,121605.53,182829.82,2659019.29,-2720243.58,45802.94,0.0153,5594.43,0.0335,25,4.04,631,3.4,0.9386,0.9482,21,25.9,3
2024-08,Online,Busan,Marketplace,B-Pro,VIP,18603,0.02629,489,583,0.02716,15,24,46212.36,1109096.67,694193.16,414903.51,273016.3,660478.56,-518591.35,73939.78,0.044,48791.19,0.0249,36,4.45,667,3.6,0.9607,0.9523,5,25.3,0
2024-08,Online,Busan,Marketplace,C-Ultra,Mass,18708,0.02309,431,525,0.02151,11,12,67471.12,809653.49,463758.29,345895.2,218763.21,1178078.84,-1050946.85,73604.86,0.0465,37670.73,0.0172,48,3.61,762,7.5,0.9528,0.9415,15,24.0,0
2024-08,Online,Busan,Marketplace,C-Ultra,Affinity,19653,0.0226,444,500,0.02216,11,14,68637.84,960929.8,557964.17,402965.62,192283.85,253021.02,-42339.24,87357.25,0.047,45202.19,0.0243,27,4.48,631,5.1,0.9054,0.9642,7,48.0,3
2024-08,Online,Busan,Marketplace,C-Ultra,VIP,13130,0.0207,271,334,0.01947,6,9,71518.7,643668.33,388854.47,254813.86,108432.45,2243513.39,-2097131.98,107278.06,0.0175,11270.58,0.0413,43,4.43,615,3.5,0.9617,0.8855,14,26.5,2
2024-08,Online,Busan,Marketplace,D-Home,Mass,12191,0.02433,296,344,0.02341,8,11,55463.84,610102.24,374981.87,235120.36,189014.41,1811901.81,-1765795.85,76262.78,0.0382,23280.76,0.0303,37,3.99,657,5.9,0.9604,0.9632,18,39.4,0
2024-08,Online,Busan,Marketplace,D-Home,Affinity,12589,0.01954,245,286,0.01961,5,3,55579.19,166737.58,110325.3,56412.28,149406.87,1667384.62,-1760379.21,33347.52,0.0411,6850.06,0.0275,25,4.22,568,9.4,0.9857,0.9229,13,14.5,2
2024-08,Online,Busan,Marketplace,D-Home,VIP,21353,0.02726,582,696,0.02894,20,34,57526.91,1955914.84,1292680.7,663234.14,228706.04,2838587.21,-2404059.12,97795.74,0.067,130952.05,0.0376,28,3.66,811,10.4,0.9792,0.9073,10,48.6,1
2024-08,Online,Busan,Marketplace,E-Office,Mass,14338,0.02778,398,433,0.0284,12,10,58544.31,585443.11,355454.26,229988.85,129317.78,633738.2,-533067.13,48786.93,0.0349,20446.75,0.051,29,3.67,735,6.5,0.987,1.0,10,33.8,0
2024-08,Online,Busan,Marketplace,E-Office,Affinity,15948,0.02697,430,527,0.0312,16,24,61502.88,1476069.21,942132.63,533936.58,123719.06,527598.67,-117381.15,92254.33,0.0342,50440.15,0.019,38,4.09,1411,6.7,0.9467,0.8554,8,30.7,0
2024-08,Online,Busan,Marketplace,E-Office,VIP,15665,0.03257,510,641,0.02352,15,12,57781.74,693380.82,455618.39,237762.43,155539.32,2735612.68,-2653389.57,46225.39,0.0433,30049.25,0.036,45,4.33,964,6.8,0.9576,0.935,4,16.3,0
2024-08,Online,Busan,Marketplace,F-Outdoor,Mass,15159,0.02634,399,446,0.01835,8,15,64506.88,967603.27,595728.79,371874.48,141845.36,543853.42,-313824.3,120950.41,0.0327,31620.83,0.0604,39,3.78,613,6.1,0.9756,0.9108,6,19.1,1
2024-08,Online,Busan,Marketplace,F-Outdoor,Affinity,11151,0.03132,349,398,0.02298,9,11,61842.09,680262.97,427371.63,252891.35,153698.68,2496241.96,-2397049.3,75584.77,0.0438,29762.21,0.0484,48,3.62,825,3.2,0.9519,0.9659,18,22.5,0
2024-08,Online,Busan,Marketplace,F-Outdoor,VIP,17906,0.02853,510,622,0.02317,14,16,65900.93,1054414.92,651237.11,403177.81,139293.25,470717.77,-206833.21,75315.35,0.0216,22741.89,0.021,33,4.55,847,4.8,0.9398,0.9657,12,21.6,1
2024-08,Online,Busan,App,A-Standard,Mass,9779,0.02707,264,319,0.02263,7,4,30510.91,122043.62,85845.29,36198.34,155162.9,1942153.16,-2061117.72,17434.8,0.0329,4014.75,0.0392,45,4.27,251,7.4,0.9839,0.9568,13,11.9,2
2024-08,Online,Busan,App,A-Standard,Affinity,11023,0.03087,340,421,0.02705,11,14,28612.72,400578.13,265624.93,134953.2,136693.23,1480190.15,-1481930.19,36416.19,0.0487,19501.42,0.049,33,4.23,368,7.1,0.9619,0.9417,5,24.4,0
2024-08,Online,Busan,App,A-Standard,VIP,12457,0.03082,383,434,0.03756,16,19,29067.23,552277.29,380766.57,171510.72,208656.76,2905890.56,-2943036.6,34517.33,0.0,0.0,0.0132,44,4.09,748,5.2,0.9305,0.9586,6,13.9,0
2024-08,Online,Busan,App,B-Pro,Mass,10612,0.02741,290,360,0.02241,8,9,44461.9,400157.07,271358.2,128798.87,108790.06,2326438.34,-2306429.53,50019.63,0.0366,14629.14,0.0548,22,4.22,460,5.8,0.9782,0.9487,6,33.6,0
2024-08,Online,Busan,App,B-Pro,Affinity,8056,0.02247,181,212,0.0345,7,13,45750.59,594757.65,375562.59,219195.06,88702.34,2471066.92,-2340574.2,84965.38,0.0408,24285.89,0.0625,46,4.32,1228,7.8,0.9693,0.9983,10,38.4,0
2024-08,Online,Busan,App,B-Pro,VIP,13260,0.029,384,411,0.03089,12,15,44554.35,668315.19,446359.46,221955.73,162321.73,266649.1,-207015.09,55692.93,0.0353,23621.2,0.038,51,4.35,674,11.0,1.0,0.8842,14,29.9,1
2024-08,Online,Busan,App,C-Ultra,Mass,11785,0.01875,220,281,0.02984,8,8,69484.28,555874.21,343190.42,212683.79,122039.69,310895.55,-220251.44,69484.28,0.0552,30656.77,0.041,37,4.91,853,4.2,0.9324,0.9259,14,25.8,5
2024-08,Online,Busan,App,C-Ultra,Affinity,10799,0.0343,370,451,0.02895,13,21,67731.13,1422353.74,894507.76,527845.98,88613.85,465989.27,-26757.14,109411.83,0.0449,63919.05,0.0304,27,4.3,300,8.8,0.9095,0.8389,9,36.3,0
2024-08,Online,Busan,App,C-Ultra,VIP,8977,0.03008,270,343,0.03034,10,8,66672.02,533376.16,338022.73,195353.42,142142.32,800360.36,-747149.26,53337.62,0.0379,20234.04,0.035,51,4.12,412,6.0,0.968,0.9486,11,27.1,1
2024-08,Online,Busan,App,D-Home,Mass,12708,0.02638,335,369,0.01061,3,5,53512.24,267561.18,163867.99,103693.2,136071.06,979266.5,-1011644.36,89187.06,0.0069,1847.1,0.0509,20,3.79,1140,8.1,0.9525,0.8853,11,41.4,0
2024-08,Online,Busan,App,D-Home,Affinity,10113,0.02143,216,233,0.01746,4,5,56485.95,282429.75,185433.62,96996.13,87606.98,2932283.6,-2922894.45,70607.44,0.028,7910.97,0.0136,65,4.85,668,9.5,0.9192,0.9125,19,21.8,4
2024-08,Online,Busan,App,D-Home,VIP,13180,0.01965,258,271,0.03348,9,11,52347.58,575823.39,357277.8,218545.59,94503.0,723969.27,-599926.68,63980.38,0.0403,23204.83,0.0217,44,3.65,341,5.3,0.9504,0.9221,21,24.5,2
2024-08,Online,Busan,App,E-Office,Mass,12441,0.02073,257,272,0.02649,7,10,61447.19,614471.94,364296.33,250175.61,128959.64,1621703.06,-1500487.08,87781.71,0.0287,17610.74,0.028,24,3.85,559,7.5,0.9642,0.9267,14,41.5,4
2024-08,Online,Busan,App,E-Office,Affinity,14058,0.01932,271,303,0.0182,5,5,61881.71,309408.53,194713.32,114695.21,83765.64,2466643.52,-2435713.95,61881.71,0.0314,9728.12,0.0334,50,4.71,344,8.4,0.9312,0.9236,16,21.7,0
2024-08,Online,Busan,App,E-Office,VIP,12841,0.02403,308,371,0.02051,7,7,60311.05,422177.34,249452.68,172724.66,172397.77,1482231.59,-1481904.69,60311.05,0.0406,17124.1,0.0288,38,3.65,565,7.6,0.892,0.9861,10,22.8,1
2024-08,Online,Busan,App,F-Outdoor,Mass,10088,0.03232,326,361,0.03224,11,11,67083.98,737923.78,469314.86,268608.92,126110.0,314724.77,-172225.85,67083.98,0.0316,23294.01,0.0504,44,4.37,484,5.5,0.9561,0.9253,11,33.3,0
2024-08,Online,Busan,App,F-Outdoor,Affinity,13936,0.02145,298,395,0.0341,13,8,66377.14,531017.12,324123.09,206894.02,133035.13,1593470.61,-1519611.71,40847.47,0.0228,12109.39,0.021,23,4.61,849,8.5,0.9221,0.9258,19,28.4,0
2024-08,Online,Busan,App,F-Outdoor,VIP,9492,0.0292,277,334,0.02776,9,15,62474.12,937111.83,602354.04,334757.79,69142.34,375100.98,-109485.53,104123.54,0.0333,31249.7,0.0373,60,3.96,0,5.1,0.9315,0.926,7,22.9,0
2024-09,Retail,Seoul,Direct,A-Standard,Mass,10230,0.03732,381,506,0.02027,10,14,31260.6,437648.45,308465.27,129183.18,204056.54,423916.9,-498790.27,43764.84,0.0518,22651.19,0.0189,28,3.48,224,6.4,0.9669,0.9282,8,21.7,0
2024-09,Retail,Seoul,Direct,A-Standard,Affinity,11979,0.01906,228,297,0.02033,6,10,30542.3,305422.97,204401.35,101021.63,116734.13,1842121.34,-1857833.83,50903.83,0.0268,8194.77,0.0453,61,4.41,555,6.4,0.89,0.9521,15,25.0,0
2024-09,Retail,Seoul,Direct,A-Standard,VIP,14623,0.03963,579,677,0.04311,29,45,29617.47,1332786.27,918075.83,414710.44,166370.81,657636.87,-409297.24,45958.15,0.0336,44801.7,0.0336,34,4.07,873,7.8,0.9868,0.9331,6,38.1,0
2024-09,Retail,Seoul,Direct,B-Pro,Mass,9087,0.02549,231,278,0.03139,8,16,45099.21,721587.4,471303.99,250283.41,110780.42,1077442.3,-937939.3,90198.42,0.0496,35758.27,0.0367,55,4.77,956,5.3,0.965,0.8954,10,23.0,4
2024-09,Retail,Seoul,Direct,B-Pro,Affinity,11562,0.01403,162,196,0.03541,6,6,44219.92,265319.53,173285.25,92034.28,78623.02,1953452.26,-1940041.0,44219.92,0.034,9010.69,0.0358,34,4.68,461,5.8,0.9667,0.8856,19,25.1,0
2024-09,Retail,Seoul,Direct,B-Pro,VIP,11551,0.02664,307,367,0.0337,12,21,44658.15,937821.23,638442.37,299378.86,170420.42,150458.11,-21499.67,78151.77,0.0343,32175.13,0.0274,20,4.48,697,6.9,0.9873,0.9748,16,23.6,1
2024-09,Retail,Seoul,Direct,C-Ultra,Mass,11426,0.02758,315,356,0.01616,5,6,68592.44,411554.67,247432.0,164122.67,158748.24,1797734.12,-1792359.7,82310.93,0.0471,19395.76,0.0476,56,3.81,285,5.6,0.9501,0.9874,9,21.9,2
2024-09,Retail,Seoul,Direct,C-Ultra,Affinity,12575,0.03118,392,432,0.03243,14,13,73188.69,951452.98,569653.38,381799.59,240202.05,1178653.7,-1037056.16,67960.93,0.041,39010.42,0.0427,25,4.84,436,4.4,0.9349,0.9173,13,34.0,0
2024-09,Retail,Seoul,Direct,C-Ultra,VIP,12420,0.01785,221,277,0.02687,7,9,72994.45,656950.02,401380.37,255569.66,104901.97,1739273.9,-1588606.21,93850.0,0.0469,30796.98,0.0234,67,4.46,554,6.3,0.951,0.9479,14,30.9,3
2024-09,Retail,Seoul,Direct,D-Home,Mass,12575,0.0236,296,368,0.01939,7,11,53879.73,592676.98,367058.24,225618.74,157614.98,688396.63,-620392.87,84668.14,0.0498,29492.2,0.0355,51,4.12,273,6.5,0.9769,0.9381,3,19.4,0
2024-09,Retail,Seoul,Direct,D-Home,Affinity,11272,0.02883,324,364,0.02732,9,7,54679.66,382757.64,234329.05,148428.59,177230.35,2414984.34,-2443786.1,42528.63,0.0574,21986.36,0.0208,45,4.58,487,7.3,0.9669,0.8952,23,18.9,3
2024-09,Retail,Seoul,Direct,D-Home,VIP,9581,0.03044,291,312,0.0327,10,16,52868.19,845891.01,514498.93,331392.08,155415.99,2621603.92,-2445627.83,84589.1,0.0493,41674.12,0.0223,45,4.33,16,7.3,0.9502,1.0,22,26.1,0
2024-09,Retail,Seoul,Direct,E-Office,Mass,13802,0.02806,387,456,0.01096,4,4,58609.37,234437.48,138656.12,95781.36,159098.4,115610.07,-178927.11,58609.37,0.0435,10200.34,0.0462,38,4.46,0,6.0,0.9342,1.0,14,30.6,5
2024-09,Retail,Seoul,Direct,E-Office,Affinity,10062,0.01842,185,228,0.03504,7,7,58258.08,407806.59,247326.32,160480.27,75328.41,1892489.68,-1807337.82,58258.08,0.053,21613.0,0.0257,36,4.13,304,8.9,0.9461,0.9049,14,35.5,0
2024-09,Retail,Seoul,Direct,E-Office,VIP,14159,0.01678,237,270,0.03427,9,9,61759.28,555833.51,326437.89,229395.62,148821.48,774318.93,-693744.78,61759.28,0.0496,27583.48,0.0466,47,4.62,792,5.9,0.9062,0.9127,9,27.4,0
2024-09,Retail,Seoul,Direct,F-Outdoor,Mass,10909,0.0248,270,348,0.02316,8,8,64762.74,518101.89,297626.23,220475.66,105320.01,2893481.86,-2778326.21,64762.74,0.0391,20249.92,0.0136,26,4.43,403,6.5,1.0,0.9269,12,20.7,0
2024-09,Retail,Seoul,Direct,F-Outdoor,Affinity,11741,0.01569,184,218,0.0202,4,9,63386.97,570482.72,356421.97,214060.75,115811.51,2337707.27,-2239458.03,142620.68,0.0317,18106.09,0.0275,58,4.06,418,4.2,0.8927,0.9645,13,34.9,2
2024-09,Retail,Seoul,Direct,F-Outdoor,VIP,9693,0.02534,245,294,0.03365,9,12,66828.86,801946.34,480293.3,321653.03,108751.01,1887724.86,-1674822.83,89105.15,0.0245,19620.48,0.0419,37,3.65,98,6.1,0.9567,0.8868,6,20.7,1
2024-09,Retail,Seoul,Partner,A-Standard,Mass,12575,0.02091,263,308,0.01962,6,12,30882.07,370584.82,262274.51,108310.31,102244.06,909329.03,-903262.77,61764.14,0.0219,8112.9,0.0331,43,5.0,722,11.1,1.0,0.9329,15,20.4,3
2024-09,Retail,Seoul,Partner,A-Standard,Affinity,10388,0.02942,305,365,0.02815,10,13,30346.79,394508.31,271280.09,123228.21,144141.02,2184175.0,-2205087.81,39450.83,0.0196,7715.84,0.0392,40,4.78,384,7.7,0.9326,0.9205,17,30.6,0
2024-09,Retail,Seoul,Partner,A-Standard,VIP,9228,0.02394,220,282,0.02292,6,4,30576.01,122304.04,80413.05,41890.99,76331.33,1129090.54,-1163530.88,20384.01,0.0408,4983.9,0.0309,32,4.4,594,3.9,0.9568,0.9031,15,39.4,0
2024-09,Retail,Seoul,Partner,B-Pro,Mass,8897,0.0264,234,266,0.02176,5,7,42955.48,300688.39,199027.96,101660.43,99985.02,2890496.34,-2888820.93,60137.68,0.0521,15667.53,0.0518,47,4.29,844,4.6,1.0,0.9803,13,23.4,0
2024-09,Retail,Seoul,Partner,B-Pro,Affinity,11186,0.01657,185,204,0.02723,5,3,44110.78,132332.33,87943.44,44388.89,115039.63,1426471.41,-1497122.14,26466.47,0.0301,3988.11,0.0306,36,4.38,377,7.6,0.9498,0.9342,20,23.3,1
2024-09,Retail,Seoul,Partner,B-Pro,VIP,7958,0.03513,279,339,0.02845,9,5,44930.3,224651.51,144244.25,80407.26,137302.73,780886.33,-837781.8,24961.28,0.0404,9081.41,0.0447,30,4.16,282,3.8,1.0,0.9151,16,26.9,0
2024-09,Retail,Seoul,Partner,C-Ultra,Mass,8205,0.02864,235,283,0.02272,6,4,70941.46,283765.82,175906.48,107859.35,86564.86,920183.98,-898889.49,47294.3,0.0188,5339.26,0.0382,36,3.98,732,7.0,0.9589,0.9661,29,20.0,0
2024-09,Retail,Seoul,Partner,C-Ultra,Affinity,14247,0.03275,466,539,0.02049,11,11,72929.07,802219.74,508865.3,293354.44,230054.8,679147.0,-615847.36,72929.07,0.0241,19353.03,0.025,24,3.33,645,2.5,1.0,0.8808,18,34.5,0
2024-09,Retail,Seoul,Partner,C-Ultra,VIP,10967,0.04422,484,579,0.01773,10,15,71927.27,1078909.04,649081.24,429827.8,191409.83,1007128.28,-768710.31,107890.9,0.0584,63015.73,0.0123,34,4.25,560,5.2,0.9663,0.8557,23,40.5,0
2024-09,Retail,Seoul,Partner,D-Home,Mass,6467,0.03219,208,275,0.01864,5,6,53748.07,322488.44,202065.87,120422.57,65821.46,1418397.01,-1363795.9,64497.69,0.051,16435.86,0.0236,40,3.98,787,4.8,0.9085,0.942,25,45.9,0
2024-09,Retail,Seoul,Partner,D-Home,Affinity,10337,0.0239,247,277,0.02591,7,12,53562.66,642751.98,390212.41,252539.57,125970.7,2317719.0,-2191150.13,91821.71,0.0443,28465.0,0.0292,54,4.24,602,9.0,0.9619,0.9935,15,8.0,2
2024-09,Retail,Seoul,Partner,D-Home,VIP,10365,0.0227,235,263,0.03117,8,13,54786.36,712222.74,469765.91,242456.83,100189.49,53706.67,88560.66,89027.84,0.0466,33180.42,0.0268,43,3.52,466,7.4,0.9776,0.9652,21,24.9,1
2024-09,Retail,Seoul,Partner,E-Office,Mass,8465,0.02377,201,214,0.0223,4,6,57051.79,342310.71,219020.7,123290.02,57654.49,1060288.88,-994653.35,85577.68,0.032,10959.78,0.0084,41,4.2,633,6.8,0.939,0.9803,15,21.5,0
2024-09,Retail,Seoul,Partner,E-Office,Affinity,9940,0.02974,295,316,0.02858,9,15,62224.13,933362.02,601373.33,331988.69,97110.43,2875098.43,-2640220.17,103706.89,0.0285,26558.72,0.0318,38,5.0,411,7.5,0.9264,0.9407,15,25.5,1
2024-09,Retail,Seoul,Partner,E-Office,VIP,10463,0.02878,301,330,0.02676,8,9,58836.64,529529.8,308997.52,220532.28,102059.05,2096385.45,-1977912.22,66191.22,0.0225,11906.48,0.005,45,3.97,721,5.2,1.0,0.8968,10,37.7,0
2024-09,Retail,Seoul,Partner,F-Outdoor,Mass,9084,0.01959,177,197,0.02517,4,5,64086.32,320431.61,185006.9,135424.72,109142.0,2049460.02,-2023177.3,80107.9,0.0432,13846.78,0.0151,49,3.9,624,8.5,0.9187,0.9575,21,29.0,1
2024-09,Retail,Seoul,Partner,F-Outdoor,Affinity,11547,0.01824,210,249,0.02723,6,12,65288.14,783457.69,453006.13,330451.56,125969.26,2099893.96,-1895411.66,130576.28,0.0424,33200.54,0.026,58,4.44,406,7.6,0.9406,0.8981,17,41.8,3
2024-09,Retail,Seoul,Partner,F-Outdoor,VIP,10002,0.01926,192,231,0.02736,6,8,68074.9,544599.19,346507.42,198091.76,96998.98,672070.57,-570977.79,90766.53,0.0315,17165.16,0.005,55,4.25,725,8.6,0.9319,0.9335,12,34.2,1
2024-09,Retail,Seoul,Marketplace,A-Standard,Mass,13117,0.02228,292,362,0.02537,9,10,30480.49,304804.95,207350.43,97454.51,155043.24,956885.03,-1014473.75,33867.22,0.0381,11625.07,0.0401,48,4.94,341,6.8,0.9781,0.922,8,37.0,0
2024-09,Retail,Seoul,Marketplace,A-Standard,Affinity,15466,0.01426,220,262,0.02335,6,10,30085.82,300858.23,205450.39,95407.83,129565.9,1205948.28,-1240106.34,50143.04,0.0272,8191.8,0.0228,36,4.04,344,6.1,0.9658,0.9205,12,12.5,2
2024-09,Retail,Seoul,Marketplace,A-Standard,VIP,14645,0.01473,215,247,0.03219,7,10,30923.99,309239.95,211484.83,97755.12,100187.45,1772438.94,-1774871.27,44177.14,0.0,0.0,0.0283,49,3.76,283,6.4,0.9223,0.9799,8,20.4,0
2024-09,Retail,Seoul,Marketplace,B-Pro,Mass,14413,0.01894,272,293,0.02795,8,10,45122.01,451220.13,305227.08,145993.05,91361.88,1380968.06,-1326336.89,56402.52,0.0432,19490.11,0.0343,35,4.76,591,8.1,0.9549,0.8994,16,29.1,0
2024-09,Retail,Seoul,Marketplace,B-Pro,Affinity,12841,0.01693,217,251,0.02305,5,6,46750.29,280501.76,184517.98,95983.78,140951.73,2007645.21,-2052613.16,56100.35,0.0342,9588.66,0.0442,41,4.86,897,8.6,0.9721,0.9079,2,28.6,0
2024-09,Retail,Seoul,Marketplace,B-Pro,VIP,14546,0.03099,450,598,0.03601,21,38,45967.64,1746770.37,1090979.02,655791.35,136253.39,979631.15,-460093.18,83179.54,0.0228,39814.97,0.021,56,4.55,645,4.5,0.9642,1.0,5,28.9,0
2024-09,Retail,Seoul,Marketplace,C-Ultra,Mass,16002,0.02965,474,569,0.00978,5,10,73146.09,731460.93,433539.13,297921.8,141742.16,2026825.65,-1870646.01,146292.19,0.0283,20706.53,0.0409,21,4.59,506,7.0,0.9371,0.9441,19,35.9,2
2024-09,Retail,Seoul,Marketplace,C-Ultra,Affinity,7821,0.01754,137,151,0.02869,4,5,70013.66,350068.28,205804.53,144263.75,52341.44,1357601.85,-1265679.54,87517.07,0.0035,1224.59,0.0251,53,4.21,528,3.9,0.9647,0.9732,10,17.3,0
2024-09,Retail,Seoul,Marketplace,C-Ultra,VIP,14497,0.02363,342,367,0.03301,12,17,67910.23,1154473.97,691287.36,463186.61,117671.91,930010.39,-584495.69,96206.16,0.0455,52545.83,0.0383,48,4.69,125,10.8,0.9493,0.8881,17,19.4,3
2024-09,Retail,Seoul,Marketplace,D-Home,Mass,12304,0.02553,314,340,0.01977,6,7,57342.36,401396.49,268352.61,133043.88,122489.38,3017737.01,-3007182.51,66899.42,0.0285,11424.06,0.0159,38,3.72,334,3.7,0.9548,0.9619,16,30.0,0
2024-09,Retail,Seoul,Marketplace,D-Home,Affinity,15189,0.02602,395,524,0.02738,14,23,53023.54,1219541.33,756011.06,463530.27,116307.8,464233.54,-117011.07,87110.09,0.0394,48094.01,0.0363,37,4.21,478,3.6,0.9725,0.9769,10,36.8,0
2024-09,Retail,Seoul,Marketplace,D-Home,VIP,20587,0.01517,312,380,0.0238,9,13,55896.04,726648.49,445622.4,281026.09,151800.47,2473151.31,-2343925.69,80738.72,0.0503,36575.09,0.048,43,4.07,810,8.2,0.9564,0.9469,10,37.6,1
2024-09,Retail,Seoul,Marketplace,E-Office,Mass,22710,0.005,113,145,0.02713,3,3,57380.23,172140.69,108366.05,63774.64,122972.23,2220894.33,-2280091.93,57380.23,0.0095,1631.95,0.045,46,4.64,290,5.1,0.9466,0.9131,11,26.2,0
2024-09,Retail,Seoul,Marketplace,E-Office,Affinity,23647,0.03488,824,1061,0.01925,20,33,57831.76,1908448.2,1156709.16,751739.04,364039.61,2191445.07,-1803745.63,95422.41,0.051,97272.91,0.055,47,3.29,375,6.3,0.9602,0.9944,11,22.3,0
2024-09,Retail,Seoul,Marketplace,E-Office,VIP,13297,0.01681,223,257,0.02764,7,10,60106.85,601068.54,363149.61,237918.93,89309.33,2584727.85,-2436118.25,85866.93,0.0228,13734.16,0.027,55,4.69,417,6.6,0.9856,0.9039,14,20.5,2
2024-09,Retail,Seoul,Marketplace,F-Outdoor,Mass,12341,0.03048,376,495,0.02341,11,11,61997.69,681974.64,422368.87,259605.77,172881.19,2510488.04,-2423763.46,61997.69,0.0257,17525.43,0.048,55,4.45,571,5.2,0.9151,1.0,13,28.8,3
2024-09,Retail,Seoul,Marketplace,F-Outdoor,Affinity,16258,0.02266,368,441,0.03288,14,14,64490.79,902871.12,526875.65,375995.48,136192.55,694728.63,-454925.7,64490.79,0.0289,26133.18,0.02,32,4.32,203,8.1,0.9591,0.941,11,33.4,1
2024-09,Retail,Seoul,Marketplace,F-Outdoor,VIP,16717,0.03175,530,680,0.02719,18,24,65564.76,1573554.16,933268.11,640286.05,145362.62,1447267.61,-952344.19,87419.68,0.0514,80876.5,0.0318,64,4.35,409,5.7,0.9615,0.9188,16,26.0,0
2024-09,Retail,Seoul,App,A-Standard,Mass,11419,0.02223,253,331,0.01208,3,4,28710.55,114842.21,77399.4,37442.81,120526.39,2131624.04,-2214707.62,38280.74,0.0426,4893.78,0.039,29,4.42,617,7.1,1.0,0.975,8,28.7,0
2024-09,Retail,Seoul,App,A-Standard,Affinity,9931,0.02304,228,279,0.03338,9,12,30577.37,366928.4,242620.42,124307.98,56541.63,1389862.59,-1322096.25,40769.82,0.032,11723.53,0.0348,39,4.25,574,8.7,0.9728,0.8603,7,26.9,1
2024-09,Retail,Seoul,App,A-Standard,VIP,13968,0.0232,324,358,0.03565,12,18,30078.78,541417.96,384349.72,157068.24,124152.73,227379.78,-194464.27,45118.16,0.0073,3943.7,0.011,61,4.08,418,8.6,0.9661,0.8702,12,26.2,0
2024-09,Retail,Seoul,App,B-Pro,Mass,12369,0.02359,291,333,0.0197,6,9,47231.91,425087.22,272522.06,152565.16,121218.21,2325508.57,-2294161.62,70847.87,0.02,8483.96,0.0219,44,4.17,537,9.7,0.9883,0.8716,12,36.8,2
2024-09,Retail,Seoul,App,B-Pro,Affinity,10761,0.01318,141,156,0.03613,5,8,45029.68,360237.4,229898.98,130338.42,76245.3,1005778.86,-951685.75,72047.48,0.0346,12466.36,0.025,36,4.53,465,9.0,0.9624,0.9662,16,16.0,2
2024-09,Retail,Seoul,App,B-Pro,VIP,9621,0.03155,303,397,0.01835,7,7,42807.94,299655.57,186550.29,113105.27,81182.32,1325620.35,-1293697.4,42807.94,0.03,8993.49,0.0125,54,5.0,954,8.3,0.9539,0.9019,11,41.5,0
2024-09,Retail,Seoul,App,C-Ultra,Mass,9917,0.01399,138,170,0.03,5,8,69569.95,556559.6,348700.14,207859.46,96600.42,2609026.4,-2497767.36,111311.92,0.0355,19763.78,0.0206,21,3.95,535,7.5,1.0,0.8912,13,28.1,0
2024-09,Retail,Seoul,App,C-Ultra,Affinity,12116,0.021,254,290,0.02718,7,10,72772.79,727727.93,452266.2,275461.72,106525.99,2899436.91,-2730501.18,103961.13,0.0338,24609.89,0.0432,45,4.83,461,11.5,0.9434,0.9257,5,23.7,2
2024-09,Retail,Seoul,App,C-Ultra,VIP,12449,0.02059,256,299,0.02709,8,8,69559.86,556478.84,328647.85,227830.99,128063.4,2520044.23,-2420276.65,69559.86,0.0413,22970.73,0.019,55,4.28,408,6.9,0.9919,0.9181,5,31.0,0
2024-09,Retail,Seoul,App,D-Home,Mass,10517,0.02272,238,280,0.02351,6,7,55208.79,386461.51,252351.45,134110.05,90446.87,2247125.17,-2203461.99,64410.25,0.0253,9781.83,0.0307,30,3.59,925,7.2,0.9695,0.9083,3,31.7,2
2024-09,Retail,Seoul,App,D-Home,Affinity,12887,0.01794,231,280,0.02399,6,7,53094.31,371660.17,249378.37,122281.8,117598.05,1266049.57,-1261365.82,61943.36,0.0423,15725.59,0.0253,27,3.85,805,4.2,0.9663,0.9622,9,30.7,0
2024-09,Retail,Seoul,App,D-Home,VIP,8374,0.02628,220,239,0.03267,7,9,53800.39,484203.51,311039.57,173163.94,64577.09,2539544.57,-2430957.72,69171.93,0.0308,14893.13,0.0403,50,3.97,443,5.4,0.9438,0.923,7,13.8,0
2024-09,Retail,Seoul,App,E-Office,Mass,9046,0.02627,237,251,0.03507,8,15,58929.09,883936.31,536959.32,346976.99,125878.55,143899.01,77199.44,110492.04,0.0446,39383.68,0.0241,70,4.13,386,11.0,0.9719,0.8594,12,29.6,0
2024-09,Retail,Seoul,App,E-Office,Affinity,12336,0.01955,241,309,0.02369,7,11,61723.06,678953.7,444055.51,234898.19,126832.28,631167.39,-523101.47,96993.39,0.0269,18267.84,0.0469,40,4.36,664,6.6,0.9933,0.869,0,19.5,0
2024-09,Retail,Seoul,App,E-Office,VIP,12320,0.01747,215,285,0.03258,9,10,57863.72,578637.24,336807.34,241829.89,99567.47,2185776.81,-2043514.38,64293.03,0.0437,25288.22,0.0284,62,4.4,1007,5.1,0.9226,0.8808,3,31.9,0
2024-09,Retail,Seoul,App,F-Outdoor,Mass,12415,0.03145,390,499,0.02743,13,26,68236.83,1774157.69,1110053.29,664104.4,126532.81,1566482.08,-1028910.49,136473.67,0.0565,100324.78,0.0282,26,3.97,0,8.5,0.9488,0.8948,13,27.9,1
2024-09,Retail,Seoul,App,F-Outdoor,Affinity,8146,0.03668,298,354,0.02797,9,13,66937.02,870181.2,530794.11,339387.09,132055.71,846627.3,-639295.91,96686.8,0.0268,23348.0,0.0312,30,4.73,510,5.3,1.0,0.9073,14,15.8,0
2024-09,Retail,Seoul,App,F-Outdoor,VIP,9306,0.02604,242,286,0.02613,7,8,67878.98,543031.8,333656.05,209375.75,112033.21,112932.81,-15590.27,77575.97,0.0417,22618.25,0.0466,57,4.74,560,9.1,0.9908,0.9168,9,30.3,0
2024-09,Retail,Busan,Direct,A-Standard,Mass,8154,0.02159,176,217,0.02696,5,10,29093.06,290930.57,192595.16,98335.41,75071.59,1329913.04,-1306649.22,58186.11,0.0378,10999.93,0.0288,53,3.75,745,4.4,0.9243,0.8776,8,22.1,0
2024-09,Retail,Busan,Direct,A-Standard,Affinity,9566,0.02304,220,264,0.03108,8,11,28924.53,318169.78,211256.84,106912.94,110961.74,266116.17,-270164.97,39771.22,0.0447,14237.63,0.0122,50,4.4,972,7.6,0.9945,0.9653,10,32.4,0
2024-09,Retail,Busan,Direct,A-Standard,VIP,8878,0.02135,189,219,0.02536,5,8,28789.95,230319.58,157521.55,72798.03,100696.08,1599747.94,-1627645.99,46063.92,0.0444,10231.21,0.0198,38,4.13,395,6.2,0.9817,0.8809,0,22.2,0
2024-09,Retail,Busan,Direct,B-Pro,Mass,8464,0.03649,308,383,0.01469,5,5,43595.93,217979.65,139053.69,78925.97,165416.74,1105392.26,-1191883.03,43595.93,0.0217,4723.62,0.0432,17,3.94,740,6.8,0.9694,0.8834,17,25.2,0
2024-09,Retail,Busan,Direct,B-Pro,Affinity,11065,0.02851,315,370,0.01841,6,7,43456.7,304196.93,201394.6,102802.33,161123.45,2523496.45,-2581817.56,50699.49,0.0286,8693.28,0.0344,20,4.04,612,6.0,0.9391,0.906,21,26.0,4
2024-09,Retail,Busan,Direct,B-Pro,VIP,7242,0.0336,243,317,0.0201,6,5,46528.03,232640.14,155486.58,77153.56,107448.63,612454.21,-642749.28,38773.36,0.0021,491.29,0.0346,31,4.62,543,6.6,1.0,0.8627,7,30.5,0
2024-09,Retail,Busan,Direct,C-Ultra,Mass,9824,0.02656,260,306,0.01452,4,5,70251.58,351257.88,215901.42,135356.46,106988.06,1455287.83,-1426919.43,87814.47,0.029,10174.9,0.0352,39,4.73,513,7.5,0.9299,0.9502,12,10.4,0
2024-09,Retail,Busan,Direct,C-Ultra,Affinity,8612,0.02264,194,216,0.02733,5,6,71022.11,426132.66,247253.05,178879.61,52389.14,86999.59,39490.87,85226.53,0.0472,20094.75,0.0402,53,4.29,856,6.4,0.9979,0.897,11,28.7,0
2024-09,Retail,Busan,Direct,C-Ultra,VIP,8690,0.01954,169,199,0.02143,4,4,73046.1,292184.38,186273.21,105911.17,100895.65,1853084.64,-1848069.12,73046.1,0.0147,4291.89,0.0425,25,4.62,921,5.8,0.9352,0.9605,7,23.8,0
2024-09,Retail,Busan,Direct,D-Home,Mass,11565,0.04155,480,609,0.01727,10,13,54950.29,714353.72,434126.25,280227.47,208218.84,2133229.03,-2061220.41,71435.37,0.0339,24215.06,0.0291,63,4.22,492,12.0,0.9604,0.9176,8,15.6,1
2024-09,Retail,Busan,Direct,D-Home,Affinity,8182,0.04558,372,394,0.03364,13,15,55515.73,832735.92,534619.5,298116.42,149027.69,2743445.54,-2594356.81,64056.61,0.0306,25486.75,0.0228,38,4.01,792,4.0,0.9814,0.9437,1,27.6,0
2024-09,Retail,Busan,Direct,D-Home,VIP,9140,0.01956,178,203,0.02135,4,4,52399.63,209598.5,134228.92,75369.58,63060.45,982758.91,-970449.77,52399.63,0.0193,4053.5,0.005,44,4.59,798,9.5,0.9559,0.9147,25,29.3,1
2024-09,Retail,Busan,Direct,E-Office,Mass,7755,0.0276,214,264,0.02604,6,5,57085.68,285428.39,178397.64,107030.75,93726.27,1159676.88,-1146372.4,47571.4,0.0224,6397.19,0.0391,49,4.56,438,8.8,0.9782,0.9015,0,33.4,0
2024-09,Retail,Busan,Direct,E-Office,Affinity,9700,0.0206,199,243,0.02539,6,10,59365.69,593656.93,359982.61,233674.31,82610.89,420602.2,-269538.78,98942.82,0.0433,25719.22,0.0312,39,4.29,383,7.4,0.9172,0.9343,19,15.2,0
2024-09,Retail,Busan,Direct,E-Office,VIP,8811,0.02538,223,296,0.03358,9,11,58058.17,638639.88,407152.28,231487.61,65423.94,2069315.21,-1903251.54,70959.99,0.0306,19512.61,0.0346,35,4.63,545,5.9,0.9237,0.9605,9,13.6,0
2024-09,Retail,Busan,Direct,F-Outdoor,Mass,10448,0.02739,286,312,0.03558,11,11,66781.37,734595.11,460277.32,274317.79,75436.51,2013998.74,-1815117.46,66781.37,0.0251,18457.69,0.0352,58,3.58,271,6.6,0.991,0.9739,17,26.6,1
2024-09,Retail,Busan,Direct,F-Outdoor,Affinity,7489,0.02897,216,242,0.02972,7,8,62158.99,497271.91,290554.11,206717.8,108844.77,1095964.35,-998091.32,71038.84,0.0237,11795.09,0.052,30,3.89,651,3.0,0.9502,0.9171,15,29.1,2
2024-09,Retail,Busan,Direct,F-Outdoor,VIP,8873,0.03324,294,376,0.02685,10,17,65816.34,1118877.8,649883.5,468994.31,121379.46,1149377.99,-801763.14,111887.78,0.023,25720.89,0.0344,59,4.37,779,6.8,1.0,0.9774,25,30.1,0
2024-09,Retail,Busan,Partner,A-Standard,Mass,8197,0.03288,269,327,0.01873,6,4,31430.68,125722.73,82476.76,43245.97,75945.33,1504709.51,-1537408.87,20953.79,0.0544,6840.95,0.0513,37,4.35,534,11.5,0.9892,0.8956,6,25.0,1
2024-09,Retail,Busan,Partner,A-Standard,Affinity,7147,0.02365,168,202,0.02865,5,4,30894.24,123576.98,86019.2,37557.78,76589.87,2486749.12,-2525781.2,24715.4,0.0267,3301.47,0.042,48,4.57,917,9.4,0.9296,0.9627,11,21.7,0
2024-09,Retail,Busan,Partner,A-Standard,VIP,8363,0.02324,194,222,0.03229,7,10,28772.15,287721.46,203488.29,84233.17,122278.62,2458640.57,-2496686.02,41103.07,0.0375,10802.17,0.0247,11,4.04,298,6.0,0.901,0.9124,12,38.4,0
2024-09,Retail,Busan,Partner,B-Pro,Mass,8477,0.02819,238,308,0.0254,7,11,46727.59,514003.47,333707.98,180295.48,118498.51,1473607.46,-1411810.49,73429.07,0.0409,21010.03,0.0409,13,4.31,573,6.7,0.9921,0.8846,7,26.3,0
2024-09,Retail,Busan,Partner,B-Pro,Affinity,7518,0.02699,202,232,0.03598,8,10,47020.44,470204.38,309069.72,161134.66,77747.78,1485006.7,-1401619.82,58775.55,0.0376,17683.31,0.0316,44,4.55,890,8.2,0.9893,0.9671,0,33.1,0
2024-09,Retail,Busan,Partner,B-Pro,VIP,6129,0.03117,191,216,0.03394,7,6,46876.66,281259.97,192632.07,88627.9,65673.64,2889022.14,-2866067.87,40180.0,0.0715,20107.88,0.0518,40,4.72,673,6.3,0.9319,0.9911,12,22.1,0
2024-09,Retail,Busan,Partner,C-Ultra,Mass,8667,0.0194,168,183,0.02505,4,5,69176.05,345880.23,204578.95,141301.29,89023.28,180694.22,-128416.21,86470.06,0.0652,22553.33,0.0301,29,4.21,207,6.3,0.9326,0.9202,16,28.2,0
2024-09,Retail,Busan,Partner,C-Ultra,Affinity,8131,0.01971,160,212,0.03659,7,9,66832.57,601493.15,358895.69,242597.45,85423.46,1124060.23,-966886.24,85927.59,0.0216,12973.72,0.055,42,4.21,550,8.5,0.9183,0.9334,14,31.5,0
2024-09,Retail,Busan,Partner,C-Ultra,VIP,6194,0.02482,153,194,0.03547,6,5,67509.08,337545.4,209454.95,128090.45,67876.7,2049170.94,-1988957.19,56257.57,0.0638,21519.83,0.0386,47,3.44,741,10.8,0.9931,0.9476,12,23.9,0
2024-09,Retail,Busan,Partner,D-Home,Mass,7807,0.03338,260,293,0.03436,10,14,54673.2,765424.74,514648.49,250776.25,77961.22,1032260.89,-859445.86,76542.47,0.0518,39658.29,0.0226,36,3.96,403,7.0,0.9801,0.9121,6,25.1,3
2024-09,Retail,Busan,Partner,D-Home,Affinity,7522,0.01834,137,165,0.02479,4,5,55420.77,277103.83,179707.94,97395.89,42141.19,104924.52,-49669.82,69275.96,0.0453,12556.34,0.0375,50,4.53,402,8.4,1.0,0.9189,13,35.0,0
2024-09,Retail,Busan,Partner,D-Home,VIP,7761,0.03115,241,297,0.02171,6,8,54761.48,438091.8,271642.15,166449.65,80257.63,1830358.39,-1744166.37,73015.3,0.0397,17390.11,0.0307,28,3.91,491,8.0,0.9806,0.9389,8,29.0,0
2024-09,Retail,Busan,Partner,E-Office,Mass,7475,0.02648,197,230,0.02531,5,5,57491.32,287456.61,170786.07,116670.54,105734.36,2958614.87,-2947678.69,57491.32,0.0386,11101.24,0.0464,57,3.88,755,8.9,0.9412,1.0,0,31.5,0
2024-09,Retail,Busan,Partner,E-Office,Affinity,9471,0.03075,291,349,0.02524,8,9,58037.39,522336.48,338694.28,183642.2,107787.59,1707440.15,-1631585.53,65292.06,0.0439,22920.52,0.0428,37,3.9,339,5.7,0.9447,0.9082,18,38.1,0
2024-09,Retail,Busan,Partner,E-Office,VIP,6971,0.02795,194,220,0.04468,9,15,59077.56,886163.39,548554.12,337609.27,62688.12,1051625.05,-776703.9,98462.6,0.0004,344.41,0.0445,46,4.63,624,7.8,0.9582,0.9448,14,23.7,2
2024-09,Retail,Busan,Partner,F-Outdoor,Mass,7293,0.02552,186,202,0.02353,4,4,65038.69,260154.75,149949.23,110205.52,68667.3,2908756.65,-2867218.42,65038.69,0.0557,14481.16,0.0399,51,4.19,591,7.4,0.9846,0.933,22,39.3,0
2024-09,Retail,Busan,Partner,F-Outdoor,Affinity,7593,0.03455,262,325,0.01529,4,9,65882.82,592945.42,343481.73,249463.69,94575.58,992228.3,-837340.19,148236.36,0.0252,14952.28,0.0351,33,4.53,670,7.1,0.9826,0.9524,17,19.4,0
2024-09,Retail,Busan,Partner,F-Outdoor,VIP,6420,0.0223,143,181,0.03555,6,8,61830.97,494647.79,284496.68,210151.11,87642.38,2374905.37,-2252396.64,82441.3,0.0307,15203.33,0.0476,40,4.41,823,6.1,1.0,0.9266,6,32.5,2
2024-09,Retail,Busan,Marketplace,A-Standard,Mass,10619,0.02244,238,289,0.01799,5,9,28834.0,259506.0,172530.58,86975.42,97327.91,1774958.47,-1785310.96,51901.2,0.0118,3054.91,0.0455,49,4.02,883,10.4,0.9625,0.9156,16,34.3,0
2024-09,Retail,Busan,Marketplace,A-Standard,Affinity,12715,0.02881,366,413,0.034,14,26,31232.26,812038.68,570842.87,241195.8,156779.38,1413068.07,-1328651.64,58002.76,0.047,38178.77,0.0385,39,3.94,402,6.1,0.9622,1.0,13,41.1,0
2024-09,Retail,Busan,Marketplace,A-Standard,VIP,10489,0.02238,234,274,0.02911,7,7,31365.56,219558.93,146205.83,73353.1,137278.79,890855.24,-954780.93,31365.56,0.0031,687.76,0.058,49,3.93,1140,7.7,0.8982,0.9366,5,42.5,0
2024-09,Retail,Busan,Marketplace,B-Pro,Mass,14255,0.02819,401,523,0.01278,6,8,45272.2,362177.57,235423.65,126753.92,213518.06,1515983.01,-1602747.15,60362.93,0.0435,15736.97,0.0248,37,3.86,573,6.8,0.9297,0.921,20,28.6,4
2024-09,Retail,Busan,Marketplace,B-Pro,Affinity,11397,0.01349,153,181,0.02965,5,3,42781.1,128343.3,83514.1,44829.2,113702.31,1115649.32,-1184522.43,25668.66,0.0185,2379.29,0.0219,20,3.93,539,4.8,0.9518,0.9516,6,36.6,3
2024-09,Retail,Busan,Marketplace,B-Pro,VIP,13588,0.02682,364,388,0.03457,13,19,46191.6,877640.39,586945.29,290695.1,144688.3,1931035.42,-1785028.62,67510.8,0.0528,46368.79,0.0212,47,4.42,525,5.9,0.9427,0.9704,11,14.4,2
2024-09,Retail,Busan,Marketplace,C-Ultra,Mass,9529,0.03311,315,337,0.01977,6,8,70712.41,565699.24,341052.56,224646.68,177860.95,2962849.0,-2916063.28,94283.21,0.0231,13081.35,0.0379,39,3.88,485,8.4,0.9604,1.0,15,30.7,2
2024-09,Retail,Busan,Marketplace,C-Ultra,Affinity,12847,0.03581,460,609,0.01817,11,17,71507.56,1215628.58,734736.78,480891.8,118211.57,3034545.49,-2671865.25,110511.69,0.0488,59268.78,0.0369,47,4.39,717,2.3,0.9437,0.933,13,36.2,0
2024-09,Retail,Busan,Marketplace,C-Ultra,VIP,9905,0.00971,96,122,0.02187,2,2,70531.05,141062.1,89673.98,51388.13,49522.0,735076.86,-733210.73,70531.05,0.0271,3820.93,0.0233,23,4.24,318,6.4,0.9923,1.0,2,23.3,0
2024-09,Retail,Busan,Marketplace,D-Home,Mass,10175,0.02591,263,282,0.01589,4,3,52604.14,157812.41,99958.02,57854.38,149663.01,1969103.56,-2060912.18,39453.1,0.0281,4432.4,0.0248,41,4.34,252,5.2,0.9482,0.9261,15,27.0,0
2024-09,Retail,Busan,Marketplace,D-Home,Affinity,9283,0.02168,201,248,0.02487,6,9,54318.23,488864.08,320505.28,168358.79,62875.14,1646303.87,-1540820.22,81477.35,0.0513,25071.27,0.049,26,4.34,808,11.2,0.9927,0.9292,23,34.4,0
2024-09,Retail,Busan,Marketplace,D-Home,VIP,8914,0.02725,242,283,0.01852,5,6,56886.8,341320.78,228501.87,112818.91,115891.27,2738538.13,-2741610.5,68264.16,0.0313,10687.82,0.0278,44,3.89,769,5.8,0.9925,0.943,20,31.6,0
2024-09,Retail,Busan,Marketplace,E-Office,Mass,11577,0.04119,476,582,0.02432,14,15,57719.09,865786.39,550316.15,315470.24,131118.95,794976.12,-610624.83,61841.89,0.0339,29355.83,0.0198,54,5.0,230,10.4,0.9117,0.9529,8,28.9,0
2024-09,Retail,Busan,Marketplace,E-Office,Affinity,9997,0.02424,242,305,0.03402,10,10,60169.71,601697.06,377104.48,224592.58,115298.86,1779585.06,-1670291.34,60169.71,0.0541,32577.41,0.0357,38,4.52,203,2.0,0.9854,0.9179,9,30.5,1
2024-09,Retail,Busan,Marketplace,E-Office,VIP,9618,0.0242,232,303,0.02606,7,12,61734.08,740808.91,469960.02,270848.89,87270.75,527380.45,-343802.31,105829.84,0.0513,37970.88,0.0289,49,3.48,718,5.7,0.9229,0.9547,0,33.4,0
2024-09,Retail,Busan,Marketplace,F-Outdoor,Mass,10678,0.02598,277,309,0.03285,10,19,66198.73,1257775.82,748030.2,509745.62,79574.92,2605504.68,-2175333.98,125777.58,0.013,16379.84,0.0375,25,4.2,296,6.0,1.0,0.8896,10,22.6,2
2024-09,Retail,Busan,Marketplace,F-Outdoor,Affinity,12518,0.01088,136,169,0.02252,3,4,64224.49,256897.97,156677.8,100220.16,68302.15,873156.31,-841238.3,85632.66,0.0411,10551.11,0.0306,41,3.87,566,9.2,1.0,0.9197,10,28.9,3
2024-09,Retail,Busan,Marketplace,F-Outdoor,VIP,12404,0.01549,192,237,0.02688,6,7,67943.95,475607.65,287392.6,188215.05,136797.61,1527235.53,-1475818.1,79267.94,0.0123,5831.55,0.0398,34,4.79,864,7.5,0.9212,0.936,8,11.3,3
2024-09,Retail,Busan,App,A-Standard,Mass,8355,0.02339,195,214,0.02081,4,6,28564.59,171387.57,112778.73,58608.84,99540.73,765505.52,-806437.41,42846.89,0.0133,2273.14,0.0363,37,4.16,550,5.9,0.9294,0.9714,13,23.4,2
2024-09,Retail,Busan,App,A-Standard,Affinity,8717,0.02977,259,287,0.02814,8,9,30256.56,272309.0,178588.17,93720.83,124992.41,594572.0,-625843.58,34038.63,0.0351,9549.94,0.0401,55,4.39,438,7.6,0.941,0.981,22,29.0,5
2024-09,Retail,Busan,App,A-Standard,VIP,6357,0.01674,106,112,0.03006,3,4,31370.16,125480.65,89275.91,36204.74,56542.88,2987214.37,-3007552.51,41826.88,0.0329,4124.32,0.0161,54,4.63,490,10.9,0.9303,0.9185,12,19.8,0
2024-09,Retail,Busan,App,B-Pro,Mass,9106,0.02273,207,271,0.02682,7,10,43842.15,438421.52,284948.27,153473.25,92843.24,1688280.55,-1627650.55,62631.65,0.0511,22385.44,0.0317,52,4.65,459,9.2,0.9329,0.8832,17,36.4,0
2024-09,Retail,Busan,App,B-Pro,Affinity,8093,0.01885,152,189,0.02365,4,7,45254.61,316782.24,203347.74,113434.5,64964.72,975791.12,-927321.34,79195.56,0.0165,5242.27,0.027,54,4.51,705,6.0,1.0,0.8962,0,28.6,0
2024-09,Retail,Busan,App,B-Pro,VIP,7765,0.02574,199,228,0.03016,6,10,43841.02,438410.16,279489.62,158920.54,79360.48,2250313.62,-2170753.57,73068.36,0.0534,23408.19,0.0345,62,4.16,687,8.4,0.9826,0.9742,11,31.3,0
2024-09,Retail,Busan,App,C-Ultra,Mass,8531,0.02535,216,239,0.02152,5,7,72265.95,505861.62,312421.26,193440.36,97636.19,1532001.74,-1436197.56,101172.32,0.0262,13274.37,0.0576,47,5.0,773,8.3,0.9611,0.9038,19,31.4,0
2024-09,Retail,Busan,App,C-Ultra,Affinity,7814,0.00757,59,68,0.02278,1,1,72507.61,72507.61,43472.68,29034.93,31005.12,1432452.43,-1434422.62,72507.61,0.0303,2200.37,0.0223,56,4.13,639,8.4,0.961,0.9343,10,25.3,0
2024-09,Retail,Busan,App,C-Ultra,VIP,9893,0.02621,259,291,0.02152,6,7,70030.47,490213.31,304771.65,185441.66,116140.9,2425583.45,-2356282.69,81702.22,0.0378,18520.8,0.0384,47,4.42,745,9.5,0.9488,0.8873,29,39.2,1
2024-09,Retail,Busan,App,D-Home,Mass,7070,0.03082,217,288,0.02713,7,9,55093.33,495839.95,314087.13,181752.82,49885.82,739610.65,-607743.66,70834.28,0.0476,23579.67,0.0493,39,4.5,762,7.0,0.935,0.8979,18,28.5,0
2024-09,Retail,Busan,App,D-Home,Affinity,7392,0.01674,123,130,0.02732,3,4,53583.77,214335.1,140602.38,73732.72,82729.56,2819821.67,-2828818.51,71445.03,0.0227,4875.65,0.0367,27,4.51,670,7.3,0.8854,0.8609,13,19.2,0
2024-09,Retail,Busan,App,D-Home,VIP,9846,0.022,216,269,0.03262,8,10,56337.79,563377.93,341667.37,221710.55,120931.73,2862567.88,-2761789.05,70422.24,0.0418,23532.16,0.0317,37,3.91,577,9.8,0.9163,0.9473,18,21.2,0
2024-09,Retail,Busan,App,E-Office,Mass,9306,0.02895,269,287,0.01768,5,7,62320.12,436240.84,263240.73,173000.12,131525.4,1930534.86,-1889060.14,87248.17,0.034,14820.71,0.0246,64,4.42,374,4.8,0.9563,1.0,16,34.8,2
2024-09,Retail,Busan,App,E-Office,Affinity,10248,0.02818,288,333,0.02972,9,6,61659.97,369959.81,225201.46,144758.35,128402.5,141452.59,-125096.74,41106.65,0.0353,13059.24,0.0355,25,4.51,608,6.6,0.9283,0.8726,6,34.8,0
2024-09,Retail,Busan,App,E-Office,VIP,7439,0.03428,255,326,0.02507,8,8,60193.24,481545.94,313611.29,167934.64,139951.45,1352225.48,-1324242.29,60193.24,0.0,0.0,0.0226,39,4.46,400,8.0,0.9586,0.932,12,26.9,0
2024-09,Retail,Busan,App,F-Outdoor,Mass,8728,0.02414,210,263,0.02913,7,11,62727.25,689999.78,443756.44,246243.35,82490.24,1256497.43,-1092744.33,98571.4,0.0344,23703.42,0.054,65,4.03,201,8.1,0.9672,0.9406,12,29.1,3
2024-09,Retail,Busan,App,F-Outdoor,Affinity,6871,0.0171,117,134,0.03707,4,5,66499.25,332496.26,193570.51,138925.75,55654.17,988518.71,-905247.13,83124.07,0.015,5001.34,0.0309,29,3.91,387,11.4,0.932,0.9868,26,22.0,2
2024-09,Retail,Busan,App,F-Outdoor,VIP,9396,0.01674,157,169,0.02548,4,4,65171.96,260687.84,158881.35,101806.5,107168.07,1497878.16,-1503239.73,65171.96,0.0575,14978.85,0.0268,57,4.47,830,7.6,0.914,0.9471,8,26.1,1
2024-09,Online,Seoul,Direct,A-Standard,Mass,14066,0.02596,365,450,0.00852,3,3,30254.83,90764.48,63618.66,27145.82,122899.22,1500292.96,-1596046.36,30254.83,0.0347,3149.69,0.0223,33,3.93,293,4.5,0.9747,0.9113,25,24.2,0
2024-09,Online,Seoul,Direct,A-Standard,Affinity,11622,0.02888,335,354,0.0213,7,8,29881.38,239051.06,166154.34,72896.72,90678.73,44024.09,-61806.1,34150.15,0.0468,11191.89,0.0228,55,4.67,626,9.3,1.0,0.9237,20,22.2,0
2024-09,Online,Seoul,Direct,A-Standard,VIP,13949,0.02954,412,494,0.03219,15,25,29024.49,725612.32,473973.03,251639.28,131621.03,1362874.44,-1242856.2,48374.15,0.0407,29538.63,0.0393,47,4.03,440,5.9,0.9676,0.9233,8,21.3,0
2024-09,Online,Seoul,Direct,B-Pro,Mass,16848,0.02871,483,602,0.02261,13,11,46310.38,509414.19,323674.08,185740.11,211450.37,3057225.86,-3082936.12,39185.71,0.0114,5793.56,0.034,46,3.49,261,3.1,0.9251,0.9256,8,42.7,0
2024-09,Online,Seoul,Direct,B-Pro,Affinity,12005,0.03162,379,406,0.02638,10,6,44649.6,267897.62,172420.04,95477.58,186853.15,1084961.23,-1176336.8,26789.76,0.0335,8966.26,0.0249,25,4.58,829,7.6,0.9723,0.9466,18,24.1,2
2024-09,Online,Seoul,Direct,B-Pro,VIP,11190,0.02041,228,295,0.01633,4,5,43044.69,215223.47,135356.21,79867.26,88068.56,2764423.48,-2772624.79,53805.87,0.0435,9355.31,0.0319,41,4.31,638,8.3,0.9461,0.9208,6,27.6,0
2024-09,Online,Seoul,Direct,C-Ultra,Mass,15523,0.0353,547,688,0.02937,20,33,69421.32,2290903.58,1359872.96,931030.62,274938.14,1273140.79,-617048.31,114545.18,0.0353,80867.73,0.0372,46,3.69,858,5.5,0.9344,0.8846,9,26.9,0
2024-09,Online,Seoul,Direct,C-Ultra,Affinity,12251,0.0293,358,379,0.02609,9,12,71352.74,856232.88,499391.36,356841.52,179022.35,3029603.99,-2851784.81,95136.99,0.0459,39302.93,0.0261,40,4.12,808,8.6,0.9244,0.9622,11,31.8,0
2024-09,Online,Seoul,Direct,C-Ultra,VIP,13260,0.02418,320,372,0.03733,13,23,67714.33,1557429.49,946825.22,610604.27,116594.72,519057.49,-25047.94,119802.27,0.0341,53030.79,0.0472,57,4.22,215,8.1,0.9694,0.8753,11,25.0,0
2024-09,Online,Seoul,Direct,D-Home,Mass,14872,0.03291,489,540,0.02246,12,9,53268.82,479419.4,322817.02,156602.38,207788.8,1472281.63,-1523468.04,39951.62,0.0438,21009.43,0.0466,28,4.1,827,5.6,0.9952,0.9316,6,16.5,1
2024-09,Online,Seoul,Direct,D-Home,Affinity,13287,0.02448,325,391,0.02292,8,7,55145.85,386020.93,247036.2,138984.73,188039.82,460629.35,-509684.43,48252.62,0.0155,5968.73,0.0192,43,4.27,1004,5.4,0.944,0.95,13,24.4,1
2024-09,Online,Seoul,Direct,D-Home,VIP,15015,0.02279,342,448,0.03239,14,24,55702.28,1336854.7,867923.12,468931.57,142924.03,1823049.68,-1497042.14,95489.62,0.0098,13097.97,0.0289,16,5.0,661,8.3,0.9462,0.9571,8,34.5,0
2024-09,Online,Seoul,Direct,E-Office,Mass,12679,0.01678,212,244,0.02813,6,5,59676.45,298382.23,193944.75,104437.48,147073.57,2655786.45,-2698422.54,49730.37,0.0367,10958.77,0.0491,37,4.33,921,6.5,0.9301,0.8334,4,32.0,0
2024-09,Online,Seoul,Direct,E-Office,Affinity,11657,0.0323,376,446,0.02345,10,7,58864.04,412048.3,244445.54,167602.76,79991.42,282629.6,-195018.27,41204.83,0.0379,15625.37,0.0302,39,4.18,827,11.4,0.9507,0.9413,11,38.4,0
2024-09,Online,Seoul,Direct,E-Office,VIP,12722,0.02373,301,367,0.02057,7,4,60698.31,242793.25,144491.32,98301.93,165786.91,2153974.73,-2221459.71,34684.75,0.0225,5470.35,0.0153,29,4.47,496,7.0,0.956,0.9383,12,37.5,1
2024-09,Online,Seoul,Direct,F-Outdoor,Mass,14009,0.02483,347,459,0.0165,7,10,65943.75,659437.53,379542.15,279895.38,139695.48,1608956.14,-1468756.24,94205.36,0.0146,9607.03,0.0336,66,4.3,729,5.1,0.9288,0.998,15,27.0,0
2024-09,Online,Seoul,Direct,F-Outdoor,Affinity,12502,0.0279,348,401,0.03098,12,16,67983.87,1087741.94,622712.45,465029.49,135685.28,880059.03,-550714.82,90645.16,0.017,18519.91,0.0294,56,3.95,947,13.3,0.9807,0.919,12,24.1,0
2024-09,Online,Seoul,Direct,F-Outdoor,VIP,11434,0.02759,315,349,0.02968,10,17,64472.31,1096029.33,694059.93,401969.4,139200.66,1423232.62,-1160463.88,109602.93,0.0214,23496.71,0.0338,43,3.61,476,8.6,0.9514,0.9897,18,23.5,0
2024-09,Online,Seoul,Partner,A-Standard,Mass,12754,0.01785,227,245,0.02711,6,9,30781.01,277029.12,188428.63,88600.5,122168.52,745538.75,-779106.77,46171.52,0.0277,7665.92,0.0516,39,4.76,1160,6.2,0.8927,0.9289,7,39.0,0
2024-09,Online,Seoul,Partner,A-Standard,Affinity,9499,0.02353,223,285,0.0302,8,9,29639.82,266758.4,177953.44,88804.96,101065.81,1128252.47,-1140513.33,33344.8,0.0587,15667.47,0.0414,72,4.16,693,7.2,0.944,0.9226,7,21.4,0
2024-09,Online,Seoul,Partner,A-Standard,VIP,10043,0.02697,270,341,0.02688,9,11,29439.15,323830.69,227587.21,96243.48,166194.6,1734672.57,-1804623.68,35981.19,0.0187,6047.79,0.0243,27,4.46,339,7.5,0.9794,0.9427,14,24.7,1
2024-09,Online,Seoul,Partner,B-Pro,Mass,10587,0.03453,365,450,0.02736,12,16,45459.43,727350.9,452228.73,275122.17,171557.27,1118015.43,-1014450.53,60612.58,0.0186,13525.04,0.0423,61,4.3,560,5.4,0.9297,0.9677,6,23.3,0
2024-09,Online,Seoul,Partner,B-Pro,Affinity,11838,0.02506,296,340,0.03929,13,17,45332.94,770659.95,478233.4,292426.55,181422.9,973611.46,-862607.81,59281.53,0.0402,30956.01,0.0264,61,4.3,744,5.7,0.9907,0.9245,11,25.7,0
2024-09,Online,Seoul,Partner,B-Pro,VIP,12219,0.02755,336,395,0.03271,12,15,46962.57,704438.48,455199.92,249238.55,109925.84,1810277.44,-1670964.73,58703.21,0.0207,14580.67,0.0414,40,4.24,446,9.5,0.9931,0.9149,6,44.1,1
2024-09,Online,Seoul,Partner,C-Ultra,Mass,9572,0.02486,237,271,0.0204,5,5,67531.7,337658.51,203850.19,133808.31,101520.13,611527.53,-579239.35,67531.7,0.0438,14772.92,0.037,59,3.76,90,4.5,0.9785,0.9749,16,32.5,0
2024-09,Online,Seoul,Partner,C-Ultra,Affinity,12431,0.02603,323,370,0.02272,8,9,66633.41,599700.66,382216.72,217483.94,93815.69,1914835.89,-1791167.64,74962.58,0.0,0.0,0.0299,18,4.08,1122,5.8,0.9918,0.9077,13,16.6,0
2024-09,Online,Seoul,Partner,C-Ultra,VIP,8718,0.03212,280,303,0.0258,7,8,72830.82,582646.58,350125.71,232520.88,146918.67,1743954.71,-1658352.5,83235.23,0.0633,36873.67,0.005,68,4.05,209,7.2,1.0,0.8882,10,18.1,3
2024-09,Online,Seoul,Partner,D-Home,Mass,10175,0.02479,252,295,0.01315,3,3,55427.45,166282.36,106002.38,60279.98,165149.58,1572202.42,-1677072.02,55427.45,0.0265,4401.75,0.0315,35,4.21,979,9.8,1.0,0.8872,16,34.2,4
2024-09,Online,Seoul,Partner,D-Home,Affinity,13366,0.02061,275,365,0.02527,9,16,56615.8,905852.87,575315.79,330537.08,102897.05,195153.94,32486.09,100650.32,0.0488,44172.27,0.0361,47,4.3,627,6.3,0.9661,0.9425,9,26.2,1
2024-09,Online,Seoul,Partner,D-Home,VIP,14463,0.0215,311,386,0.0211,8,8,56479.85,451838.81,297961.35,153877.46,131065.1,2811470.77,-2788658.41,56479.85,0.0436,19688.51,0.0331,29,4.57,610,6.7,0.9794,0.9131,9,23.6,0
2024-09,Online,Seoul,Partner,E-Office,Mass,10320,0.02052,211,264,0.02359,6,11,62189.06,684079.63,408561.28,275518.35,77165.43,1576236.02,-1377883.09,114013.27,0.0461,31551.52,0.0364,41,4.18,799,7.4,1.0,0.9309,19,18.7,0
2024-09,Online,Seoul,Partner,E-Office,Affinity,13016,0.0312,406,522,0.02465,12,21,62018.49,1302388.34,776407.84,525980.5,107303.94,3034042.01,-2615365.46,108532.36,0.0334,43493.18,0.0263,32,4.28,529,2.1,0.9845,0.9644,2,29.8,0
2024-09,Online,Seoul,Partner,E-Office,VIP,11346,0.02042,231,277,0.03295,9,13,62648.32,814428.18,487566.04,326862.15,96130.03,2318372.98,-2087640.86,90492.02,0.0497,40491.68,0.0218,21,4.37,725,7.2,0.9255,0.9127,10,24.7,1
2024-09,Online,Seoul,Partner,F-Outdoor,Mass,10315,0.02917,300,321,0.01337,4,5,63799.55,318997.75,204737.21,114260.54,171973.01,1371503.92,-1429216.39,79749.44,0.0238,7594.21,0.0294,66,4.36,390,6.3,0.9628,0.9703,19,34.9,3
2024-09,Online,Seoul,Partner,F-Outdoor,Affinity,10267,0.02354,241,296,0.03055,9,13,65656.31,853532.02,505338.52,348193.5,110731.45,2494821.73,-2257359.68,94836.89,0.0305,26003.82,0.0444,42,4.11,657,6.6,0.9465,0.9654,15,21.8,0
2024-09,Online,Seoul,Partner,F-Outdoor,VIP,10986,0.02347,257,308,0.02509,7,12,67652.23,811826.71,509574.54,302252.17,90494.65,1591779.16,-1380021.65,115975.24,0.0234,18977.62,0.0281,27,4.61,835,4.0,0.9592,0.8772,14,27.4,1
2024-09,Online,Seoul,Marketplace,A-Standard,Mass,16593,0.02982,494,590,0.02056,12,16,29525.33,472405.3,327684.72,144720.58,164397.8,2110131.66,-2129808.87,39367.11,0.0314,14832.0,0.0429,57,4.2,471,2.0,0.9544,0.9116,11,26.8,0
2024-09,Online,Seoul,Marketplace,A-Standard,Affinity,20326,0.01873,380,469,0.02083,9,13,28574.62,371470.1,264241.01,107229.09,225824.72,1545080.14,-1663675.77,41274.46,0.0199,7385.73,0.0345,59,4.78,270,8.1,0.9639,0.8888,12,16.0,0
2024-09,Online,Seoul,Marketplace,A-Standard,VIP,19381,0.02084,403,434,0.03187,13,18,30936.99,556865.75,392483.58,164382.16,144650.06,540890.66,-521158.55,42835.83,0.0403,22423.49,0.03,34,3.66,972,6.5,0.977,0.9455,6,31.4,2
2024-09,Online,Seoul,Marketplace,B-Pro,Mass,16631,0.01869,310,326,0.02143,6,7,43994.0,307958.03,205899.04,102058.99,156563.41,1580399.81,-1634904.23,51326.34,0.0458,14107.2,0.0264,40,4.28,800,7.1,0.9351,0.9336,15,25.7,0
2024-09,Online,Seoul,Marketplace,B-Pro,Affinity,18961,0.02839,538,629,0.02638,16,11,46396.91,510365.99,329612.34,180753.65,207905.46,2139521.58,-2166673.39,31897.87,0.0147,7517.97,0.0211,40,4.42,165,7.1,0.9651,0.9761,22,40.6,4
2024-09,Online,Seoul,Marketplace,B-Pro,VIP,13158,0.02952,388,452,0.0368,16,24,47146.18,1131508.4,730643.81,400864.59,177829.23,1084203.58,-861168.22,70719.28,0.0575,65063.59,0.0342,44,3.95,847,5.1,0.9829,0.9276,23,36.8,2
2024-09,Online,Seoul,Marketplace,C-Ultra,Mass,15502,0.02674,414,485,0.02834,13,13,73355.27,953618.52,578691.95,374926.57,164125.33,404943.45,-194142.21,73355.27,0.0501,47763.09,0.0362,40,4.45,613,7.3,0.9422,0.9805,17,32.6,1
2024-09,Online,Seoul,Marketplace,C-Ultra,Affinity,19680,0.02988,588,670,0.0303,20,31,67456.52,2091152.24,1235311.97,855840.28,324532.75,2107284.67,-1575977.15,104557.61,0.0395,82695.09,0.027,39,4.2,747,9.8,0.967,0.9895,0,44.7,0
2024-09,Online,Seoul,Marketplace,C-Ultra,VIP,14417,0.01827,263,311,0.02809,8,12,68435.17,821222.02,478075.63,343146.39,102982.4,948555.35,-708391.36,102652.75,0.0284,23344.49,0.0268,37,3.83,702,8.9,0.9603,0.9287,10,23.4,0
2024-09,Online,Seoul,Marketplace,D-Home,Mass,17200,0.02555,439,506,0.03092,15,28,54256.2,1519173.61,1026156.52,493017.1,106941.45,2346682.56,-1960606.92,101278.24,0.0493,74836.88,0.05,43,4.35,807,9.6,0.9627,0.8927,12,24.0,0
2024-09,Online,Seoul,Marketplace,D-Home,Affinity,18901,0.01497,283,312,0.03265,10,13,55299.84,718897.9,458608.69,260289.21,180297.8,1206218.37,-1126226.95,71889.79,0.027,19378.69,0.0233,55,4.37,923,7.1,1.0,0.8999,16,35.0,0
2024-09,Online,Seoul,Marketplace,D-Home,VIP,21320,0.02508,534,603,0.03978,23,18,56299.31,1013387.51,653566.5,359821.01,313357.75,2083914.84,-2037451.58,44060.33,0.0176,17814.72,0.0234,35,3.9,794,5.2,0.9496,0.9428,8,32.6,1
2024-09,Online,Seoul,Marketplace,E-Office,Mass,14620,0.02554,373,481,0.01083,5,7,58603.67,410225.69,252327.77,157897.92,160182.6,2451207.26,-2453491.94,82045.14,0.0415,17015.64,0.0508,33,4.36,755,6.1,0.9783,0.9227,9,21.8,0
2024-09,Online,Seoul,Marketplace,E-Office,Affinity,17417,0.03158,550,659,0.02127,14,26,60211.6,1565501.72,937932.51,627569.2,295921.37,2540096.77,-2208448.94,111821.55,0.03,46954.19,0.0272,52,4.35,879,8.5,0.9946,0.9618,7,25.6,0
2024-09,Online,Seoul,Marketplace,E-Office,VIP,19772,0.03131,619,792,0.03193,25,32,57185.68,1829941.75,1173217.93,656723.82,165557.48,1249855.62,-758689.27,73197.67,0.0371,67810.7,0.027,45,4.39,483,3.3,0.9243,0.9936,9,20.5,2
2024-09,Online,Seoul,Marketplace,F-Outdoor,Mass,13596,0.02968,403,505,0.01925,9,16,67694.12,1083105.98,621237.25,461868.73,185650.73,3043159.15,-2766941.15,120345.11,0.0287,31051.06,0.0354,40,4.29,1258,6.1,0.9658,0.869,10,12.6,0
2024-09,Online,Seoul,Marketplace,F-Outdoor,Affinity,17811,0.02824,502,554,0.02992,16,28,62263.57,1743380.06,1115690.79,627689.26,154120.52,2670719.8,-2197151.06,108961.25,0.0213,37116.49,0.0379,34,4.1,357,4.4,0.9786,0.912,24,35.6,3
2024-09,Online,Seoul,Marketplace,F-Outdoor,VIP,18939,0.02621,496,537,0.03272,17,22,61928.84,1362434.4,815281.75,547152.64,163083.58,1977978.79,-1593909.73,80143.2,0.0312,42452.34,0.0246,40,4.25,90,7.7,0.9389,0.9627,13,41.3,1
2024-09,Online,Seoul,App,A-Standard,Mass,11748,0.02966,348,397,0.02508,9,16,28998.39,463974.3,311197.33,152776.97,162712.51,1169631.41,-1179566.96,51552.7,0.0259,12017.77,0.0524,31,3.76,466,6.5,0.9671,0.9156,16,37.5,0
2024-09,Online,Seoul,App,A-Standard,Affinity,12638,0.01906,240,275,0.02755,7,11,29002.36,319025.91,219732.18,99293.73,115484.25,1898535.0,-1914725.52,45575.13,0.0594,18957.06,0.0223,23,4.15,334,5.1,0.9664,0.9175,16,31.6,1
2024-09,Online,Seoul,App,A-Standard,VIP,12436,0.01832,227,281,0.02696,7,6,30268.44,181610.63,122507.99,59102.64,70453.19,1652821.93,-1664172.48,25944.38,0.0403,7325.39,0.0342,44,4.55,470,7.2,0.9905,0.8612,20,18.4,2
2024-09,Online,Seoul,App,B-Pro,Mass,15640,0.04001,625,707,0.02497,17,20,45859.5,917190.08,593539.68,323650.4,165239.89,632843.1,-474432.59,53952.36,0.0496,45535.84,0.0398,22,4.16,689,11.0,0.9757,0.8234,0,26.1,3
2024-09,Online,Seoul,App,B-Pro,Affinity,13532,0.02246,303,369,0.02867,10,12,44994.01,539928.08,342585.25,197342.83,107818.46,2719859.95,-2630335.59,53992.81,0.0343,18545.96,0.0395,39,4.4,745,9.3,0.9786,0.9448,17,35.8,0
2024-09,Online,Seoul,App,B-Pro,VIP,12577,0.02529,318,348,0.0301,10,15,45002.83,675042.5,457259.54,217782.96,120745.25,2781149.26,-2684111.55,67504.25,0.0585,39503.52,0.0307,61,4.17,627,8.6,0.9449,0.9776,0,35.2,0
2024-09,Online,Seoul,App,C-Ultra,Mass,10534,0.0281,295,340,0.0237,8,10,73209.78,732097.78,454749.63,277348.15,117989.0,1769495.74,-1610136.59,91512.22,0.041,30012.4,0.0322,52,3.55,525,6.2,0.8981,0.9528,9,39.1,0
2024-09,Online,Seoul,App,C-Ultra,Affinity,11126,0.02143,238,289,0.02412,6,6,69881.89,419291.36,236367.34,182924.03,105722.63,2435935.78,-2358734.38,69881.89,0.044,18441.75,0.0434,27,4.33,229,5.1,0.9499,0.8999,9,36.0,0
2024-09,Online,Seoul,App,C-Ultra,VIP,11251,0.02412,271,309,0.02617,8,10,71424.32,714243.2,411126.45,303116.76,121838.01,2428957.83,-2247679.08,89280.4,0.0315,22516.02,0.0345,35,4.08,572,6.3,0.9707,0.9175,22,31.1,4
2024-09,Online,Seoul,App,D-Home,Mass,13685,0.02682,366,406,0.03306,13,23,55777.96,1282893.17,851550.72,431342.45,190136.78,840334.03,-599128.36,98684.09,0.0438,56131.42,0.0342,53,4.81,660,10.7,0.9894,0.9238,1,19.5,0
2024-09,Online,Seoul,App,D-Home,Affinity,15809,0.03045,481,536,0.02701,14,13,53783.02,699179.2,445844.19,253335.01,184007.49,257269.15,-187941.62,49941.37,0.042,29332.64,0.036,44,4.68,319,6.7,0.9511,0.9002,14,20.9,4
2024-09,Online,Seoul,App,D-Home,VIP,13110,0.02263,296,341,0.02609,8,18,53089.73,955615.22,627474.37,328140.85,123100.81,2796072.99,-2591032.94,119451.9,0.0419,39998.95,0.0558,23,4.52,501,7.4,0.944,0.9146,14,41.1,2
2024-09,Online,Seoul,App,E-Office,Mass,13222,0.03367,445,515,0.01982,10,8,58755.25,470041.96,297838.07,172203.89,185104.51,2309771.1,-2322671.72,47004.2,0.025,11761.32,0.032,31,3.86,393,4.7,0.9314,0.9268,9,22.6,0
2024-09,Online,Seoul,App,E-Office,Affinity,13246,0.01491,197,257,0.02459,6,7,60498.82,423491.73,272492.0,150999.73,122170.85,1246518.17,-1217689.3,70581.95,0.0512,21663.63,0.0607,40,4.18,679,4.0,0.9968,0.8943,14,17.3,0
2024-09,Online,Seoul,App,E-Office,VIP,11640,0.03161,367,449,0.03081,13,19,58904.34,1119182.4,698777.52,420404.89,133657.9,1597729.57,-1310982.58,86090.95,0.0368,41184.31,0.0396,45,3.89,523,4.6,0.9535,0.8743,8,29.9,0
2024-09,Online,Seoul,App,F-Outdoor,Mass,9738,0.0333,324,403,0.02944,11,20,68096.58,1361931.5,819063.27,542868.23,88518.95,1096479.26,-642129.98,123811.95,0.0311,42368.6,0.0239,27,4.15,502,8.2,0.9397,0.922,8,38.5,0
2024-09,Online,Seoul,App,F-Outdoor,Affinity,13586,0.021,285,317,0.02472,7,9,65481.65,589334.85,363912.78,225422.07,141643.57,536386.55,-452608.05,84190.69,0.0343,20225.58,0.0336,43,4.23,580,7.2,0.9619,0.9229,21,29.9,1
2024-09,Online,Seoul,App,F-Outdoor,VIP,9298,0.03194,296,388,0.03709,14,20,62877.41,1257548.19,721361.63,536186.57,154750.88,819874.32,-438438.63,89824.87,0.0516,64896.58,0.0336,55,4.47,747,5.2,0.9844,0.8645,9,34.9,0
2024-09,Online,Busan,Direct,A-Standard,Mass,10001,0.02139,213,227,0.02605,5,4,30497.45,121989.79,85237.24,36752.55,132730.47,1239557.66,-1335535.58,24397.96,0.0522,6362.3,0.0247,49,3.86,751,7.8,1.0,0.9121,15,36.0,1
2024-09,Online,Busan,Direct,A-Standard,Affinity,8122,0.02571,208,226,0.01492,3,4,29299.76,117199.06,79549.98,37649.08,61416.57,42909.7,-66677.19,39066.35,0.0346,4052.06,0.0237,32,4.14,381,4.6,0.9967,1.0,14,28.6,0
2024-09,Online,Busan,Direct,A-Standard,VIP,11430,0.02058,235,267,0.03023,8,11,31178.81,342966.89,234550.56,108416.33,102779.87,958491.88,-952855.42,42870.86,0.0386,13235.2,0.0432,44,3.95,588,9.5,0.9111,0.9611,2,31.2,1
2024-09,Online,Busan,Direct,B-Pro,Mass,10669,0.02407,256,292,0.02274,6,8,46819.32,374554.57,237033.32,137521.24,108244.52,2205869.02,-2176592.3,62425.76,0.0551,20620.51,0.0472,22,4.6,469,3.3,0.9233,0.8843,18,28.9,1
2024-09,Online,Busan,Direct,B-Pro,Affinity,12130,0.03545,430,547,0.02491,13,18,43312.48,779624.72,482871.49,296753.22,156223.92,1721898.51,-1581369.21,59971.13,0.0563,43872.3,0.0278,14,4.59,547,10.0,0.9133,0.9193,12,27.6,0
2024-09,Online,Busan,Direct,B-Pro,VIP,11306,0.0243,274,295,0.035,10,15,45003.36,675050.4,443785.43,231264.97,105874.75,429645.24,-304255.02,67505.04,0.0254,17113.9,0.0464,48,4.04,732,6.0,0.9328,0.9674,15,31.1,1
2024-09,Online,Busan,Direct,C-Ultra,Mass,12014,0.03054,366,444,0.01344,5,7,67472.19,472305.32,290439.88,181865.44,120280.41,2178224.54,-2116639.52,94461.06,0.007,3312.93,0.0562,40,4.09,374,6.3,0.9361,0.9108,23,24.6,3
2024-09,Online,Busan,Direct,C-Ultra,Affinity,9453,0.02278,215,284,0.02643,7,5,68382.22,341911.08,200608.39,141302.69,103241.85,1555858.49,-1517797.65,48844.44,0.0502,17167.64,0.0357,44,4.13,855,2.6,0.9125,0.9328,3,27.8,0
2024-09,Online,Busan,Direct,C-Ultra,VIP,11073,0.0335,370,440,0.0244,10,11,69527.86,764806.47,452645.59,312160.88,144562.98,1313327.58,-1145729.68,76480.65,0.0179,13721.61,0.0288,55,4.36,645,6.3,0.9834,0.9127,17,34.1,3
2024-09,Online,Busan,Direct,D-Home,Mass,9020,0.02211,199,219,0.02405,5,4,55118.02,220472.09,145907.26,74564.83,53223.93,1906103.11,-1884762.21,44094.42,0.0374,8241.49,0.037,60,4.57,712,7.9,0.9988,0.9529,6,9.0,3
2024-09,Online,Busan,Direct,D-Home,Affinity,9837,0.03741,368,400,0.0274,10,16,55091.09,881457.47,545503.23,335954.24,121301.85,2169486.85,-1954834.46,88145.75,0.0458,40340.13,0.0227,57,4.14,579,7.0,0.9872,0.9409,6,18.0,4
2024-09,Online,Busan,Direct,D-Home,VIP,9447,0.02642,249,324,0.03593,11,12,56667.67,680012.01,412263.46,267748.55,103378.72,2953840.09,-2789470.26,61819.27,0.026,17686.86,0.0256,32,4.46,949,8.3,0.9369,0.9706,11,25.7,0
2024-09,Online,Busan,Direct,E-Office,Mass,8770,0.0252,220,257,0.02619,6,9,59863.59,538772.35,343775.78,194996.57,118360.39,2405818.77,-2329182.59,89795.39,0.0471,25399.58,0.0376,36,3.83,454,6.5,0.9235,0.915,13,27.6,2
2024-09,Online,Busan,Direct,E-Office,Affinity,9038,0.02758,249,311,0.02387,7,7,60595.12,424165.83,254072.41,170093.42,96928.59,1581810.51,-1508645.68,60595.12,0.0414,17544.25,0.0193,28,3.45,599,6.7,0.9532,0.9842,13,45.7,0
2024-09,Online,Busan,Direct,E-Office,VIP,11067,0.02358,260,315,0.03326,10,17,58377.78,992422.29,610040.21,382382.09,131346.23,2762303.97,-2511268.11,99242.23,0.0421,41781.65,0.0398,41,3.86,1124,7.4,0.9308,0.9697,13,24.6,0
2024-09,Online,Busan,Direct,F-Outdoor,Mass,12117,0.01906,230,262,0.02937,7,11,63832.79,702160.7,426700.16,275460.54,68941.82,1659102.25,-1452583.53,100308.67,0.038,26689.11,0.0306,39,5.0,411,10.7,0.9519,0.9498,9,35.5,0
2024-09,Online,Busan,Direct,F-Outdoor,Affinity,9518,0.02839,270,308,0.02691,8,13,65776.27,855091.47,537693.77,317397.7,92124.7,417914.79,-192641.79,106886.43,0.0376,32126.18,0.0272,46,4.15,475,7.6,0.9405,0.8859,20,13.6,2
2024-09,Online,Busan,Direct,F-Outdoor,VIP,10620,0.02421,257,309,0.02704,8,13,65570.37,852414.8,526144.64,326270.16,95676.12,1339246.97,-1108652.93,106551.85,0.0475,40452.22,0.0309,32,3.94,760,9.2,1.0,0.9878,12,22.4,4
2024-09,Online,Busan,Partner,A-Standard,Mass,7549,0.00943,71,85,0.01978,1,2,31290.07,62580.15,44318.67,18261.48,30766.88,1790117.41,-1802622.82,62580.15,0.0314,1967.97,0.0268,53,4.59,885,5.0,0.9648,0.9946,17,22.5,1
2024-09,Online,Busan,Partner,A-Standard,Affinity,7968,0.04365,347,419,0.01343,5,6,31301.28,187807.66,125052.25,62755.41,133362.99,713363.28,-783970.86,37561.53,0.0523,9829.97,0.0354,53,4.64,689,7.2,0.9637,0.9434,24,24.6,2
2024-09,Online,Busan,Partner,A-Standard,VIP,9219,0.02995,276,319,0.03875,12,13,28695.8,373045.43,260992.2,112053.24,151501.7,2651751.49,-2691199.95,31087.12,0.0267,9957.79,0.0269,40,4.65,969,7.5,1.0,0.8998,15,26.9,0
2024-09,Online,Busan,Partner,B-Pro,Mass,9370,0.02946,275,357,0.02055,7,10,43156.9,431569.03,268994.62,162574.41,108068.77,495866.41,-441360.76,61652.72,0.0459,19793.21,0.0212,31,4.43,611,8.3,0.9446,0.8911,16,23.9,0
2024-09,Online,Busan,Partner,B-Pro,Affinity,10768,0.01937,208,267,0.0334,8,10,46760.33,467603.3,314000.53,153602.77,124873.64,1047807.67,-1019078.54,58450.41,0.0406,18993.78,0.042,33,4.53,443,3.7,0.9203,0.9505,17,45.3,0
2024-09,Online,Busan,Partner,B-Pro,VIP,7621,0.0197,150,177,0.03516,6,7,45619.26,319334.79,205362.14,113972.65,79207.81,2496820.4,-2462055.56,53222.46,0.0191,6105.23,0.0152,30,4.33,535,4.8,0.9766,0.9417,16,32.0,5
2024-09,Online,Busan,Partner,C-Ultra,Mass,7683,0.02195,168,211,0.02452,5,5,69343.19,346715.97,210549.5,136166.47,102243.71,1502166.16,-1468243.39,69343.19,0.0553,19171.86,0.0371,71,4.55,628,9.0,0.9643,0.9157,4,37.6,4
2024-09,Online,Busan,Partner,C-Ultra,Affinity,11561,0.03493,403,444,0.02506,11,16,66535.36,1064565.73,672363.95,392201.78,181015.42,194456.6,16729.76,96778.7,0.0345,36722.97,0.0435,49,4.19,502,2.6,0.9859,0.9376,9,38.5,1
2024-09,Online,Busan,Partner,C-Ultra,VIP,10317,0.03007,310,340,0.03376,11,16,68949.84,1103197.5,624870.72,478326.78,152843.24,3074655.71,-2749172.17,100290.68,0.0065,7155.62,0.0291,36,4.38,1010,8.3,0.9567,0.9377,13,11.9,0
2024-09,Online,Busan,Partner,D-Home,Mass,7957,0.02503,199,234,0.02049,4,3,57225.68,171677.05,115734.11,55942.95,72340.37,2960024.19,-2976421.62,42919.26,0.0238,4081.67,0.0503,46,4.41,103,8.6,1.0,0.9856,8,17.6,0
2024-09,Online,Busan,Partner,D-Home,Affinity,8657,0.02331,201,216,0.02842,6,8,55884.11,447072.89,277701.7,169371.2,113595.2,1120877.58,-1065101.59,74512.15,0.0114,5097.05,0.0242,34,4.69,454,9.3,0.9562,0.8687,14,30.0,1
2024-09,Online,Busan,Partner,D-Home,VIP,8317,0.03215,267,320,0.03132,10,13,55098.36,716278.73,475224.92,241053.8,146591.89,1057428.42,-962966.51,71627.87,0.0315,22597.81,0.032,45,4.53,357,12.6,0.9652,0.8972,16,27.7,0
2024-09,Online,Busan,Partner,E-Office,Mass,9983,0.0213,212,232,0.02981,6,10,60167.54,601675.43,355822.49,245852.94,86637.21,2653747.46,-2494531.73,100279.24,0.0,0.0,0.0546,27,4.7,566,5.3,0.9715,0.9804,19,37.9,0
2024-09,Online,Busan,Partner,E-Office,Affinity,8898,0.01949,173,203,0.01747,3,1,57354.37,57354.37,36232.1,21122.27,67702.7,2261491.52,-2308071.95,19118.12,0.0434,2489.01,0.0312,44,4.35,645,7.5,0.9836,0.8836,17,36.9,0
2024-09,Online,Busan,Partner,E-Office,VIP,8085,0.02408,194,237,0.02146,5,7,62798.73,439591.08,280655.59,158935.49,85922.75,1395749.05,-1322736.3,87918.22,0.0413,18168.44,0.0199,11,4.77,455,6.0,0.9578,0.9726,0,18.9,0
2024-09,Online,Busan,Partner,F-Outdoor,Mass,8927,0.03012,268,320,0.02318,7,5,65154.09,325770.46,186213.83,139556.63,135425.07,1633868.98,-1629737.41,46538.64,0.0353,11505.99,0.0392,17,4.08,492,7.4,0.9815,1.0,4,18.6,0
2024-09,Online,Busan,Partner,F-Outdoor,Affinity,8635,0.0248,214,244,0.02002,4,4,65627.45,262509.82,152265.95,110243.86,74603.34,2008561.22,-1972920.7,65627.45,0.0229,6021.81,0.033,45,4.38,1119,7.6,0.9958,0.9599,5,25.3,0
2024-09,Online,Busan,Partner,F-Outdoor,VIP,10028,0.02898,290,339,0.0182,6,9,64862.33,583761.0,347362.27,236398.73,89327.52,3057979.23,-2910908.02,97293.5,0.0348,20311.02,0.026,55,3.92,678,5.3,0.9536,0.976,18,18.5,0
2024-09,Online,Busan,Marketplace,A-Standard,Mass,12081,0.02442,294,328,0.02914,9,12,30681.12,368173.45,258539.31,109634.13,89577.56,1634996.38,-1614939.81,40908.16,0.0439,16179.98,0.0441,33,4.06,594,6.7,0.9589,0.8813,8,34.8,0
2024-09,Online,Busan,Marketplace,A-Standard,Affinity,12354,0.02705,334,399,0.02374,9,11,29721.11,326932.17,222708.11,104224.06,106392.52,1695890.59,-1698059.05,36325.8,0.0438,14321.66,0.0381,38,4.37,569,3.4,0.9566,0.9701,16,20.3,0
2024-09,Online,Busan,Marketplace,A-Standard,VIP,14511,0.02,290,354,0.03224,11,10,30344.01,303440.12,207445.89,95994.23,144418.14,1867429.93,-1915853.84,27585.47,0.0253,7678.01,0.0169,44,4.29,599,6.6,0.9043,0.945,7,33.8,1
2024-09,Online,Busan,Marketplace,B-Pro,Mass,15351,0.02302,353,426,0.02687,11,16,44133.87,706141.85,448474.95,257666.9,150376.01,522141.96,-414851.07,64194.71,0.0598,42217.32,0.0389,43,4.23,847,7.1,0.946,0.8812,10,19.7,3
2024-09,Online,Busan,Marketplace,B-Pro,Affinity,12926,0.02716,351,420,0.02897,12,13,46986.18,610820.29,384391.29,226429.0,109560.32,2699260.79,-2582392.11,50901.69,0.0328,20050.91,0.028,47,4.18,429,8.8,0.9668,0.7853,17,31.9,2
2024-09,Online,Busan,Marketplace,B-Pro,VIP,12002,0.02595,311,397,0.0306,12,20,47070.68,941413.63,615409.15,326004.48,177709.25,2229414.63,-2081119.4,78451.14,0.0157,14764.31,0.0385,46,3.85,833,6.6,0.9446,0.9354,11,13.6,1
2024-09,Online,Busan,Marketplace,C-Ultra,Mass,14442,0.02103,303,394,0.01521,5,8,71505.18,572041.43,337763.41,234278.03,147787.37,980002.66,-893512.01,114408.29,0.0181,10349.13,0.0563,29,4.78,753,8.9,0.9899,0.94,17,26.2,1
2024-09,Online,Busan,Marketplace,C-Ultra,Affinity,13909,0.02386,331,403,0.02728,10,12,73401.81,880821.71,508290.11,372531.6,153141.85,2999668.17,-2780278.43,88082.17,0.038,33462.49,0.0296,35,4.88,680,4.8,0.9096,0.8847,20,26.5,1
2024-09,Online,Busan,Marketplace,C-Ultra,VIP,13225,0.01567,207,249,0.02603,6,8,67736.37,541890.97,305132.17,236758.8,85892.51,1941568.34,-1790702.05,90315.16,0.0414,22420.47,0.0313,44,4.59,1009,9.5,0.9998,0.9505,11,29.3,0
2024-09,Online,Busan,Marketplace,D-Home,Mass,9342,0.02316,216,251,0.02051,5,6,53475.53,320853.17,212955.55,107897.63,86965.4,868972.41,-848040.18,64170.63,0.0221,7094.49,0.0456,37,4.0,587,10.4,1.0,0.9533,19,37.5,1
2024-09,Online,Busan,Marketplace,D-Home,Affinity,13131,0.02586,339,415,0.02648,10,12,57072.09,684865.05,455540.26,229324.79,105506.14,1986111.11,-1862292.46,68486.51,0.0142,9724.0,0.0262,69,4.16,1289,6.9,1.0,0.9375,14,35.9,0
2024-09,Online,Busan,Marketplace,D-Home,VIP,12304,0.02627,323,397,0.02617,10,12,55608.56,667302.77,443363.06,223939.71,80116.09,1794003.75,-1650180.13,66730.28,0.0223,14901.47,0.0379,23,4.01,794,6.8,0.9597,0.9301,5,31.3,0
2024-09,Online,Busan,Marketplace,E-Office,Mass,16097,0.0324,521,565,0.02581,14,20,57512.47,1150249.46,732742.37,417507.09,163557.75,2940839.07,-2686889.73,82160.68,0.0176,20272.99,0.0373,32,3.86,743,5.9,0.9795,0.9281,0,39.5,0
2024-09,Online,Busan,Marketplace,E-Office,Affinity,12600,0.01936,243,261,0.02953,7,9,61906.28,557156.49,336257.96,220898.53,94074.42,2025382.63,-1898558.52,79593.78,0.0327,18233.81,0.0329,32,4.85,533,7.8,0.9751,0.9407,23,27.5,1
2024-09,Online,Busan,Marketplace,E-Office,VIP,12799,0.02018,258,316,0.03407,10,10,57384.19,573841.87,346369.82,227472.06,166277.88,186577.17,-125383.0,57384.19,0.0306,17583.77,0.035,54,4.44,713,7.1,0.9656,0.9062,17,27.6,2
2024-09,Online,Busan,Marketplace,F-Outdoor,Mass,12878,0.02262,291,324,0.01793,5,7,66821.22,467748.55,270765.08,196983.46,174773.22,2709923.38,-2687713.13,93549.71,0.026,12140.68,0.0361,34,3.89,808,9.0,0.9639,0.9438,9,29.7,2
2024-09,Online,Busan,Marketplace,F-Outdoor,Affinity,16668,0.02757,459,564,0.01887,10,17,68154.26,1158622.5,661644.54,496977.97,191586.62,683301.16,-377909.81,115862.25,0.0689,79839.5,0.059,44,4.19,573,4.0,0.9352,0.9506,11,26.6,0
2024-09,Online,Busan,Marketplace,F-Outdoor,VIP,11360,0.04243,482,567,0.02004,11,16,62915.46,1006647.33,581965.32,424682.01,226058.71,687887.99,-489264.69,91513.39,0.0391,39387.86,0.0234,41,4.14,981,7.0,0.9554,0.9177,13,35.5,1
2024-09,Online,Busan,App,A-Standard,Mass,9274,0.01617,149,168,0.03175,5,6,30565.68,183394.08,129188.16,54205.92,65318.35,1936763.71,-1947876.13,36678.82,0.0481,8814.81,0.0358,42,3.53,899,7.0,0.9588,0.9889,5,13.5,0
2024-09,Online,Busan,App,A-Standard,Affinity,9725,0.02675,260,346,0.03432,11,17,29644.48,503956.19,348175.95,155780.25,59714.37,1636116.13,-1540050.25,45814.2,0.0112,5641.0,0.0205,52,4.39,254,8.1,0.9161,0.8904,5,30.2,2
2024-09,Online,Busan,App,A-Standard,VIP,8085,0.02676,216,270,0.04127,11,13,31185.71,405414.24,268021.22,137393.02,87697.32,1494698.4,-1445002.7,36855.84,0.0545,22080.02,0.0199,52,4.28,95,6.3,0.9011,0.9705,0,32.0,0
2024-09,Online,Busan,App,B-Pro,Mass,8868,0.03327,295,338,0.01697,5,6,44056.22,264337.33,166127.75,98209.57,130492.6,2552787.31,-2585070.34,52867.47,0.0491,12976.72,0.0354,34,4.75,257,10.2,0.9947,0.9343,13,27.5,0
2024-09,Online,Busan,App,B-Pro,Affinity,10577,0.01814,191,249,0.02293,5,6,44894.46,269366.75,172627.6,96739.16,84396.94,2497334.33,-2484992.12,53873.35,0.0306,8254.68,0.0225,39,4.17,684,4.5,0.9671,1.0,11,27.5,0
2024-09,Online,Busan,App,B-Pro,VIP,8472,0.0252,213,273,0.02552,6,6,43798.17,262789.05,173063.97,89725.08,71771.04,1579108.23,-1561154.19,43798.17,0.0222,5841.88,0.0467,37,4.04,383,8.1,0.9525,0.9207,4,16.1,0
2024-09,Online,Busan,App,C-Ultra,Mass,10745,0.01718,184,235,0.03404,7,11,67277.17,740048.85,444572.31,295476.54,75477.61,1229892.16,-1009893.23,105721.26,0.0322,23840.25,0.0243,43,4.24,1014,6.5,0.9882,0.904,14,21.6,2
2024-09,Online,Busan,App,C-Ultra,Affinity,10374,0.0166,172,183,0.02919,5,9,69052.87,621475.86,363226.92,258248.94,103567.99,1744893.46,-1590212.5,124295.17,0.0369,22907.93,0.026,44,3.99,558,5.4,0.961,0.9054,6,31.9,0
2024-09,Online,Busan,App,C-Ultra,VIP,9031,0.02258,203,230,0.02562,5,9,70379.11,633411.97,381165.41,252246.56,80627.47,2223866.23,-2052247.14,126682.39,0.0564,35706.95,0.0269,45,4.03,650,7.7,0.9515,0.9041,20,31.5,7
2024-09,Online,Busan,App,D-Home,Mass,8740,0.02443,213,257,0.02728,7,11,54392.92,598322.11,378609.97,219712.13,71741.3,131028.37,16942.46,85474.59,0.059,35279.6,0.04,38,4.34,857,5.3,0.9071,0.917,12,30.1,2
2024-09,Online,Busan,App,D-Home,Affinity,8967,0.02167,194,245,0.03142,7,7,54327.71,380293.97,254559.3,125734.68,79092.41,2929770.73,-2883128.47,54327.71,0.0562,21358.48,0.0322,50,4.09,796,4.6,0.9879,0.9839,0,31.3,0
2024-09,Online,Busan,App,D-Home,VIP,10289,0.02466,253,325,0.03948,12,15,57540.62,863109.23,573467.18,289642.05,100445.55,1681101.86,-1491905.37,71925.77,0.0338,29158.56,0.0336,49,3.9,948,10.3,1.0,0.9488,12,33.0,0
2024-09,Online,Busan,App,E-Office,Mass,8759,0.02309,202,259,0.02689,6,8,59413.01,475304.07,305081.13,170222.94,68691.01,1472082.82,-1370550.89,79217.35,0.0243,11571.95,0.0191,21,4.26,813,10.1,0.9064,0.9358,8,28.6,1
2024-09,Online,Busan,App,E-Office,Affinity,6986,0.02361,164,209,0.01804,3,4,62675.05,250700.2,157159.0,93541.21,74149.93,1492201.57,-1472810.29,83566.73,0.0286,7168.86,0.0126,39,4.1,279,9.0,1.0,0.9326,10,18.0,1
2024-09,Online,Busan,App,E-Office,VIP,10862,0.01936,210,233,0.03126,7,11,58849.89,647348.78,390866.9,256481.88,131405.05,530498.31,-405421.47,92478.4,0.0347,22494.54,0.0298,53,4.29,763,5.7,0.9707,0.9841,17,21.7,3
2024-09,Online,Busan,App,F-Outdoor,Mass,11122,0.01493,166,200,0.02467,4,5,67160.06,335800.3,195336.83,140463.48,69932.81,663727.42,-593196.75,83950.08,0.0331,11122.07,0.0165,32,4.12,525,4.0,1.0,0.9357,8,31.6,2
2024-09,Online,Busan,App,F-Outdoor,Affinity,9325,0.02771,258,342,0.03213,10,13,63133.87,820740.28,526052.36,294687.93,144937.75,2465730.11,-2315979.93,82074.03,0.0222,18251.48,0.0187,37,4.25,624,5.9,0.9307,0.9716,6,27.8,1
2024-09,Online,Busan,App,F-Outdoor,VIP,9764,0.01855,181,228,0.03469,7,12,61905.35,742864.15,473471.3,269392.85,99379.27,2400410.19,-2230396.62,106123.45,0.0525,39036.65,0.0407,51,4.25,437,7.4,0.9741,0.9019,14,35.3,0
2024-10,Retail,Seoul,Direct,A-Standard,Mass,17070,0.0373,636,841,0.01694,14,19,31292.57,594558.82,400500.54,194058.28,287356.03,191108.79,-284406.55,42468.49,0.02,11880.08,0.0251,27,4.12,555,6.5,0.9372,0.8352,5,36.8,0
2024-10,Retail,Seoul,Direct,A-Standard,Affinity,14027,0.01776,249,269,0.02591,6,9,28706.61,258359.5,176622.49,81737.01,122113.87,2518414.64,-2558791.51,43059.92,0.0291,7520.08,0.0375,49,4.12,439,7.5,0.9017,0.9415,15,23.1,0
2024-10,Retail,Seoul,Direct,A-Standard,VIP,15107,0.03066,463,504,0.02731,13,19,30786.07,584935.29,394463.55,190471.74,151834.93,705165.54,-666528.72,44995.02,0.0601,35181.97,0.0279,46,4.35,528,7.5,0.9772,0.9068,10,32.5,2
2024-10,Retail,Seoul,Direct,B-Pro,Mass,12703,0.02145,272,309,0.02907,8,7,44645.8,312520.63,209015.09,103505.54,79546.48,1075656.99,-1051697.93,39065.08,0.0382,11936.75,0.0424,63,3.89,614,7.0,0.9682,0.9311,13,35.4,0
2024-10,Retail,Seoul,Direct,B-Pro,Affinity,9774,0.03151,307,385,0.02296,8,14,45070.21,630982.93,402529.06,228453.87,84799.92,2703975.14,-2560321.18,78872.87,0.0452,28492.26,0.0077,55,3.99,400,5.2,0.974,0.9459,13,19.4,2
2024-10,Retail,Seoul,Direct,B-Pro,VIP,13071,0.04019,525,623,0.02814,17,22,45035.77,990786.94,657495.75,333291.19,226656.73,2290565.16,-2183930.7,58281.58,0.029,28772.88,0.0264,10,4.41,316,5.8,0.947,0.9419,24,16.6,1
2024-10,Retail,Seoul,Direct,C-Ultra,Mass,8109,0.01283,104,123,0.01782,2,2,68646.04,137292.09,83177.48,54114.6,46296.73,386928.25,-379110.37,68646.04,0.0506,6942.31,0.0525,43,4.66,785,10.6,0.9101,0.9769,0,26.7,2
2024-10,Retail,Seoul,Direct,C-Ultra,Affinity,11306,0.02142,242,291,0.04225,12,19,70881.1,1346740.85,809431.35,537309.5,115826.41,2418682.21,-1997199.12,112228.4,0.0076,10299.39,0.0428,25,4.45,405,6.6,1.0,0.952,4,45.9,0
2024-10,Retail,Seoul,Direct,C-Ultra,VIP,9818,0.02081,204,239,0.03936,9,11,66715.85,733874.4,441251.26,292623.14,62756.86,2811166.52,-2581300.24,81541.6,0.0198,14498.79,0.0331,25,3.78,412,7.0,0.9365,0.9188,12,23.5,0
2024-10,Retail,Seoul,Direct,D-Home,Mass,14280,0.02459,351,416,0.02677,11,15,56095.25,841428.81,519871.42,321557.39,201593.74,2608107.08,-2488143.43,76493.53,0.0102,8548.2,0.0523,42,4.2,906,6.3,0.9635,0.8513,32,24.8,0
2024-10,Retail,Seoul,Direct,D-Home,Affinity,9732,0.02558,248,269,0.01859,5,3,56229.94,168689.83,104911.76,63778.07,134883.94,1497809.29,-1568915.17,33737.97,0.0594,10023.73,0.0347,44,3.68,779,8.0,1.0,0.8705,14,36.7,0
2024-10,Retail,Seoul,Direct,D-Home,VIP,11164,0.0151,168,183,0.03993,7,9,57351.62,516164.57,319604.62,196559.94,83640.53,506733.44,-393814.03,73737.8,0.0296,15284.59,0.0432,42,4.12,737,2.0,0.9692,0.9122,10,23.1,2
2024-10,Retail,Seoul,Direct,E-Office,Mass,11873,0.0267,316,349,0.02147,7,10,59254.94,592549.44,374642.58,217906.86,156374.64,2933989.23,-2872457.01,84649.92,0.0176,10445.81,0.0441,50,4.55,264,7.6,0.9602,0.9195,12,28.2,1
2024-10,Retail,Seoul,Direct,E-Office,Affinity,9310,0.02621,244,311,0.02213,6,6,58319.82,349918.91,207711.49,142207.42,133646.94,2766711.4,-2758150.91,58319.82,0.0655,22909.83,0.0322,48,3.87,520,11.7,0.9604,0.9604,13,26.7,2
2024-10,Retail,Seoul,Direct,E-Office,VIP,12739,0.02604,331,361,0.03191,11,15,61189.63,917844.46,560477.23,357367.24,153365.77,2997469.87,-2793468.41,83440.41,0.0405,37134.2,0.0335,55,4.26,647,6.4,0.9473,0.9481,11,38.7,2
2024-10,Retail,Seoul,Direct,F-Outdoor,Mass,12822,0.03092,396,425,0.03334,14,16,62157.56,994520.94,575965.83,418555.11,144403.51,2780915.13,-2506763.53,71037.21,0.0254,25289.57,0.0435,27,4.62,640,10.4,0.9654,0.9636,9,23.5,0
2024-10,Retail,Seoul,Direct,F-Outdoor,Affinity,9183,0.0278,255,274,0.03065,8,17,65817.01,1118889.23,702950.33,415938.89,87860.32,946570.75,-618492.18,139861.15,0.0599,66980.27,0.0332,45,4.66,566,6.0,0.9607,0.8727,2,29.9,2
2024-10,Retail,Seoul,Direct,F-Outdoor,VIP,14271,0.01652,235,300,0.02097,6,7,64102.49,448717.45,260736.25,187981.19,116861.59,1659028.27,-1587908.67,74786.24,0.0329,14740.79,0.0239,46,4.19,830,6.9,0.9602,0.9238,14,19.4,0
2024-10,Retail,Seoul,Partner,A-Standard,Mass,10002,0.02474,247,290,0.02709,7,8,31087.87,248702.94,165469.7,83233.24,88187.55,532070.03,-537024.34,35528.99,0.0247,6141.31,0.0409,46,4.41,536,5.2,0.9611,0.9915,19,35.9,2
2024-10,Retail,Seoul,Partner,A-Standard,Affinity,10619,0.03962,420,480,0.0303,14,11,31472.08,346192.83,235054.5,111138.33,95667.33,162133.32,-146662.32,24728.06,0.0399,13798.16,0.0432,40,4.2,597,5.8,0.9477,0.9474,1,39.1,5
2024-10,Retail,Seoul,Partner,A-Standard,VIP,10569,0.02677,282,311,0.03838,11,9,30255.69,272301.25,187775.44,84525.81,136028.36,1226904.71,-1278407.26,24754.66,0.0532,14473.82,0.0427,29,4.61,267,7.0,0.9209,0.8923,13,31.9,2
2024-10,Retail,Seoul,Partner,B-Pro,Mass,7847,0.02054,161,197,0.03525,6,7,46728.89,327102.21,217634.28,109467.93,88169.97,1161448.42,-1140150.46,54517.03,0.0264,8634.04,0.0309,34,3.84,391,9.7,0.8961,0.8631,11,33.7,3
2024-10,Retail,Seoul,Partner,B-Pro,Affinity,10954,0.02466,270,322,0.02809,9,5,43474.14,217370.72,143188.15,74182.57,109910.63,2161726.51,-2197454.57,24152.3,0.0412,8960.22,0.0304,31,4.52,185,9.2,1.0,0.9155,4,31.9,0
2024-10,Retail,Seoul,Partner,B-Pro,VIP,10479,0.02764,289,376,0.03639,13,10,43502.45,435024.5,278638.26,156386.24,142955.12,891322.33,-877891.21,33463.42,0.0553,24067.04,0.0344,39,4.21,635,10.0,0.9526,0.888,2,31.9,3
2024-10,Retail,Seoul,Partner,C-Ultra,Mass,9608,0.03256,312,344,0.02439,8,10,71051.18,710511.84,445234.15,265277.69,87299.08,666119.46,-488140.85,88813.98,0.0305,21652.01,0.0375,39,4.13,476,8.6,1.0,1.0,3,44.9,0
2024-10,Retail,Seoul,Partner,C-Ultra,Affinity,8671,0.03316,287,320,0.02266,7,11,73254.79,805802.71,504480.62,301322.09,87153.11,1759323.11,-1545154.13,115114.67,0.0367,29534.76,0.0317,65,4.4,380,5.5,0.9178,0.894,9,30.6,1
2024-10,Retail,Seoul,Partner,C-Ultra,VIP,7351,0.02366,173,217,0.01901,4,6,73445.71,440674.27,268146.78,172527.49,86588.52,66887.48,19051.49,110168.57,0.0401,17660.5,0.0396,36,4.66,256,9.0,0.9304,0.9307,18,38.4,0
2024-10,Retail,Seoul,Partner,D-Home,Mass,10562,0.02898,306,367,0.02565,9,12,55854.39,670252.63,432397.94,237854.68,162419.82,1212396.59,-1136961.72,74472.51,0.0171,11457.45,0.0339,40,4.71,84,7.5,0.935,0.932,1,25.5,0
2024-10,Retail,Seoul,Partner,D-Home,Affinity,11463,0.0401,459,520,0.01886,9,15,57081.45,856221.74,524526.63,331695.11,136976.5,2170750.81,-1976032.2,95135.75,0.033,28253.77,0.0248,48,4.72,918,9.2,0.9653,0.9561,20,21.9,3
2024-10,Retail,Seoul,Partner,D-Home,VIP,10379,0.01869,193,229,0.02739,6,8,54555.6,436444.77,282319.65,154125.12,106967.09,802795.65,-755637.62,72740.8,0.0179,7820.49,0.018,32,3.99,631,4.8,0.9807,1.0,11,27.7,0
2024-10,Retail,Seoul,Partner,E-Office,Mass,9871,0.03632,358,391,0.02542,9,15,58377.38,875660.77,566633.42,309027.35,108696.65,2565275.74,-2364945.03,97295.64,0.0258,22612.64,0.0349,41,4.54,364,5.2,1.0,0.9031,6,25.5,0
2024-10,Retail,Seoul,Partner,E-Office,Affinity,9238,0.01955,180,223,0.01998,4,6,57156.87,342941.23,202514.59,140426.64,96945.5,1967973.15,-1924492.02,85735.31,0.0594,20360.13,0.0351,35,4.18,105,6.6,1.0,0.9188,20,21.7,2
2024-10,Retail,Seoul,Partner,E-Office,VIP,9912,0.03175,314,336,0.02414,8,12,60471.2,725654.44,453027.0,272627.43,93073.85,2580135.93,-2400582.34,90706.8,0.044,31919.4,0.031,39,4.54,730,8.8,0.9611,0.9898,13,18.0,1
2024-10,Retail,Seoul,Partner,F-Outdoor,Mass,8961,0.02949,264,306,0.01309,4,4,67813.77,271255.07,164836.26,106418.81,108422.36,2927348.54,-2929352.1,67813.77,0.05,13553.44,0.0108,45,3.94,335,6.8,0.964,0.8923,4,14.7,0
2024-10,Retail,Seoul,Partner,F-Outdoor,Affinity,9125,0.01466,133,143,0.02195,3,6,67723.61,406341.68,260477.17,145864.51,51516.05,866779.21,-772430.76,135447.23,0.0482,19575.8,0.0323,50,4.54,480,6.1,1.0,0.9429,9,36.0,1
2024-10,Retail,Seoul,Partner,F-Outdoor,VIP,9134,0.03279,299,398,0.02876,11,12,63095.9,757150.79,432888.01,324262.78,115058.87,878266.06,-669062.15,68831.89,0.0338,25623.65,0.0117,49,3.91,761,5.9,0.938,0.8991,14,40.2,4
2024-10,Retail,Seoul,Marketplace,A-Standard,Mass,15476,0.03004,464,490,0.01803,8,14,29906.6,418692.43,295839.3,122853.13,162875.41,346864.3,-386886.58,52336.55,0.033,13805.78,0.0433,53,4.96,655,6.1,1.0,0.9156,5,25.4,0
2024-10,Retail,Seoul,Marketplace,A-Standard,Affinity,14880,0.01249,185,238,0.02262,5,6,28569.47,171416.83,116411.63,55005.2,84298.01,2958560.89,-2987853.7,34283.37,0.0281,4817.5,0.0118,33,4.57,536,5.4,0.9657,1.0,15,23.8,1
2024-10,Retail,Seoul,Marketplace,A-Standard,VIP,19602,0.02642,517,661,0.03459,22,38,29607.54,1125086.58,744806.77,380279.8,122953.28,1041886.62,-784560.1,51140.3,0.0579,65089.09,0.0305,38,4.38,126,4.5,0.9456,0.9933,10,38.6,0
2024-10,Retail,Seoul,Marketplace,B-Pro,Mass,13889,0.02586,359,380,0.0272,10,15,43663.32,654949.84,431143.63,223806.21,127768.61,1861501.73,-1765464.13,65494.98,0.0281,18404.02,0.0582,38,4.5,305,6.1,0.9372,0.9175,19,31.4,0
2024-10,Retail,Seoul,Marketplace,B-Pro,Affinity,15428,0.02621,404,436,0.02266,9,7,46346.51,324425.6,210973.6,113452.0,155507.43,2250261.88,-2292317.31,36047.29,0.0314,10181.42,0.0565,46,4.29,584,7.4,0.9513,0.9399,16,20.8,0
2024-10,Retail,Seoul,Marketplace,B-Pro,VIP,12285,0.0141,173,202,0.02011,4,3,46778.78,140336.34,91674.06,48662.28,121149.8,2030257.11,-2102744.63,35084.09,0.0118,1654.24,0.0288,43,4.39,909,8.1,0.9345,0.9427,12,35.3,4
2024-10,Retail,Seoul,Marketplace,C-Ultra,Mass,13744,0.03187,438,494,0.02489,12,16,73378.54,1174056.67,692348.3,481708.38,121717.73,937501.42,-577510.77,97838.06,0.0458,53828.67,0.0276,32,4.26,607,3.7,0.9314,0.9456,18,29.8,2
2024-10,Retail,Seoul,Marketplace,C-Ultra,Affinity,16473,0.02552,420,544,0.03044,16,21,72104.67,1514198.08,896412.07,617786.01,214685.45,1774215.67,-1371115.1,94637.38,0.0113,17117.5,0.0422,25,4.8,519,6.5,0.9909,0.993,3,29.1,5
2024-10,Retail,Seoul,Marketplace,C-Ultra,VIP,15212,0.01795,273,295,0.02497,7,8,71599.98,572799.81,326965.41,245834.4,166035.04,712038.24,-632238.88,81828.54,0.0128,7305.01,0.0181,54,4.45,576,8.8,0.979,0.9192,13,34.5,0
2024-10,Retail,Seoul,Marketplace,D-Home,Mass,14005,0.02624,367,485,0.0221,10,18,56395.12,1015112.21,682173.59,332938.62,112546.66,681351.87,-460959.91,101511.22,0.031,31503.69,0.0354,64,3.57,735,9.5,0.9857,0.9417,14,24.5,0
2024-10,Retail,Seoul,Marketplace,D-Home,Affinity,14426,0.03043,438,553,0.02986,16,16,52637.41,842198.54,509897.24,332301.29,220707.79,1071619.37,-960025.87,52637.41,0.0186,15698.91,0.0442,71,4.57,582,6.6,0.9264,1.0,0,32.2,0
2024-10,Retail,Seoul,Marketplace,D-Home,VIP,11957,0.02802,335,411,0.02976,12,18,54957.8,989240.33,618067.66,371172.67,137195.62,517070.94,-283093.9,82436.69,0.0157,15556.5,0.0391,40,3.85,673,7.4,0.9139,0.9614,8,38.9,0
2024-10,Retail,Seoul,Marketplace,E-Office,Mass,12898,0.02396,309,389,0.02381,9,16,59931.71,958907.32,624477.27,334430.05,131880.53,2564477.82,-2361928.3,106545.26,0.0197,18889.22,0.0316,43,4.56,352,7.7,0.9728,0.8972,18,24.0,1
2024-10,Retail,Seoul,Marketplace,E-Office,Affinity,18190,0.02517,457,596,0.03168,18,17,61236.77,1041025.08,623930.04,417095.03,223702.88,2164319.36,-1970927.21,57834.73,0.0278,28988.08,0.0337,46,4.45,505,6.7,0.9502,0.953,18,23.6,0
2024-10,Retail,Seoul,Marketplace,E-Office,VIP,15696,0.037,580,753,0.04057,30,37,60690.68,2245555.15,1363065.97,882489.18,193768.2,1978801.82,-1290080.84,74851.84,0.0348,78057.15,0.0426,46,4.63,547,6.8,0.9833,0.8991,11,19.2,0
2024-10,Retail,Seoul,Marketplace,F-Outdoor,Mass,13693,0.0133,182,198,0.01986,3,3,66107.05,198321.14,125898.99,72422.15,77618.98,2600368.6,-2605565.43,66107.05,0.0569,11293.95,0.0398,47,4.4,506,8.6,0.9767,0.9014,12,34.5,0
2024-10,Retail,Seoul,Marketplace,F-Outdoor,Affinity,18206,0.01607,292,335,0.01755,5,8,64522.11,516176.85,321594.48,194582.37,86834.73,2731340.49,-2623592.85,103235.37,0.0402,20770.97,0.0361,28,4.2,535,6.9,0.9351,0.8839,5,31.0,0
2024-10,Retail,Seoul,Marketplace,F-Outdoor,VIP,14882,0.0201,299,337,0.02557,8,8,65262.48,522099.81,300527.17,221572.65,136463.62,3035551.8,-2950442.78,65262.48,0.0286,14954.44,0.0282,32,4.63,759,6.7,1.0,0.906,12,22.1,0
2024-10,Retail,Seoul,App,A-Standard,Mass,12297,0.0233,286,305,0.02621,7,8,30246.32,241970.54,169695.76,72274.78,113088.25,1526970.33,-1567783.8,34567.22,0.0525,12705.91,0.0287,25,4.34,646,8.2,0.8786,0.9496,15,31.1,2
2024-10,Retail,Seoul,App,A-Standard,Affinity,13324,0.02412,321,403,0.03464,13,18,30259.53,544671.5,375972.19,168699.31,158263.94,701233.47,-690798.1,41897.81,0.0,0.0,0.0284,45,4.57,827,2.0,0.9771,0.9233,1,22.8,0
2024-10,Retail,Seoul,App,A-Standard,VIP,10530,0.02938,309,389,0.02292,8,11,29679.32,326472.55,229346.85,97125.7,123840.44,2074827.34,-2101542.08,40809.07,0.0555,18116.21,0.0321,49,3.81,488,7.2,0.995,0.9415,17,23.4,4
2024-10,Retail,Seoul,App,B-Pro,Mass,9593,0.02352,225,285,0.01549,4,8,43454.19,347633.51,235950.8,111682.71,57383.73,1070773.88,-1016474.9,86908.38,0.0319,11078.52,0.0365,32,3.85,503,8.1,0.9352,0.9124,33,24.4,3
2024-10,Retail,Seoul,App,B-Pro,Affinity,12217,0.01556,190,221,0.02459,5,8,46150.93,369207.47,233926.98,135280.48,96314.45,2324595.88,-2285629.85,73841.49,0.046,16972.3,0.0165,50,4.32,340,5.6,0.972,0.9572,12,39.7,0
2024-10,Retail,Seoul,App,B-Pro,VIP,11493,0.03015,346,460,0.02953,13,9,46800.04,421200.35,263520.01,157680.34,173429.85,2139090.65,-2154840.16,32400.03,0.0283,11932.22,0.0321,52,4.22,238,3.7,0.9638,0.9965,8,25.6,2
2024-10,Retail,Seoul,App,C-Ultra,Mass,12549,0.01259,157,204,0.01866,3,3,69290.37,207871.1,117211.75,90659.36,91563.7,2473203.34,-2474107.69,69290.37,0.0471,9795.62,0.0516,42,4.26,695,4.4,1.0,0.8616,19,9.7,0
2024-10,Retail,Seoul,App,C-Ultra,Affinity,12390,0.02787,345,436,0.02199,9,14,72106.06,1009484.79,635156.25,374328.53,199086.24,2680551.2,-2505308.91,112164.98,0.0345,34827.76,0.0213,26,4.45,284,7.7,0.9574,0.9868,12,34.5,0
2024-10,Retail,Seoul,App,C-Ultra,VIP,9782,0.03168,309,361,0.02842,10,15,69986.3,1049794.47,662975.21,386819.26,159411.48,431049.98,-203642.2,104979.45,0.0455,47752.93,0.0145,47,3.99,915,6.2,0.9811,0.9136,15,38.1,0
2024-10,Retail,Seoul,App,D-Home,Mass,11356,0.01754,199,250,0.01766,4,4,54490.96,217963.84,143801.31,74162.53,122394.13,1062042.34,-1110273.94,54490.96,0.0137,2996.06,0.0411,36,4.17,503,10.8,0.9637,0.8561,13,37.8,3
2024-10,Retail,Seoul,App,D-Home,Affinity,15091,0.02099,316,341,0.02769,9,7,57302.25,401115.73,262695.04,138420.69,102463.47,1884377.68,-1848420.46,44568.41,0.0291,11666.74,0.0282,41,4.1,566,2.1,0.9352,0.9228,7,30.6,2
2024-10,Retail,Seoul,App,D-Home,VIP,9692,0.02599,251,306,0.02038,6,10,57185.08,571850.82,372676.31,199174.51,96251.54,3020022.14,-2917099.17,95308.47,0.0453,25892.19,0.0287,33,4.11,413,7.6,0.9521,0.8746,7,34.7,0
2024-10,Retail,Seoul,App,E-Office,Mass,12738,0.03475,442,467,0.01933,9,16,58617.26,937876.12,570139.72,367736.4,143385.09,1396918.74,-1172567.43,104208.46,0.0318,29792.11,0.0321,44,4.74,401,5.9,0.9778,0.9589,22,37.6,1
2024-10,Retail,Seoul,App,E-Office,Affinity,10412,0.02229,232,305,0.02603,7,10,57593.97,575939.72,365838.92,210100.79,111075.65,564817.59,-465792.44,82277.1,0.0309,17811.77,0.0269,46,4.1,886,6.7,0.9176,0.9674,13,17.0,0
2024-10,Retail,Seoul,App,E-Office,VIP,12135,0.02712,329,388,0.02842,11,15,58498.78,877481.69,512314.95,365166.74,200950.5,2359292.63,-2195076.39,79771.06,0.0332,29108.29,0.0319,38,4.35,474,11.0,1.0,0.9442,14,43.6,4
2024-10,Retail,Seoul,App,F-Outdoor,Mass,10125,0.02385,241,307,0.0331,10,12,68226.93,818723.12,521220.43,297502.69,128581.95,1501285.57,-1332364.84,81872.31,0.04,32742.33,0.0432,64,4.01,924,3.4,0.9393,0.91,0,20.6,0
2024-10,Retail,Seoul,App,F-Outdoor,Affinity,12771,0.02633,336,353,0.02474,8,8,65831.69,526653.53,335085.19,191568.35,92349.0,1265529.27,-1166309.92,65831.69,0.0551,29025.0,0.0288,23,4.93,846,5.1,0.9762,0.998,16,39.4,0
2024-10,Retail,Seoul,App,F-Outdoor,VIP,11177,0.02623,293,314,0.03214,10,17,67046.91,1139797.54,692514.96,447282.58,99086.5,1631068.5,-1282872.42,113979.75,0.0306,34835.02,0.0338,38,4.6,684,6.6,0.9594,0.8964,16,24.9,1
2024-10,Retail,Busan,Direct,A-Standard,Mass,9482,0.023,218,256,0.03374,8,9,31380.75,282426.77,193534.85,88891.91,107489.37,1116442.55,-1135040.0,35303.35,0.0166,4682.95,0.0347,42,3.69,672,9.4,0.9637,0.9236,19,41.5,4
2024-10,Retail,Busan,Direct,A-Standard,Affinity,9272,0.02812,260,291,0.02769,8,10,29027.91,290279.06,190449.04,99830.01,54907.82,2938094.52,-2893172.32,36284.88,0.0447,12963.26,0.0232,58,4.03,600,5.8,0.9492,0.9035,20,25.3,1
2024-10,Retail,Busan,Direct,A-Standard,VIP,7939,0.02561,203,215,0.03512,7,10,28851.57,288515.71,197181.78,91333.93,62351.29,1781510.97,-1752528.33,41216.53,0.0523,15075.46,0.0309,42,4.48,473,6.1,0.9336,0.9269,2,20.9,0
2024-10,Retail,Busan,Direct,B-Pro,Mass,9055,0.02224,201,258,0.02065,5,5,46621.68,233108.39,155306.22,77802.17,65706.89,567707.68,-555612.4,46621.68,0.0282,6575.86,0.0442,31,4.33,527,12.9,0.9426,0.9753,10,36.5,4
2024-10,Retail,Busan,Direct,B-Pro,Affinity,9007,0.02908,261,340,0.03309,11,8,43017.74,344141.93,224147.28,119994.65,75080.2,802546.34,-757631.89,31285.63,0.0352,12114.54,0.0424,42,3.87,282,4.7,0.9215,0.8988,4,16.1,1
2024-10,Retail,Busan,Direct,B-Pro,VIP,11154,0.03278,365,402,0.02592,10,16,42794.18,684706.91,436966.66,247740.25,169125.57,2866057.71,-2787443.02,68470.69,0.0401,27441.69,0.0353,19,4.34,946,9.1,1.0,0.9195,8,19.1,0
2024-10,Retail,Busan,Direct,C-Ultra,Mass,10063,0.03222,324,381,0.03041,11,12,68991.81,827901.72,520892.96,307008.76,190464.94,2938942.89,-2822399.06,75263.79,0.017,14033.08,0.0474,82,3.83,263,4.5,0.9099,0.9779,19,22.4,0
2024-10,Retail,Busan,Direct,C-Ultra,Affinity,8691,0.02301,199,249,0.03591,8,7,71534.96,500744.7,308804.77,191939.93,68385.32,484423.97,-360869.36,62593.09,0.0565,28294.31,0.0309,44,4.37,405,9.4,0.9727,0.9621,1,41.5,0
2024-10,Retail,Busan,Direct,C-Ultra,VIP,10040,0.03223,323,417,0.01861,7,8,67062.27,536498.18,304063.15,232435.03,105895.31,2949743.02,-2823203.29,76642.6,0.0399,21393.72,0.0316,39,4.32,567,6.3,0.9528,0.9427,13,23.5,0
2024-10,Retail,Busan,Direct,D-Home,Mass,10201,0.02516,256,300,0.01667,5,6,55882.5,335294.98,206665.32,128629.66,69609.27,1959729.63,-1900709.23,67059.0,0.0043,1427.04,0.0323,49,3.85,78,3.7,0.9485,0.9047,9,41.8,0
2024-10,Retail,Busan,Direct,D-Home,Affinity,11686,0.01383,161,173,0.02423,4,4,53689.17,214756.66,143008.25,71748.42,94970.95,632676.95,-655899.49,53689.17,0.0556,11942.24,0.0393,50,4.31,1005,8.3,0.9822,0.9861,11,31.2,0
2024-10,Retail,Busan,Direct,D-Home,VIP,7997,0.0229,183,216,0.02329,5,5,57466.05,287330.25,177154.55,110175.7,73184.01,489480.28,-452488.58,57466.05,0.0102,2944.39,0.0464,21,3.97,593,5.1,0.9699,0.8644,14,29.9,6
2024-10,Retail,Busan,Direct,E-Office,Mass,9179,0.01848,169,211,0.03011,6,6,60568.51,363411.05,236513.19,126897.87,50168.79,1984064.89,-1907335.81,60568.51,0.0418,15185.28,0.0278,24,4.64,583,3.3,0.9467,0.9481,3,42.2,1
2024-10,Retail,Busan,Direct,E-Office,Affinity,9369,0.02227,208,242,0.02662,6,7,61398.7,429790.92,256852.55,172938.37,80017.74,232800.29,-139879.65,71631.82,0.0433,18592.55,0.0458,46,4.02,927,2.0,0.9027,0.9257,21,23.1,0
2024-10,Retail,Busan,Direct,E-Office,VIP,9414,0.02898,272,316,0.03198,10,13,60435.45,785660.9,505645.36,280015.55,99905.77,1924152.59,-1744042.81,78566.09,0.0132,10380.18,0.019,31,4.33,198,8.7,0.9624,0.9685,10,39.7,0
2024-10,Retail,Busan,Direct,F-Outdoor,Mass,12564,0.03009,378,479,0.01921,9,11,64380.5,708185.54,426419.35,281766.19,97086.37,1288748.29,-1104068.47,78687.28,0.0381,27011.79,0.0458,41,5.0,439,7.1,0.9737,0.9962,19,20.9,5
2024-10,Retail,Busan,Direct,F-Outdoor,Affinity,9695,0.00744,72,77,0.02979,2,1,62370.01,62370.01,36139.0,26231.01,38900.66,2187285.63,-2199955.28,31185.0,0.0264,1643.73,0.039,44,4.36,653,4.7,0.9933,0.9539,10,36.3,2
2024-10,Retail,Busan,Direct,F-Outdoor,VIP,9172,0.00563,51,56,0.02484,1,1,64682.59,64682.59,41468.9,23213.69,49461.7,1850833.03,-1877081.04,64682.59,0.0162,1046.66,0.0506,27,4.3,367,8.1,0.944,0.9285,19,28.1,5
2024-10,Retail,Busan,Partner,A-Standard,Mass,6649,0.02,132,141,0.02786,3,3,28947.71,86843.13,59556.38,27286.74,63658.91,2695926.31,-2732298.48,28947.71,0.0446,3869.61,0.0335,32,3.94,889,8.5,1.0,0.9147,3,36.4,0
2024-10,Retail,Busan,Partner,A-Standard,Affinity,5833,0.02456,143,164,0.02269,3,3,29246.99,87740.97,62178.89,25562.08,41420.27,2138222.29,-2154080.49,29246.99,0.0573,5024.17,0.0261,61,4.11,387,6.8,0.9956,0.9632,19,27.2,0
2024-10,Retail,Busan,Partner,A-Standard,VIP,7968,0.02602,207,259,0.02023,5,5,29779.89,148899.46,99203.23,49696.22,93154.25,941452.17,-984910.2,29779.89,0.0327,4866.04,0.0385,45,4.33,444,6.4,0.9809,0.8835,12,17.4,1
2024-10,Retail,Busan,Partner,B-Pro,Mass,8190,0.02696,220,251,0.03083,7,9,43459.06,391131.58,254676.94,136454.64,74491.59,1522204.87,-1460241.82,55875.94,0.0302,11825.88,0.0329,42,4.2,788,6.5,1.0,0.9177,16,32.1,2
2024-10,Retail,Busan,Partner,B-Pro,Affinity,7019,0.01464,102,122,0.01614,1,0,43916.68,0.0,0.0,0.0,65264.41,1898501.36,-1963765.77,0.0,0.0371,0.0,0.0362,52,4.44,732,8.2,0.9678,0.9422,10,19.4,0
2024-10,Retail,Busan,Partner,B-Pro,VIP,8061,0.02652,213,252,0.03032,7,10,42779.05,427790.52,283237.09,144553.43,76260.14,343230.57,-274937.28,61112.93,0.0414,17725.58,0.0389,38,4.15,434,7.9,0.9112,0.9021,13,42.9,2
2024-10,Retail,Busan,Partner,C-Ultra,Mass,5100,0.01777,90,107,0.02644,2,2,69681.7,139363.41,82159.74,57203.67,53993.29,1298900.71,-1295690.33,69681.7,0.0209,2916.9,0.0327,53,3.91,457,9.1,0.9218,0.9398,12,19.3,0
2024-10,Retail,Busan,Partner,C-Ultra,Affinity,6634,0.01838,121,142,0.02362,3,4,70687.4,282749.61,177907.22,104842.38,62872.62,1739516.0,-1697546.24,94249.87,0.0481,13596.77,0.0226,59,4.16,807,8.9,0.982,0.9384,5,24.6,0
2024-10,Retail,Busan,Partner,C-Ultra,VIP,7364,0.03314,244,296,0.02929,8,14,70798.24,991175.29,584128.88,407046.41,78523.32,627872.95,-299349.86,123896.91,0.0445,44090.52,0.0295,42,3.98,479,5.3,0.9632,0.9584,9,34.8,0
2024-10,Retail,Busan,Partner,D-Home,Mass,7468,0.02596,193,255,0.03083,7,11,52539.97,577939.66,365032.19,212907.47,98708.22,1545088.23,-1430888.99,82562.81,0.0405,23408.25,0.0504,55,4.02,800,4.6,0.94,0.8964,15,33.5,0
2024-10,Retail,Busan,Partner,D-Home,Affinity,6972,0.0182,126,166,0.01377,2,2,56178.52,112357.04,74100.61,38256.43,81183.94,3014315.57,-3057243.08,56178.52,0.0248,2787.81,0.0239,53,4.56,384,5.2,0.9762,0.895,12,28.7,0
2024-10,Retail,Busan,Partner,D-Home,VIP,7762,0.02626,203,263,0.03085,8,7,52454.95,367184.68,242806.74,124377.94,65241.03,2650978.17,-2591841.26,45898.09,0.0349,12832.52,0.0226,40,3.56,335,7.6,0.9624,0.9452,16,22.3,0
2024-10,Retail,Busan,Partner,E-Office,Mass,8542,0.02922,249,299,0.03993,11,8,57237.07,457896.57,284447.92,173448.64,156698.43,2042750.79,-2026000.58,41626.96,0.0377,17267.91,0.0365,37,3.98,752,6.1,0.9178,0.9261,8,28.1,0
2024-10,Retail,Busan,Partner,E-Office,Affinity,7042,0.03093,217,265,0.01757,4,5,58170.34,290851.69,170994.31,119857.38,108329.98,1018074.04,-1006546.64,72712.92,0.0314,9142.48,0.0369,43,4.53,471,6.8,0.9642,0.9175,12,28.9,0
2024-10,Retail,Busan,Partner,E-Office,VIP,7599,0.01501,114,143,0.02775,3,5,61307.29,306536.45,193216.21,113320.25,82169.97,877799.36,-846649.09,102178.82,0.0469,14367.72,0.005,42,3.88,330,5.2,0.963,0.9098,2,25.1,4
2024-10,Retail,Busan,Partner,F-Outdoor,Mass,6575,0.02438,160,181,0.02434,4,7,64008.62,448060.36,259822.59,188237.77,82942.54,1448728.67,-1343433.44,112015.09,0.0182,8169.55,0.0403,80,4.86,587,10.8,0.9649,0.9393,28,25.2,5
2024-10,Retail,Busan,Partner,F-Outdoor,Affinity,7072,0.0206,145,170,0.02238,3,2,63231.08,126462.15,78422.13,48040.02,54503.0,2188814.46,-2195277.44,42154.05,0.0158,2003.57,0.0445,50,4.36,366,7.8,0.9851,0.9656,13,34.4,1
2024-10,Retail,Busan,Partner,F-Outdoor,VIP,8251,0.02904,239,252,0.02712,6,6,68173.51,409041.06,249683.54,159357.52,116567.54,2706133.81,-2663343.83,68173.51,0.0406,16614.92,0.0539,28,3.82,568,7.0,0.952,0.9252,18,22.2,0
2024-10,Retail,Busan,Marketplace,A-Standard,Mass,16156,0.02708,437,478,0.01721,8,9,29932.39,269391.55,180309.99,89081.56,217616.65,2905718.28,-3034253.37,33673.94,0.0161,4335.24,0.0262,43,4.33,846,7.6,0.9768,0.8165,12,32.3,2
2024-10,Retail,Busan,Marketplace,A-Standard,Affinity,11779,0.0258,303,380,0.02993,11,11,30563.54,336198.92,225626.4,110572.51,185718.58,760224.19,-835370.25,30563.54,0.0139,4676.67,0.0342,36,4.1,558,7.4,0.9874,1.0,15,14.9,0
2024-10,Retail,Busan,Marketplace,A-Standard,VIP,12873,0.0195,250,320,0.03171,10,15,29802.1,447031.57,298504.62,148526.95,85131.35,1807956.28,-1744560.68,44703.16,0.0494,22072.34,0.0408,64,4.6,518,11.2,0.9501,0.9194,14,26.5,1
2024-10,Retail,Busan,Marketplace,B-Pro,Mass,13578,0.02227,302,373,0.00816,3,3,43764.91,131294.72,81848.45,49446.27,128270.78,2074523.88,-2153348.39,43764.91,0.0385,5048.66,0.0351,50,4.27,402,8.2,0.9134,0.9763,6,42.0,0
2024-10,Retail,Busan,Marketplace,B-Pro,Affinity,10833,0.02203,238,254,0.0211,5,4,46418.02,185672.08,126846.77,58825.32,73517.47,963174.9,-977867.05,37134.42,0.0223,4142.22,0.0461,49,4.51,137,10.9,0.9805,0.9803,4,28.2,0
2024-10,Retail,Busan,Marketplace,B-Pro,VIP,8977,0.02808,252,277,0.02947,8,5,45883.09,229415.46,153548.43,75867.03,109755.31,2258992.81,-2292881.09,28676.93,0.0424,9719.67,0.0149,28,4.63,1043,3.8,0.9343,0.9361,6,6.8,0
2024-10,Retail,Busan,Marketplace,C-Ultra,Mass,10511,0.03151,331,374,0.03078,11,13,73042.16,949548.02,568406.13,381141.88,81205.04,1651348.93,-1351412.09,86322.55,0.0228,21637.49,0.0342,25,3.56,572,8.2,0.9896,0.9737,13,27.6,0
2024-10,Retail,Busan,Marketplace,C-Ultra,Affinity,11692,0.02426,283,341,0.0241,8,11,68898.71,757885.84,477297.2,280588.64,147728.77,1227798.55,-1094938.68,94735.73,0.0294,22303.83,0.038,41,4.36,458,5.0,0.9976,0.9152,10,27.2,0
2024-10,Retail,Busan,Marketplace,C-Ultra,VIP,10556,0.02837,299,363,0.01866,6,7,66754.75,467283.28,284516.25,182767.03,125889.65,2805466.83,-2748589.45,77880.55,0.0119,5573.31,0.035,37,4.38,410,5.3,0.9333,0.9506,13,29.1,1
2024-10,Retail,Busan,Marketplace,D-Home,Mass,12459,0.02852,355,381,0.0158,6,5,52352.87,261764.33,169018.91,92745.42,144036.39,1404268.97,-1455559.94,43627.39,0.0384,10059.29,0.0342,39,3.85,283,4.8,0.9903,0.9986,19,27.2,0
2024-10,Retail,Busan,Marketplace,D-Home,Affinity,11953,0.02127,254,273,0.03082,8,16,52384.09,838145.49,543938.81,294206.68,89748.4,342843.39,-138385.11,104768.19,0.012,10065.26,0.0538,34,4.34,514,9.7,0.9305,1.0,17,42.3,2
2024-10,Retail,Busan,Marketplace,D-Home,VIP,11835,0.02637,312,330,0.02584,8,8,55302.93,442423.45,272720.54,169702.91,134680.78,2690879.8,-2655857.67,55302.93,0.016,7059.92,0.0234,28,4.9,107,6.9,0.961,0.8846,14,29.7,1
2024-10,Retail,Busan,Marketplace,E-Office,Mass,13929,0.03001,418,531,0.0217,11,12,58334.15,700009.86,426713.69,273296.17,210217.93,2351333.26,-2288255.02,63637.26,0.0218,15292.99,0.0457,40,4.11,226,5.7,0.9361,0.8841,2,19.7,0
2024-10,Retail,Busan,Marketplace,E-Office,Affinity,8712,0.02369,206,236,0.02885,6,5,60692.14,303460.72,193221.5,110239.22,119653.33,943353.88,-952768.0,50576.79,0.0301,9119.53,0.0292,42,3.7,1113,5.1,0.9435,0.92,16,37.8,0
2024-10,Retail,Busan,Marketplace,E-Office,VIP,10940,0.01573,172,195,0.02385,4,6,60782.68,364696.06,227086.07,137609.99,84689.58,936619.96,-883699.56,91174.01,0.0045,1624.92,0.0318,36,4.18,920,4.4,0.9241,0.8961,13,38.9,1
2024-10,Retail,Busan,Marketplace,F-Outdoor,Mass,14503,0.02513,364,479,0.01902,9,17,65033.85,1105575.51,700412.88,405162.63,170325.77,839111.09,-604274.23,122841.72,0.0248,27393.09,0.0333,24,4.21,783,7.0,0.9695,0.8937,12,21.3,5
2024-10,Retail,Busan,Marketplace,F-Outdoor,Affinity,10156,0.02826,287,361,0.03612,13,15,63875.22,958128.36,596345.71,361782.65,161672.12,1123651.65,-923541.12,73702.18,0.0701,67199.45,0.0371,62,4.4,451,7.9,0.9431,0.9665,17,26.4,0
2024-10,Retail,Busan,Marketplace,F-Outdoor,VIP,12028,0.0298,358,430,0.03187,13,12,62658.92,751907.07,451985.4,299921.67,130826.3,2230824.03,-2061728.66,57839.01,0.0507,38124.39,0.0365,34,3.62,742,7.9,0.9857,0.9695,7,34.9,0
2024-10,Retail,Busan,App,A-Standard,Mass,9280,0.0246,228,280,0.01999,5,9,28950.53,260554.8,173249.62,87305.18,148152.14,1901196.1,-1962043.05,52110.96,0.026,6765.87,0.0352,39,3.97,652,8.6,0.978,0.947,13,15.9,1
2024-10,Retail,Busan,App,A-Standard,Affinity,9115,0.01779,162,174,0.01397,2,2,30768.12,61536.23,40778.81,20757.42,89249.18,1095813.4,-1164305.16,30768.12,0.0203,1251.11,0.0454,68,4.17,664,6.8,0.9188,0.9292,11,37.2,3
2024-10,Retail,Busan,App,A-Standard,VIP,10138,0.03801,385,408,0.0229,9,8,29981.46,239851.67,165348.71,74502.96,129359.86,1161781.77,-1216638.67,26650.19,0.048,11515.19,0.0255,42,4.59,582,6.4,0.9518,0.9792,6,19.8,0
2024-10,Retail,Busan,App,B-Pro,Mass,8385,0.02829,237,294,0.02104,6,5,46066.57,230332.83,152950.73,77382.1,128947.36,481672.03,-533237.29,38388.81,0.0494,11379.4,0.0201,64,3.87,1149,8.4,0.9581,0.919,11,30.7,0
2024-10,Retail,Busan,App,B-Pro,Affinity,8518,0.01784,151,176,0.02105,3,5,44622.6,223113.02,149486.7,73626.32,84504.01,2078847.36,-2089725.05,74371.01,0.0545,12166.47,0.0457,24,3.88,422,7.8,1.0,0.8715,14,22.8,2
2024-10,Retail,Busan,App,B-Pro,VIP,9485,0.02118,200,220,0.02803,6,6,46366.6,278199.61,172792.79,105406.81,83856.27,2277921.23,-2256370.69,46366.6,0.0343,9537.63,0.0495,49,4.25,576,10.1,0.9774,0.904,17,22.5,4
2024-10,Retail,Busan,App,C-Ultra,Mass,9292,0.0344,319,369,0.0189,6,5,71982.88,359914.39,216804.8,143109.59,114640.35,1333676.39,-1305207.15,59985.73,0.0318,11430.44,0.0407,47,4.51,419,7.4,0.952,0.9571,6,25.7,2
2024-10,Retail,Busan,App,C-Ultra,Affinity,6151,0.0248,152,163,0.0159,2,3,72762.97,218288.91,138386.26,79902.65,65241.21,2465558.29,-2450896.84,109144.45,0.0534,11666.94,0.0402,43,4.97,958,7.1,0.975,0.9408,13,27.6,0
2024-10,Retail,Busan,App,C-Ultra,VIP,10029,0.01951,195,210,0.03276,6,7,66800.16,467601.12,268036.12,199565.0,89417.8,3051346.05,-2941198.85,77933.52,0.0467,21856.77,0.0562,34,4.05,352,8.4,1.0,0.8661,12,23.8,1
2024-10,Retail,Busan,App,D-Home,Mass,10152,0.02117,214,268,0.01882,5,3,55462.78,166388.33,110414.12,55974.21,83764.89,275393.71,-303184.39,33277.67,0.0128,2134.36,0.0059,55,4.01,411,6.5,0.9317,0.9199,14,30.0,1
2024-10,Retail,Busan,App,D-Home,Affinity,8265,0.02778,229,278,0.03234,8,11,52289.11,575180.24,384736.25,190443.99,135312.43,225796.72,-170665.16,71897.53,0.0339,19509.65,0.0136,46,4.09,706,4.7,0.9608,0.8623,12,52.6,0
2024-10,Retail,Busan,App,D-Home,VIP,8716,0.02048,178,233,0.02629,6,9,56780.59,511025.31,342166.62,168858.69,67137.58,2255314.7,-2153593.6,85170.88,0.0306,15621.77,0.0323,56,3.86,758,6.9,0.965,0.9657,12,17.3,2
2024-10,Retail,Busan,App,E-Office,Mass,7998,0.02946,235,276,0.02434,6,3,57816.91,173450.72,111350.01,62100.71,137813.52,1838349.07,-1914061.88,28908.45,0.0166,2885.18,0.0415,40,4.01,505,6.5,0.9366,0.9428,15,23.1,1
2024-10,Retail,Busan,App,E-Office,Affinity,8815,0.0221,194,213,0.03554,7,7,58450.24,409151.68,244259.57,164892.11,55559.51,2915158.23,-2805825.62,58450.24,0.0422,17251.2,0.0412,36,4.3,341,4.0,0.9373,0.9177,25,31.4,4
2024-10,Retail,Busan,App,E-Office,VIP,10082,0.02684,270,297,0.02671,7,11,60341.98,663761.75,400967.05,262794.7,98563.81,2999504.15,-2835273.25,94823.11,0.0432,28694.59,0.0184,41,4.03,911,6.9,0.9902,0.8823,14,21.7,0
2024-10,Retail,Busan,App,F-Outdoor,Mass,9108,0.03067,279,307,0.00834,2,3,63794.9,191384.69,111137.29,80247.4,93078.6,1590089.35,-1602920.55,95692.35,0.0288,5518.48,0.0389,52,3.53,584,9.9,0.9411,0.9408,11,18.8,4
2024-10,Retail,Busan,App,F-Outdoor,Affinity,9312,0.02754,256,310,0.03277,10,7,67716.22,474013.57,307600.12,166413.45,60068.28,2700281.46,-2593936.29,47401.36,0.0487,23071.42,0.028,34,4.5,302,8.2,1.0,0.9327,9,23.8,3
2024-10,Retail,Busan,App,F-Outdoor,VIP,10712,0.02539,271,293,0.0276,8,16,62288.5,996616.06,573893.33,422722.72,118617.1,443167.41,-139061.79,124577.01,0.0274,27308.44,0.0163,34,4.12,480,4.9,0.9754,0.938,17,33.3,1
2024-10,Online,Seoul,Direct,A-Standard,Mass,16357,0.02454,401,500,0.0185,9,16,31017.5,496280.07,325808.18,170471.89,127489.63,2704719.64,-2661737.38,55142.23,0.0489,24266.68,0.0363,54,4.2,324,6.7,0.9626,0.9296,5,42.9,0
2024-10,Online,Seoul,Direct,A-Standard,Affinity,15244,0.03372,514,671,0.02891,19,19,29431.95,559207.1,372454.76,186752.35,251856.02,964617.82,-1029721.5,29431.95,0.0793,44352.68,0.0399,58,3.89,315,6.4,0.9508,0.8967,11,12.9,0
2024-10,Online,Seoul,Direct,A-Standard,VIP,19515,0.0276,538,685,0.02878,19,15,30963.17,464447.55,326973.15,137474.41,188432.44,2601024.83,-2651982.86,24444.61,0.0416,19311.81,0.0187,22,4.19,375,7.0,0.9438,0.9681,11,46.5,1
2024-10,Online,Seoul,Direct,B-Pro,Mass,13700,0.03858,528,591,0.03306,19,29,42953.87,1245662.25,821448.95,424213.3,189476.55,667457.03,-432720.29,65561.17,0.0379,47265.19,0.0198,38,4.26,434,5.8,0.9884,0.9529,12,28.9,2
2024-10,Online,Seoul,Direct,B-Pro,Affinity,13759,0.02807,386,499,0.02269,11,16,43571.03,697136.52,458913.92,238222.61,165784.79,1584063.72,-1511625.91,63376.05,0.0136,9499.56,0.0381,40,4.16,10,7.5,1.0,0.9139,10,27.0,2
2024-10,Online,Seoul,Direct,B-Pro,VIP,12768,0.0252,321,394,0.0206,8,9,42768.53,384916.77,263548.97,121367.8,196660.55,1853713.31,-1929006.06,48114.6,0.0455,17524.43,0.0271,32,4.37,0,3.9,0.9611,0.8567,5,12.7,0
2024-10,Online,Seoul,Direct,C-Ultra,Mass,16235,0.0184,298,352,0.02812,9,9,73217.8,658960.16,421425.02,237535.14,181065.1,2955454.01,-2898983.97,73217.8,0.0309,20388.45,0.0375,33,4.26,669,3.4,0.9521,0.9982,4,25.8,0
2024-10,Online,Seoul,Direct,C-Ultra,Affinity,11106,0.02639,293,309,0.03976,12,8,69577.97,556623.78,335102.35,221521.43,104366.04,2091904.5,-1974749.11,46385.31,0.0529,29445.95,0.0192,39,3.51,868,8.8,0.9559,0.8904,0,36.6,0
2024-10,Online,Seoul,Direct,C-Ultra,VIP,15596,0.02831,441,473,0.04101,19,32,68752.48,2200079.33,1390847.5,809231.83,108907.78,868273.62,-167949.56,115793.65,0.0018,3918.88,0.0492,34,4.69,779,5.8,0.9079,0.9341,15,17.3,0
2024-10,Online,Seoul,Direct,D-Home,Mass,14963,0.02683,401,433,0.02849,12,16,52957.53,847320.5,555100.35,292220.15,177475.19,714645.81,-599900.85,70610.04,0.0163,13814.05,0.0421,28,3.87,770,5.3,0.941,0.9438,8,29.0,3
2024-10,Online,Seoul,Direct,D-Home,Affinity,13641,0.02422,330,363,0.01717,6,8,54358.03,434864.22,280193.17,154671.05,175397.62,2411421.84,-2432148.41,72477.37,0.0353,15339.24,0.0371,57,4.23,1032,8.2,0.9265,0.9617,13,19.5,1
2024-10,Online,Seoul,Direct,D-Home,VIP,13167,0.02418,318,367,0.02806,10,18,55143.38,992580.76,658450.22,334130.54,157413.65,2505324.51,-2328607.62,99258.08,0.0282,27974.53,0.0314,55,4.09,666,2.7,0.9663,0.8907,13,33.5,0
2024-10,Online,Seoul,Direct,E-Office,Mass,13298,0.0266,353,426,0.03407,14,12,57567.58,690810.92,413028.12,277782.8,125912.12,2671852.26,-2519981.59,49343.64,0.0407,28096.77,0.0425,17,3.97,390,5.3,0.985,0.9515,19,22.9,0
2024-10,Online,Seoul,Direct,E-Office,Affinity,13871,0.02692,373,407,0.02696,10,12,58841.33,706095.97,414948.54,291147.43,165992.11,1664323.03,-1539167.71,70609.6,0.0324,22890.0,0.0242,48,3.92,1000,3.1,0.9513,0.8964,9,15.1,0
2024-10,Online,Seoul,Direct,E-Office,VIP,11668,0.03255,379,414,0.03786,15,16,60170.32,962725.16,622719.63,340005.52,124066.8,2459639.44,-2243700.72,64181.68,0.0132,12724.05,0.0337,34,4.22,500,5.0,0.96,0.923,7,18.3,0
2024-10,Online,Seoul,Direct,F-Outdoor,Mass,15757,0.02259,355,464,0.01924,8,8,62476.32,499810.57,302324.47,197486.1,185773.95,187321.2,-175609.04,62476.32,0.0171,8523.11,0.0294,48,4.63,623,7.7,0.9677,1.0,20,19.2,1
2024-10,Online,Seoul,Direct,F-Outdoor,Affinity,12129,0.02476,300,330,0.03001,9,11,67436.9,741805.91,440610.74,301195.18,196108.46,2770883.11,-2665796.39,82422.88,0.0393,29178.28,0.0403,52,4.12,545,8.2,0.8904,0.9948,10,29.6,0
2024-10,Online,Seoul,Direct,F-Outdoor,VIP,13277,0.01364,181,237,0.02041,4,5,64665.89,323329.45,197582.62,125746.83,91584.4,2885111.75,-2850949.32,80832.36,0.0398,12882.44,0.0366,39,4.05,568,6.2,1.0,0.8829,5,29.9,0
2024-10,Online,Seoul,Partner,A-Standard,Mass,10150,0.03475,352,392,0.019,7,8,28731.01,229848.04,154485.32,75362.73,116804.13,1110281.79,-1151723.2,32835.43,0.0354,8131.5,0.047,35,4.73,556,7.3,0.9668,0.9793,20,30.9,0
2024-10,Online,Seoul,Partner,A-Standard,Affinity,11991,0.01981,237,292,0.01895,5,6,29964.63,179787.8,117544.39,62243.42,97023.93,1352023.75,-1386804.26,35957.56,0.0397,7135.0,0.0254,56,3.53,1122,7.2,0.9177,0.9149,21,31.0,0
2024-10,Online,Seoul,Partner,A-Standard,VIP,11767,0.02337,275,326,0.04577,14,20,30635.58,612711.6,425662.9,187048.7,92819.42,2704653.23,-2610423.94,43765.11,0.038,23273.17,0.0301,48,4.61,377,7.4,0.9345,0.9235,15,30.2,0
2024-10,Online,Seoul,Partner,B-Pro,Mass,10201,0.01314,134,178,0.02738,4,6,46242.59,277455.51,173158.74,104296.77,101192.39,1277050.02,-1273945.64,69363.88,0.0237,6583.48,0.0403,50,4.51,362,9.5,0.9833,0.9232,11,37.9,1
2024-10,Online,Seoul,Partner,B-Pro,Affinity,9744,0.02076,202,264,0.02486,6,8,44736.32,357890.59,227435.63,130454.95,79185.09,955657.62,-904387.75,59648.43,0.0433,15512.83,0.0373,57,3.29,303,5.3,0.9424,0.9484,11,27.6,2
2024-10,Online,Seoul,Partner,B-Pro,VIP,11299,0.02876,324,345,0.03076,10,21,46856.97,983996.27,626509.97,357486.29,110594.87,2445717.45,-2198826.03,98399.63,0.0487,47872.89,0.0353,59,3.55,604,5.6,0.9648,1.0,13,35.5,0
2024-10,Online,Seoul,Partner,C-Ultra,Mass,13568,0.02522,342,418,0.0299,12,11,67903.66,746940.27,433532.37,313407.89,117830.69,354239.02,-158661.82,62245.02,0.0404,30209.33,0.0392,43,4.4,885,5.2,0.9453,0.9932,7,12.8,0
2024-10,Online,Seoul,Partner,C-Ultra,Affinity,12380,0.03919,485,605,0.0219,13,14,67899.0,950586.01,554898.34,395687.67,114575.92,2769833.6,-2488721.85,73122.0,0.0662,62962.4,0.0194,41,4.33,214,4.8,0.9443,0.9145,12,24.1,3
2024-10,Online,Seoul,Partner,C-Ultra,VIP,11837,0.0247,292,328,0.02119,6,6,71750.66,430503.94,241602.86,188901.08,109661.74,1677901.64,-1598662.31,71750.66,0.0311,13394.37,0.0244,42,3.94,921,6.8,0.9992,0.9254,19,22.9,2
2024-10,Online,Seoul,Partner,D-Home,Mass,12315,0.02128,262,346,0.02794,9,5,57606.34,288031.7,191076.65,96955.06,129447.68,1093237.15,-1125729.77,32003.52,0.0388,11179.22,0.0469,41,3.45,873,7.3,0.9286,0.9202,21,34.2,1
2024-10,Online,Seoul,Partner,D-Home,Affinity,8244,0.03389,279,370,0.0164,6,6,56275.1,337650.62,204487.04,133163.59,85110.6,2076774.58,-2028721.59,56275.1,0.0246,8290.6,0.0206,46,4.58,635,6.8,1.0,0.8468,8,36.7,2
2024-10,Online,Seoul,Partner,D-Home,VIP,9482,0.02007,190,239,0.03708,8,5,56902.47,284512.36,179260.06,105252.3,93784.75,1668337.79,-1656870.24,35564.04,0.0324,9223.35,0.0337,39,3.88,714,9.4,1.0,0.9545,11,37.6,1
2024-10,Online,Seoul,Partner,E-Office,Mass,10380,0.025,259,277,0.02246,6,5,57655.06,288275.29,175630.59,112644.7,149118.29,2220253.21,-2256726.8,48045.88,0.03,8644.6,0.0307,48,4.4,666,7.9,0.9319,0.8925,15,23.0,0
2024-10,Online,Seoul,Partner,E-Office,Affinity,11433,0.02219,253,306,0.02187,6,10,60780.4,607803.98,379028.65,228775.33,76249.68,1005001.19,-852475.54,101300.66,0.0597,36263.41,0.0186,40,4.06,859,7.5,0.9302,0.9745,11,18.3,0
2024-10,Online,Seoul,Partner,E-Office,VIP,9819,0.03381,331,360,0.03111,11,18,60065.67,1081181.97,667037.69,414144.28,142150.85,1956071.29,-1684077.86,98289.27,0.0363,39208.28,0.0195,27,4.32,596,9.1,1.0,0.917,21,25.8,0
2024-10,Online,Seoul,Partner,F-Outdoor,Mass,14038,0.01664,233,292,0.01763,5,7,67296.82,471077.75,290563.93,180513.82,134210.6,720673.53,-674370.3,94215.55,0.0358,16881.78,0.035,19,4.31,1028,7.7,0.9496,0.9397,32,25.2,0
2024-10,Online,Seoul,Partner,F-Outdoor,Affinity,11510,0.02237,257,275,0.02794,7,12,65622.13,787465.5,495522.95,291942.55,134015.52,1628167.66,-1470240.63,112495.07,0.0337,26545.67,0.0412,41,4.19,778,8.9,0.9236,0.8291,17,14.7,0
2024-10,Online,Seoul,Partner,F-Outdoor,VIP,7870,0.00885,69,75,0.02957,2,1,62135.89,62135.89,36383.98,25751.91,47310.74,1875891.77,-1897450.6,31067.94,0.0506,3145.28,0.0479,50,4.75,891,5.5,0.9582,0.9548,10,38.5,0
2024-10,Online,Seoul,Marketplace,A-Standard,Mass,17963,0.02686,482,570,0.01951,11,8,30862.71,246901.68,174855.82,72045.86,173870.65,667842.68,-769667.47,22445.61,0.05,12334.4,0.045,55,4.92,856,8.1,0.9599,0.9025,19,26.7,0
2024-10,Online,Seoul,Marketplace,A-Standard,Affinity,14169,0.02989,423,467,0.02093,9,13,29504.71,383561.29,249772.44,133788.85,180900.46,2673972.95,-2721084.56,42617.92,0.0554,21254.47,0.0448,42,4.1,1173,2.6,0.9407,0.9132,13,26.2,0
2024-10,Online,Seoul,Marketplace,A-Standard,VIP,12280,0.02486,305,343,0.04005,13,20,31101.29,622025.86,406030.98,215994.87,193487.75,675327.45,-652820.32,47848.14,0.0434,26999.64,0.0357,30,4.29,500,5.3,0.9848,0.9819,14,30.3,1
2024-10,Online,Seoul,Marketplace,B-Pro,Mass,16161,0.02696,435,488,0.02473,12,22,47247.07,1039435.64,650786.04,388649.6,250857.29,2107870.51,-1970078.2,86619.64,0.0393,40810.59,0.0382,62,5.0,572,10.1,0.9605,0.8829,11,17.3,0
2024-10,Online,Seoul,Marketplace,B-Pro,Affinity,16224,0.02037,330,422,0.02081,8,11,45792.28,503715.08,323132.1,180582.97,167699.95,1939037.39,-1926154.38,62964.38,0.0497,25038.54,0.0431,38,4.04,587,9.7,0.9209,0.9876,8,33.2,0
2024-10,Online,Seoul,Marketplace,B-Pro,VIP,12841,0.02241,287,379,0.0225,8,15,44279.17,664187.56,441476.82,222710.74,95016.95,1135578.5,-1007884.71,83023.44,0.0334,22173.31,0.0268,32,3.91,383,9.4,1.0,0.9481,5,36.1,0
2024-10,Online,Seoul,Marketplace,C-Ultra,Mass,18457,0.02499,461,595,0.02069,12,23,68004.48,1564102.99,881699.34,682403.66,267828.51,863776.23,-449201.09,130341.92,0.031,48562.49,0.0201,50,4.05,298,6.3,0.9692,0.883,12,30.2,0
2024-10,Online,Seoul,Marketplace,C-Ultra,Affinity,17486,0.02743,479,583,0.03925,22,28,71349.94,1997798.36,1269293.89,728504.47,176399.19,239611.0,312494.27,90809.02,0.0424,84701.08,0.039,44,3.92,867,4.7,0.9441,0.9487,13,32.7,0
2024-10,Online,Seoul,Marketplace,C-Ultra,VIP,17028,0.01983,337,440,0.03111,13,26,66640.64,1732656.67,1080943.34,651713.33,155180.45,1337403.7,-840870.82,133281.28,0.0523,90662.94,0.0245,51,4.28,650,4.4,1.0,0.9203,10,26.1,0
2024-10,Online,Seoul,Marketplace,D-Home,Mass,14597,0.01921,280,303,0.02737,8,9,55814.67,502332.04,332926.2,169405.84,142990.76,892693.78,-866278.7,62791.51,0.0162,8135.93,0.0301,33,4.34,552,7.2,1.0,0.9962,25,24.3,4
2024-10,Online,Seoul,Marketplace,D-Home,Affinity,15129,0.03016,456,550,0.02908,15,10,55009.17,550091.72,332561.96,217529.76,170798.5,1080891.51,-1034160.25,36672.78,0.0308,16962.28,0.0359,29,3.71,646,6.8,0.9646,0.9105,6,34.6,1
2024-10,Online,Seoul,Marketplace,D-Home,VIP,17284,0.01612,278,337,0.02673,9,11,54858.35,603441.82,398665.28,204776.55,129924.97,812331.04,-737479.46,67049.09,0.0452,27248.9,0.0493,43,4.54,602,8.5,0.9023,0.9424,24,39.3,0
2024-10,Online,Seoul,Marketplace,E-Office,Mass,20462,0.02694,551,693,0.02652,18,25,61133.67,1528341.82,991528.47,536813.35,165698.34,1456434.37,-1085319.36,84907.88,0.03,45879.29,0.0244,27,4.28,769,7.1,0.9799,0.9362,7,35.1,0
2024-10,Online,Seoul,Marketplace,E-Office,Affinity,24231,0.02284,553,655,0.02882,18,21,60254.6,1265346.55,750044.3,515302.25,221426.69,2243896.94,-1950021.37,70297.03,0.0542,68626.42,0.0391,32,3.42,756,5.6,0.9487,0.9494,18,19.0,2
2024-10,Online,Seoul,Marketplace,E-Office,VIP,18467,0.02624,484,580,0.02279,13,20,58303.92,1166078.43,714720.72,451357.71,266978.02,2005767.75,-1821388.06,89698.34,0.0537,62659.6,0.0388,39,4.37,710,6.1,0.9792,0.9357,15,31.3,0
2024-10,Online,Seoul,Marketplace,F-Outdoor,Mass,13462,0.03081,414,509,0.03117,15,25,66102.62,1652565.43,1071013.48,581551.95,161684.17,1004853.32,-584985.54,110171.03,0.0647,106980.35,0.0497,36,3.87,1079,6.8,0.9407,0.9222,21,37.1,2
2024-10,Online,Seoul,Marketplace,F-Outdoor,Affinity,14763,0.02796,412,467,0.02695,12,14,63915.92,894822.89,545792.25,349030.63,138447.39,549237.34,-338654.09,74568.57,0.0299,26798.69,0.0407,36,3.83,185,3.7,0.9221,0.919,6,36.1,0
2024-10,Online,Seoul,Marketplace,F-Outdoor,VIP,16111,0.02401,386,493,0.03219,15,24,61783.97,1482815.36,873406.88,609408.48,193675.28,2620574.64,-2204841.44,98854.36,0.0238,35364.68,0.0305,42,4.41,498,3.1,0.9579,0.9722,10,17.0,2
2024-10,Online,Seoul,App,A-Standard,Mass,12205,0.01341,163,206,0.01704,3,2,30274.34,60548.68,42913.32,17635.36,68084.61,1741318.28,-1791767.52,20182.89,0.0575,3481.63,0.0259,58,3.89,566,6.6,0.9096,0.8711,32,32.1,0
2024-10,Online,Seoul,App,A-Standard,Affinity,13943,0.02385,332,395,0.02867,11,12,30753.15,369037.81,257742.25,111295.56,180288.2,2796368.97,-2865361.62,33548.89,0.0293,10802.65,0.0463,33,4.33,618,7.9,0.9293,0.8812,12,28.6,0
2024-10,Online,Seoul,App,A-Standard,VIP,14314,0.0216,309,335,0.027,9,14,30559.84,427837.78,301017.39,126820.39,146806.8,2614944.97,-2634931.38,47537.53,0.0,0.0,0.0377,44,4.46,595,7.9,0.9312,0.9514,17,33.6,0
2024-10,Online,Seoul,App,B-Pro,Mass,13227,0.02164,286,361,0.01551,5,4,43581.44,174325.77,108705.54,65620.22,150328.61,1461923.84,-1546632.23,34865.15,0.0169,2945.03,0.0487,58,4.13,815,7.7,1.0,0.9348,0,32.4,0
2024-10,Online,Seoul,App,B-Pro,Affinity,13561,0.03485,472,617,0.02505,15,19,43121.62,819310.76,517839.24,301471.52,211162.44,2007579.28,-1917270.2,54620.72,0.0232,19031.39,0.0174,49,4.48,842,6.5,0.9865,0.9208,11,26.1,5
2024-10,Online,Seoul,App,B-Pro,VIP,14421,0.01726,248,328,0.03188,10,14,46696.81,653755.37,445226.67,208528.7,123079.67,1325526.24,-1240077.21,65375.54,0.0398,26021.59,0.0358,22,4.3,856,6.6,0.9877,0.9515,7,25.8,1
2024-10,Online,Seoul,App,C-Ultra,Mass,11584,0.02121,245,317,0.02927,9,13,69544.52,904078.79,561340.85,342737.94,109971.08,2413575.68,-2180808.82,100453.2,0.0465,42073.54,0.0505,58,3.87,627,4.7,0.9328,0.9431,16,28.0,0
2024-10,Online,Seoul,App,C-Ultra,Affinity,12049,0.0253,304,369,0.01802,6,7,68613.8,480296.59,289121.75,191174.84,152227.36,2880748.4,-2841800.92,80049.43,0.041,19677.23,0.0348,25,4.32,609,3.6,0.9655,0.892,22,14.9,0
2024-10,Online,Seoul,App,C-Ultra,VIP,9883,0.03389,334,420,0.04315,18,26,73244.59,1904359.26,1082918.43,821440.84,113217.3,2379161.19,-1670937.66,105797.74,0.0187,35671.4,0.0121,31,4.02,572,2.0,0.9828,0.9578,25,31.6,0
2024-10,Online,Seoul,App,D-Home,Mass,13726,0.01603,220,292,0.02075,6,6,54271.93,325631.55,202628.49,123003.06,147155.35,2995070.71,-3019223.01,54271.93,0.056,18224.94,0.0347,25,4.6,566,5.3,0.9856,0.9084,14,29.5,0
2024-10,Online,Seoul,App,D-Home,Affinity,12000,0.02498,299,397,0.03499,13,21,56243.32,1181109.69,753473.67,427636.03,123771.06,1328411.44,-1024546.47,90854.59,0.015,17675.07,0.0271,30,4.26,832,7.5,0.9272,0.9095,17,15.9,0
2024-10,Online,Seoul,App,D-Home,VIP,14086,0.02787,392,470,0.03212,15,22,53675.51,1180861.28,736997.7,443863.59,170332.7,1635808.55,-1362277.66,78724.09,0.0482,56925.95,0.0403,29,4.05,1096,8.3,0.9243,0.9809,16,32.1,0
2024-10,Online,Seoul,App,E-Office,Mass,11829,0.03192,377,403,0.02418,9,8,59850.15,478801.2,292128.9,186672.3,201593.69,1456987.98,-1471909.37,53200.13,0.0335,16035.77,0.0262,32,4.4,1211,4.0,0.8974,0.9194,0,26.7,0
2024-10,Online,Seoul,App,E-Office,Affinity,9110,0.01412,128,162,0.0236,3,5,59694.19,298470.96,188341.05,110129.92,77079.47,933197.42,-900146.97,99490.32,0.0605,18044.56,0.0535,10,4.21,332,3.1,0.9244,0.9117,13,29.8,0
2024-10,Online,Seoul,App,E-Office,VIP,14263,0.01946,277,320,0.03729,11,19,60133.3,1142532.72,691040.16,451492.56,156168.33,2529474.12,-2234149.89,103866.61,0.0552,63123.9,0.0408,50,4.05,608,7.5,1.0,0.8996,12,31.7,1
2024-10,Online,Seoul,App,F-Outdoor,Mass,14598,0.04085,596,773,0.01745,13,17,67103.15,1140753.58,656747.52,484006.06,170270.84,1696117.23,-1382382.01,87750.28,0.0572,65293.9,0.0534,38,4.62,678,7.2,0.953,0.9185,17,21.9,0
2024-10,Online,Seoul,App,F-Outdoor,Affinity,14537,0.02511,364,415,0.02824,11,19,66626.29,1265899.46,767212.82,498686.64,164922.28,1300775.66,-967011.3,115081.77,0.0433,54859.04,0.0401,39,4.31,919,5.5,0.9126,0.94,9,7.7,0
2024-10,Online,Seoul,App,F-Outdoor,VIP,11979,0.0236,282,319,0.02903,9,17,62211.96,1057603.33,619192.53,438410.8,121636.35,511643.59,-194869.15,117511.48,0.0285,30158.82,0.0428,34,4.09,757,10.1,0.9264,0.9259,9,17.8,0
2024-10,Online,Busan,Direct,A-Standard,Mass,9327,0.02296,214,255,0.02942,7,13,30983.31,402783.06,271786.26,130996.8,57549.59,1531321.22,-1457874.01,57540.44,0.0461,18550.11,0.0303,31,4.46,618,7.9,0.9907,0.9196,7,48.3,1
2024-10,Online,Busan,Direct,A-Standard,Affinity,11271,0.03373,380,475,0.02914,13,12,31123.61,373483.28,246458.91,127024.36,88057.55,1600760.96,-1561794.15,28729.48,0.0364,13576.47,0.0309,68,3.76,751,3.3,0.9522,0.8857,14,23.7,0
2024-10,Online,Busan,Direct,A-Standard,VIP,9168,0.01734,158,178,0.02167,3,6,29399.98,176399.85,116942.25,59457.6,94351.8,1625621.26,-1660515.46,58799.95,0.0384,6778.3,0.0166,65,4.81,781,7.3,0.99,0.9601,10,14.4,0
2024-10,Online,Busan,Direct,B-Pro,Mass,9750,0.02781,271,288,0.02265,6,3,43730.17,131190.51,82072.1,49118.41,147183.14,523575.84,-621640.57,21865.08,0.0345,4529.09,0.0372,51,3.9,861,3.9,0.9658,0.8646,6,31.3,0
2024-10,Online,Busan,Direct,B-Pro,Affinity,8977,0.02185,196,209,0.02386,4,6,43719.16,262314.99,168126.62,94188.37,103316.6,2390311.3,-2399439.53,65578.75,0.0394,10344.48,0.0309,46,5.0,718,7.7,1.0,0.9493,13,28.1,0
2024-10,Online,Busan,Direct,B-Pro,VIP,8394,0.02304,193,222,0.01878,4,6,45580.65,273483.93,168690.92,104793.0,128291.11,2178695.92,-2202194.03,68370.98,0.0222,6081.63,0.0233,23,3.96,267,7.9,0.9263,0.8819,7,24.3,0
2024-10,Online,Busan,Direct,C-Ultra,Mass,9476,0.02111,200,229,0.02122,4,4,73227.8,292911.2,180659.75,112251.45,81790.68,2899053.5,-2868592.73,73227.8,0.0125,3667.3,0.0259,37,4.13,743,8.2,0.9373,0.8944,2,27.3,4
2024-10,Online,Busan,Direct,C-Ultra,Affinity,9557,0.02833,270,318,0.0161,5,7,68790.22,481531.56,280268.17,201263.39,130875.96,1198756.88,-1128369.45,96306.31,0.0287,13804.63,0.0282,34,4.13,624,10.1,0.9699,0.9065,17,20.0,0
2024-10,Online,Busan,Direct,C-Ultra,VIP,10903,0.02511,273,295,0.03204,9,14,70168.24,982355.4,555419.57,426935.84,141680.26,2566943.56,-2281687.98,109150.6,0.0478,46961.87,0.034,40,3.88,545,6.8,0.9771,0.9138,22,39.1,0
2024-10,Online,Busan,Direct,D-Home,Mass,8933,0.02087,186,200,0.02748,5,9,52677.77,474099.9,298983.5,175116.39,79717.17,2719954.21,-2624554.99,94819.98,0.0148,6999.06,0.0367,43,4.15,391,8.6,0.9476,0.9547,11,30.1,0
2024-10,Online,Busan,Direct,D-Home,Affinity,11705,0.01996,233,254,0.02062,5,7,53681.23,375768.6,236639.43,139129.17,67122.47,1465556.14,-1393549.44,75153.72,0.0379,14252.89,0.0326,53,4.02,1065,6.5,0.9854,0.8781,10,11.3,1
2024-10,Online,Busan,Direct,D-Home,VIP,10031,0.02406,241,289,0.03035,8,6,54761.46,328568.78,199464.41,129104.36,127337.63,2282476.59,-2280709.86,41071.1,0.0261,8582.39,0.0276,41,4.3,499,7.5,0.946,0.8509,8,29.9,0
2024-10,Online,Busan,Direct,E-Office,Mass,7664,0.02401,184,236,0.02671,6,10,61979.69,619796.87,390568.99,229227.88,81180.73,681903.0,-533855.85,103299.48,0.0087,5421.51,0.031,25,3.39,678,9.3,0.9725,0.9521,7,22.2,0
2024-10,Online,Busan,Direct,E-Office,Affinity,8986,0.02759,247,265,0.02749,7,14,62328.28,872595.96,537714.15,334881.81,131383.76,1066250.47,-862752.42,124656.57,0.0442,38545.22,0.0426,53,4.14,737,8.3,0.9414,0.92,19,38.9,3
2024-10,Online,Busan,Direct,E-Office,VIP,10846,0.03673,398,447,0.02817,12,11,61482.11,676303.16,444282.61,232020.55,132645.8,2871989.07,-2772614.32,56358.6,0.0296,20026.21,0.0325,68,4.56,780,10.4,0.9748,0.8833,11,14.1,0
2024-10,Online,Busan,Direct,F-Outdoor,Mass,13696,0.02927,400,442,0.02077,9,12,67325.03,807900.39,469966.04,337934.35,131391.03,125433.02,81110.31,89766.71,0.0172,13869.88,0.0412,42,4.04,675,5.0,0.8947,0.9028,13,29.4,4
2024-10,Online,Busan,Direct,F-Outdoor,Affinity,8212,0.04154,341,371,0.03419,12,17,64360.94,1094135.97,633626.75,460509.21,149229.55,1219914.92,-908635.26,91178.0,0.0457,49964.36,0.0188,29,4.17,793,8.9,0.9905,0.9508,26,24.3,1
2024-10,Online,Busan,Direct,F-Outdoor,VIP,9320,0.02335,217,242,0.03346,8,10,64030.6,640306.03,397213.62,243092.41,48670.71,389341.48,-194919.78,80038.25,0.0306,19562.53,0.0449,62,4.26,525,6.8,0.9413,0.9335,12,37.6,1
2024-10,Online,Busan,Partner,A-Standard,Mass,10656,0.02256,240,291,0.03274,9,11,30670.82,337378.99,237078.63,100300.36,147147.0,2694323.21,-2741169.85,37486.55,0.0417,14069.21,0.0392,65,3.9,225,11.7,0.9614,0.8965,5,32.1,0
2024-10,Online,Busan,Partner,A-Standard,Affinity,10485,0.0221,231,292,0.02714,7,8,29809.24,238473.94,164378.53,74095.41,122146.88,1052642.29,-1100693.76,34067.71,0.0212,5053.07,0.0264,43,4.68,667,7.2,0.9926,0.9611,15,23.7,1
2024-10,Online,Busan,Partner,A-Standard,VIP,9902,0.02114,209,247,0.0294,7,9,30668.56,276017.07,180607.37,95409.71,73802.44,1059649.64,-1038042.37,39431.01,0.0443,12225.76,0.034,57,4.11,632,9.8,0.9466,0.7982,2,16.0,0
2024-10,Online,Busan,Partner,B-Pro,Mass,8842,0.041,362,470,0.0355,16,22,43886.86,965510.86,628945.79,336565.06,121651.56,2362780.71,-2147867.2,60344.43,0.0299,28908.97,0.047,46,4.59,690,7.1,0.9635,0.9165,8,27.4,0
2024-10,Online,Busan,Partner,B-Pro,Affinity,7820,0.02756,215,227,0.02663,6,9,43328.84,389959.56,241571.32,148388.24,72997.77,1265564.88,-1190174.41,64993.26,0.0428,16706.36,0.0351,46,4.83,956,9.5,0.9272,0.9313,7,52.1,2
2024-10,Online,Busan,Partner,B-Pro,VIP,9429,0.03104,292,360,0.02885,10,13,43254.16,562304.04,361994.45,200309.59,159713.01,2818147.09,-2777550.5,56230.4,0.035,19660.77,0.0444,53,4.57,344,7.5,0.9837,0.9597,16,34.8,3
2024-10,Online,Busan,Partner,C-Ultra,Mass,7871,0.02762,217,275,0.01552,4,4,72053.33,288213.34,181916.62,106296.72,48456.17,1972895.34,-1915054.79,72053.33,0.047,13536.42,0.0597,49,4.03,650,10.0,1.0,0.8654,29,23.9,2
2024-10,Online,Busan,Partner,C-Ultra,Affinity,8732,0.02424,211,265,0.02664,7,7,71215.94,498511.55,295529.62,202981.93,84578.87,1703571.86,-1585168.8,71215.94,0.0607,30247.44,0.0241,31,3.54,600,9.2,0.9197,0.9451,22,10.7,1
2024-10,Online,Busan,Partner,C-Ultra,VIP,8228,0.02174,178,222,0.03013,6,7,72895.37,510267.61,303579.95,206687.65,101139.33,2913308.76,-2807760.44,85044.6,0.0139,7093.44,0.0392,44,4.55,190,5.8,0.9835,0.9506,9,32.0,1
2024-10,Online,Busan,Partner,D-Home,Mass,7726,0.02624,202,229,0.03283,7,9,54292.1,488628.94,304784.41,183844.53,59677.63,2488900.97,-2364734.07,69804.13,0.0376,18374.85,0.0463,47,4.95,803,8.8,0.9864,0.9075,16,39.4,0
2024-10,Online,Busan,Partner,D-Home,Affinity,8183,0.03007,246,269,0.02376,6,4,52477.71,209910.85,136509.42,73401.43,123158.26,1001099.14,-1050855.97,34985.14,0.0237,4980.81,0.0383,45,4.2,458,6.6,1.0,0.9793,13,31.2,3
2024-10,Online,Busan,Partner,D-Home,VIP,7361,0.03415,251,267,0.02144,5,6,55889.33,335336.0,211673.01,123662.99,113118.78,1991187.17,-1980642.96,67067.2,0.0501,16814.65,0.0325,53,4.02,839,6.1,0.9562,0.9032,17,29.0,0
2024-10,Online,Busan,Partner,E-Office,Mass,8850,0.03547,313,382,0.03795,14,14,61450.13,860301.84,511751.66,348550.17,152282.85,1074854.37,-878587.05,61450.13,0.034,29220.86,0.0434,47,4.34,614,6.7,0.9518,0.8662,14,23.0,3
2024-10,Online,Busan,Partner,E-Office,Affinity,9367,0.01855,173,214,0.02153,4,6,62757.66,376545.99,227377.46,149168.53,81635.14,2962743.95,-2895210.56,94136.5,0.0408,15378.13,0.0419,25,4.65,760,6.0,1.0,0.9865,19,29.6,3
2024-10,Online,Busan,Partner,E-Office,VIP,7990,0.01601,127,153,0.02101,3,4,57030.49,228121.98,147508.19,80613.79,79413.61,2115937.48,-2114737.31,76040.66,0.0379,8650.75,0.0252,51,4.27,340,6.7,0.9542,0.9663,16,15.4,0
2024-10,Online,Busan,Partner,F-Outdoor,Mass,8782,0.02504,219,287,0.01303,3,4,65633.64,262534.58,150056.03,112478.55,74963.06,485954.38,-448438.9,87511.53,0.0389,10203.39,0.0316,38,4.5,388,10.0,0.9777,0.9388,9,32.5,0
2024-10,Online,Busan,Partner,F-Outdoor,Affinity,8540,0.02557,218,238,0.0266,6,7,67611.3,473279.08,304527.56,168751.52,104145.12,1213689.45,-1149083.05,78879.85,0.0202,9580.85,0.0468,18,4.99,548,8.1,0.9148,0.9301,4,27.1,3
2024-10,Online,Busan,Partner,F-Outdoor,VIP,9088,0.0216,196,213,0.0328,6,7,65436.79,458057.51,292738.29,165319.23,66329.04,801511.3,-702521.11,76342.92,0.0344,15753.92,0.029,40,4.05,567,4.9,0.9426,0.9155,12,30.0,0
2024-10,Online,Busan,Marketplace,A-Standard,Mass,16945,0.04224,715,853,0.02045,17,25,31497.01,787425.19,522806.73,264618.46,218334.7,364283.47,-317999.72,46319.13,0.0565,44488.42,0.0321,44,4.49,658,5.1,0.9667,0.8848,11,16.1,0
2024-10,Online,Busan,Marketplace,A-Standard,Affinity,16235,0.01698,275,323,0.02827,9,10,29822.15,298221.47,199360.3,98861.17,168575.54,1232668.86,-1302383.22,33135.72,0.0643,19181.57,0.0448,49,4.67,477,4.8,0.9472,0.9941,2,30.6,2
2024-10,Online,Busan,Marketplace,A-Standard,VIP,13378,0.01894,253,290,0.0336,9,8,31126.4,249011.24,168934.42,80076.82,74935.38,2905965.19,-2900823.74,27667.92,0.0555,13820.36,0.0293,33,4.03,636,6.6,1.0,0.8847,8,25.1,0
2024-10,Online,Busan,Marketplace,B-Pro,Mass,12035,0.02664,320,371,0.02924,10,11,43759.48,481354.3,303604.2,177750.1,106843.48,511084.27,-440177.66,48135.43,0.0266,12784.37,0.0228,29,4.4,896,4.3,0.9329,0.9225,20,19.5,0
2024-10,Online,Busan,Marketplace,B-Pro,Affinity,14699,0.01718,252,296,0.0289,8,11,43497.45,478471.92,308413.07,170058.85,122494.2,2843176.76,-2795612.1,59808.99,0.0236,11295.92,0.0244,48,3.96,871,8.3,0.9687,0.9725,14,22.1,2
2024-10,Online,Busan,Marketplace,B-Pro,VIP,16987,0.01401,237,314,0.03062,9,9,43157.94,388421.45,243218.22,145203.23,92185.13,1690392.97,-1637374.87,43157.94,0.0218,8481.78,0.033,24,4.73,785,10.4,1.0,0.9619,19,41.3,0
2024-10,Online,Busan,Marketplace,C-Ultra,Mass,13754,0.02845,391,487,0.03276,15,23,69883.72,1607325.54,999370.44,607955.1,223481.21,2987376.68,-2602902.8,107155.04,0.0324,52013.46,0.0222,36,4.38,272,5.7,0.9604,0.8977,2,28.2,2
2024-10,Online,Busan,Marketplace,C-Ultra,Affinity,11753,0.03228,379,432,0.02185,9,9,70033.89,630304.97,389219.68,241085.29,174140.37,1273649.32,-1206704.4,70033.89,0.0383,24115.14,0.0267,35,4.82,404,8.0,0.9435,0.9119,9,38.6,0
2024-10,Online,Busan,Marketplace,C-Ultra,VIP,11678,0.01076,125,143,0.03458,4,4,68745.6,274982.39,171917.76,103064.63,85382.32,2615906.03,-2598223.73,68745.6,0.0357,9810.06,0.0332,30,4.44,713,9.6,0.9265,0.9526,10,16.4,0
2024-10,Online,Busan,Marketplace,D-Home,Mass,15524,0.02572,399,467,0.0154,7,13,53495.72,695444.33,433660.32,261784.01,209137.26,1323921.22,-1271274.46,99349.19,0.0283,19712.17,0.0434,37,4.42,446,5.9,0.9278,0.9712,13,19.4,1
2024-10,Online,Busan,Marketplace,D-Home,Affinity,11740,0.03036,356,425,0.04293,18,20,55256.27,1105125.44,714985.88,390139.57,112183.58,237973.45,39982.54,61395.86,0.0278,30691.5,0.0439,35,4.77,564,4.4,0.9664,0.9451,5,22.4,0
2024-10,Online,Busan,Marketplace,D-Home,VIP,11962,0.02726,326,430,0.04677,20,32,53173.98,1701567.23,1115289.62,586277.61,190696.87,3193907.92,-2798327.18,85078.36,0.0529,90077.64,0.0451,55,3.39,683,4.9,0.9739,0.8987,2,33.5,0
2024-10,Online,Busan,Marketplace,E-Office,Mass,11940,0.01915,228,247,0.01703,4,2,57383.66,114767.31,73063.21,41704.1,133842.42,1203511.72,-1295650.04,28691.83,0.0471,5406.64,0.0555,42,3.9,199,6.3,0.9904,0.9814,4,28.2,0
2024-10,Online,Busan,Marketplace,E-Office,Affinity,15718,0.01513,237,250,0.02957,7,12,57045.1,684541.26,427049.21,257492.05,72473.76,1111399.88,-926381.59,97791.61,0.0203,13867.01,0.0321,37,4.07,771,9.4,0.9115,0.9251,4,20.5,2
2024-10,Online,Busan,Marketplace,E-Office,VIP,11890,0.0293,348,456,0.03012,13,12,59114.41,709372.93,442200.01,267172.91,182376.11,2732757.07,-2647960.27,54567.15,0.0117,8300.19,0.0179,24,3.95,534,4.1,0.9264,0.8757,6,20.1,0
2024-10,Online,Busan,Marketplace,F-Outdoor,Mass,11047,0.02389,263,337,0.02467,8,11,65492.58,720418.43,467548.58,252869.85,121676.89,1833377.27,-1702184.32,90052.3,0.0103,7437.5,0.0513,42,4.78,434,6.1,0.9642,0.8576,13,21.7,0
2024-10,Online,Busan,Marketplace,F-Outdoor,Affinity,13973,0.03196,446,493,0.03532,17,25,63660.84,1591520.97,1011812.41,579708.56,141959.32,2995339.76,-2557590.52,93618.88,0.0405,64480.57,0.0303,34,3.91,695,4.6,0.9655,0.9571,5,32.6,2
2024-10,Online,Busan,Marketplace,F-Outdoor,VIP,14811,0.0325,481,636,0.01727,10,12,67246.97,806963.59,482013.26,324950.33,137264.04,2381143.35,-2193457.06,80696.36,0.0346,27893.9,0.0187,48,4.29,482,4.3,0.9119,0.906,3,12.2,0
2024-10,Online,Busan,App,A-Standard,Mass,10088,0.03071,309,410,0.02687,11,8,28934.22,231473.79,155615.82,75857.97,101540.82,1521631.59,-1547314.44,21043.07,0.0417,9652.03,0.0282,50,4.7,501,11.7,0.952,0.9319,24,34.6,0
2024-10,Online,Busan,App,A-Standard,Affinity,10115,0.02566,259,330,0.02628,8,10,30326.12,303261.2,211795.26,91465.93,99543.56,648361.82,-656439.45,37907.65,0.0372,11274.69,0.0486,56,4.36,461,7.9,0.9652,0.8822,23,30.7,3
2024-10,Online,Busan,App,A-Standard,VIP,9976,0.0265,264,320,0.02249,7,8,29055.91,232447.31,154626.6,77820.71,94829.46,1829409.87,-1846418.61,33206.76,0.0531,12339.18,0.0292,67,4.79,1018,9.5,0.9797,0.9214,8,29.4,0
2024-10,Online,Busan,App,B-Pro,Mass,8142,0.02834,230,268,0.03529,9,11,45269.0,497959.03,337872.82,160086.21,89134.65,1504419.54,-1433467.98,55328.78,0.0407,20280.63,0.0411,28,4.27,482,11.0,0.9391,0.9506,9,20.6,0
2024-10,Online,Busan,App,B-Pro,Affinity,10247,0.0274,280,330,0.02323,7,7,47011.6,329081.18,206816.13,122265.05,140425.67,2509683.05,-2527843.67,47011.6,0.0211,6935.94,0.0318,45,4.07,350,4.6,0.9398,0.9057,9,24.2,2
2024-10,Online,Busan,App,B-Pro,VIP,8720,0.02579,224,272,0.02847,7,8,46237.53,369900.25,237278.25,132622.0,120969.93,1129653.74,-1118001.67,52842.89,0.0397,14671.87,0.029,39,4.69,678,3.0,0.8931,0.9185,10,33.5,0
2024-10,Online,Busan,App,C-Ultra,Mass,11130,0.02023,225,275,0.01811,4,4,71895.59,287582.36,175796.21,111786.15,115098.12,596170.26,-599482.23,71895.59,0.0451,12971.36,0.0263,47,3.93,1005,7.7,0.9246,0.9554,19,22.1,0
2024-10,Online,Busan,App,C-Ultra,Affinity,7939,0.02138,169,192,0.02677,5,7,71832.12,502824.87,297732.82,205092.06,76983.81,1195581.58,-1067473.34,100564.97,0.0517,25973.78,0.0365,55,3.56,1170,8.2,0.9853,0.951,13,25.1,0
2024-10,Online,Busan,App,C-Ultra,VIP,8741,0.03169,277,333,0.02368,7,9,71763.07,645867.63,386621.19,259246.45,117283.87,2475568.6,-2333606.02,92266.8,0.0528,34085.12,0.0366,46,4.36,754,3.2,1.0,0.9333,9,26.1,3
2024-10,Online,Busan,App,D-Home,Mass,8638,0.02836,244,306,0.02792,8,13,53173.09,691250.12,420770.59,270479.53,117287.15,1414299.08,-1261106.7,86406.26,0.0165,11386.78,0.0361,27,4.17,0,7.4,0.9567,0.9109,17,13.4,3
2024-10,Online,Busan,App,D-Home,Affinity,10271,0.02344,240,292,0.02959,8,10,53128.63,531286.34,334555.77,196730.58,90250.37,971348.03,-864867.83,66410.79,0.0078,4147.64,0.0304,48,4.6,540,8.4,0.9093,0.9074,17,26.2,0
2024-10,Online,Busan,App,D-Home,VIP,9170,0.01547,141,152,0.02932,4,6,52951.16,317706.95,194040.93,123666.02,66368.41,926282.16,-868984.55,79426.74,0.0298,9462.81,0.0321,47,3.72,281,4.5,0.9523,0.9562,1,29.3,0
2024-10,Online,Busan,App,E-Office,Mass,9813,0.02253,221,275,0.03439,9,13,62738.08,815594.99,477009.36,338585.63,93961.01,987786.59,-743161.97,90621.67,0.0024,1946.38,0.0351,47,4.71,561,4.4,0.9353,0.8842,10,13.6,0
2024-10,Online,Busan,App,E-Office,Affinity,10737,0.02504,268,332,0.03563,11,17,59080.37,1004366.31,593616.13,410750.18,122470.02,2909564.84,-2621284.68,91306.03,0.0586,58816.86,0.0209,34,3.93,387,6.2,0.9253,0.8818,6,18.8,0
2024-10,Online,Busan,App,E-Office,VIP,9820,0.02624,257,340,0.02455,8,10,61741.95,617419.51,376215.57,241203.94,123471.52,2604235.06,-2486502.64,77177.44,0.0256,15788.63,0.0389,29,4.06,581,8.7,0.8868,0.9215,14,28.4,1
2024-10,Online,Busan,App,F-Outdoor,Mass,7992,0.02457,196,256,0.02284,5,3,62485.63,187456.89,107746.8,79710.09,78581.16,2421942.59,-2420813.66,37491.38,0.0402,7541.81,0.0399,24,4.7,1007,6.4,0.9626,0.9193,10,28.3,0
2024-10,Online,Busan,App,F-Outdoor,Affinity,9103,0.02333,212,246,0.01889,4,5,64144.21,320721.04,201052.73,119668.31,131600.62,276138.1,-288070.42,80180.26,0.02,6425.6,0.0285,35,4.01,620,5.7,1.0,0.9059,5,23.5,0
2024-10,Online,Busan,App,F-Outdoor,VIP,8187,0.01921,157,167,0.03417,5,4,66871.84,267487.35,162732.2,104755.15,81223.48,449529.22,-425997.55,53497.47,0.0536,14348.5,0.0348,36,4.07,869,9.1,0.9667,0.9224,12,40.0,4
2024-11,Retail,Seoul,Direct,A-Standard,Mass,12541,0.02464,308,364,0.01802,6,12,29562.47,354749.61,237798.98,116950.63,163805.25,515527.85,-562382.47,59124.93,0.0423,14991.8,0.0186,54,4.33,597,8.2,0.9504,0.938,7,31.3,0
2024-11,Retail,Seoul,Direct,A-Standard,Affinity,13367,0.02279,304,359,0.0374,13,18,30689.81,552416.61,378169.17,174247.44,132983.85,2785591.25,-2744327.66,42493.59,0.0606,33483.96,0.0436,43,4.32,800,5.9,0.9245,0.9229,21,22.3,4
2024-11,Retail,Seoul,Direct,A-Standard,VIP,15365,0.02439,374,403,0.01942,7,7,30910.47,216373.3,151352.73,65020.57,224318.08,2811991.83,-2971289.34,30910.47,0.0132,2859.63,0.0362,58,4.03,914,6.8,0.9307,0.9552,2,37.9,0
2024-11,Retail,Seoul,Direct,B-Pro,Mass,11503,0.02689,309,376,0.02635,9,14,47066.07,658925.03,415608.16,243316.87,147088.26,2540906.17,-2444677.57,73213.89,0.0508,33486.72,0.0348,46,4.64,606,7.1,0.9937,1.0,8,25.1,1
2024-11,Retail,Seoul,Direct,B-Pro,Affinity,14769,0.01411,208,219,0.02484,5,8,42888.01,343104.11,220717.8,122386.32,78268.44,329563.15,-285445.26,68620.82,0.0463,15869.15,0.0402,31,4.35,544,9.0,0.9608,0.9128,0,31.7,0
2024-11,Retail,Seoul,Direct,B-Pro,VIP,11426,0.02389,272,308,0.02177,6,6,43475.68,260854.07,166745.1,94108.97,124974.49,821263.23,-852128.75,43475.68,0.0,0.0,0.017,21,4.79,664,7.7,0.9888,0.9781,13,30.3,1
2024-11,Retail,Seoul,Direct,C-Ultra,Mass,11387,0.0218,248,322,0.02171,6,8,69939.48,559515.84,325624.33,233891.51,111772.12,1280068.48,-1157949.1,93252.64,0.0354,19832.11,0.0253,40,4.97,280,6.8,0.9725,0.8857,17,30.6,1
2024-11,Retail,Seoul,Direct,C-Ultra,Affinity,13172,0.02994,394,422,0.02321,9,13,68300.56,887907.27,555188.61,332718.66,195244.44,2256649.72,-2119175.5,98656.36,0.0417,37009.04,0.0567,60,3.51,418,12.1,0.9614,0.876,7,24.3,2
2024-11,Retail,Seoul,Direct,C-Ultra,VIP,10367,0.02152,223,253,0.0331,8,12,70402.6,844831.14,503321.15,341509.99,99882.77,3032411.13,-2790783.9,105603.89,0.0637,53785.22,0.0267,56,4.55,688,9.3,0.9354,0.9543,7,26.7,0
2024-11,Retail,Seoul,Direct,D-Home,Mass,12448,0.01744,217,254,0.02833,7,12,54602.69,655232.28,437226.08,218006.2,121158.0,2169904.9,-2073056.7,93604.61,0.0438,28711.68,0.0529,59,4.69,150,10.1,0.9556,0.91,18,30.9,2
2024-11,Retail,Seoul,Direct,D-Home,Affinity,10667,0.01713,182,202,0.01587,3,4,53726.51,214906.06,140330.94,74575.12,67071.32,2045014.17,-2037510.37,71635.35,0.0258,5538.23,0.0291,41,4.61,580,5.4,0.9577,0.9006,21,30.6,0
2024-11,Retail,Seoul,Direct,D-Home,VIP,13497,0.022,296,366,0.024,8,5,55079.94,275399.7,174631.36,100768.35,185169.12,2192942.97,-2277343.74,34424.96,0.0331,9103.83,0.0576,42,4.18,451,4.4,0.9683,0.8858,8,26.7,0
2024-11,Retail,Seoul,Direct,E-Office,Mass,11657,0.02958,344,423,0.02302,9,16,61593.56,985496.89,586953.02,398543.86,175735.56,2785928.43,-2563120.13,109499.65,0.0607,59855.15,0.0453,38,3.8,515,4.6,0.9423,0.943,10,35.9,0
2024-11,Retail,Seoul,Direct,E-Office,Affinity,9887,0.03836,379,460,0.02697,12,14,59860.82,838051.45,487901.6,350149.86,113244.23,2016332.59,-1779426.96,69837.62,0.0397,33271.09,0.0361,45,4.2,599,5.5,1.0,0.983,10,30.1,0
2024-11,Retail,Seoul,Direct,E-Office,VIP,11589,0.01558,180,190,0.03315,6,10,62013.17,620131.7,392244.42,227887.27,110365.36,2514268.94,-2396747.02,103355.28,0.032,19835.17,0.0135,34,3.82,450,7.1,0.9778,0.9422,7,21.4,0
2024-11,Retail,Seoul,Direct,F-Outdoor,Mass,15037,0.02049,308,344,0.02821,9,10,67421.58,674215.83,395570.78,278645.06,171943.74,1655920.1,-1549218.79,74912.87,0.0474,31972.53,0.0408,54,4.45,351,9.9,0.9645,0.9388,15,24.5,0
2024-11,Retail,Seoul,Direct,F-Outdoor,Affinity,15513,0.03701,574,624,0.01693,10,11,62712.33,689835.6,431831.27,258004.33,244437.37,1263535.81,-1249968.84,68983.56,0.0588,40592.49,0.0215,59,3.93,624,8.9,0.981,0.9482,0,32.6,0
2024-11,Retail,Seoul,Direct,F-Outdoor,VIP,11310,0.0179,202,245,0.02799,6,7,61832.79,432829.54,261493.75,171335.8,93863.49,1981666.1,-1904193.79,72138.26,0.0479,20716.1,0.0404,35,4.26,786,4.9,0.9167,0.9285,0,25.5,2
2024-11,Retail,Seoul,Partner,A-Standard,Mass,13901,0.02379,330,382,0.02644,10,6,29131.83,174790.95,124363.77,50427.18,177565.89,1005939.67,-1133078.38,17479.1,0.0278,4859.9,0.0205,60,4.68,319,5.7,0.9309,0.9346,7,32.4,2
2024-11,Retail,Seoul,Partner,A-Standard,Affinity,9635,0.02449,235,306,0.02149,6,7,30489.37,213425.6,147489.47,65936.13,116797.01,2159215.29,-2210076.17,35570.93,0.0572,12213.73,0.0373,54,4.08,677,4.2,0.9833,0.8841,19,25.6,1
2024-11,Retail,Seoul,Partner,A-Standard,VIP,9445,0.02451,231,294,0.03336,9,11,29478.41,324262.46,211495.8,112766.65,60038.04,2244687.64,-2191959.02,36029.16,0.0204,6623.31,0.0416,35,4.22,768,4.6,0.9545,0.945,14,35.0,0
2024-11,Retail,Seoul,Partner,B-Pro,Mass,10075,0.02457,247,260,0.01029,2,2,44893.32,89786.65,58940.98,30845.67,95690.83,2218535.17,-2283380.33,44893.32,0.0434,3893.36,0.026,61,4.0,317,10.3,0.969,0.9124,8,41.0,0
2024-11,Retail,Seoul,Partner,B-Pro,Affinity,16628,0.02521,419,479,0.01439,6,7,46431.67,325021.7,220254.92,104766.78,168420.29,706604.28,-770257.79,54170.28,0.0353,11461.71,0.0366,25,4.32,168,7.9,0.9928,0.9208,16,16.6,2
2024-11,Retail,Seoul,Partner,B-Pro,VIP,12510,0.03266,408,517,0.02638,13,25,45327.47,1133186.78,757874.15,375312.63,151648.38,180863.66,42800.59,87168.21,0.0575,65143.74,0.0404,43,3.82,968,4.3,0.9618,0.9434,20,38.5,0
2024-11,Retail,Seoul,Partner,C-Ultra,Mass,15015,0.02072,311,327,0.02448,8,6,70867.46,425204.76,259585.31,165619.45,105781.33,1141828.79,-1081990.67,53150.59,0.0212,9032.89,0.037,51,3.92,430,7.2,0.922,0.8984,9,31.5,0
2024-11,Retail,Seoul,Partner,C-Ultra,Affinity,10819,0.03031,327,347,0.02114,7,9,66720.29,600482.63,340938.16,259544.47,107078.21,874392.89,-721926.62,85783.23,0.0262,15733.92,0.0336,24,3.92,419,10.2,0.9905,0.9169,11,27.7,0
2024-11,Retail,Seoul,Partner,C-Ultra,VIP,9167,0.03223,295,321,0.02949,9,11,66866.77,735534.48,428258.58,307275.89,91840.55,630145.36,-414710.01,81726.05,0.042,30880.99,0.0407,40,3.99,567,3.5,0.9609,0.9112,9,22.4,1
2024-11,Retail,Seoul,Partner,D-Home,Mass,13586,0.01533,208,263,0.02709,7,9,53895.2,485056.78,293185.38,191871.4,106180.54,611277.06,-525586.2,69293.83,0.0342,16570.87,0.0414,45,4.11,664,3.3,0.9124,0.9167,21,37.6,1
2024-11,Retail,Seoul,Partner,D-Home,Affinity,12648,0.02345,296,366,0.02404,8,10,57295.54,572955.41,351599.37,221356.05,179709.35,877025.88,-835379.19,71619.43,0.0421,24148.15,0.0212,24,4.04,819,6.3,0.9633,0.8781,18,34.8,1
2024-11,Retail,Seoul,Partner,D-Home,VIP,10069,0.02856,287,324,0.02715,8,7,54099.31,378695.17,254101.96,124593.2,122485.48,841694.02,-839586.29,47336.9,0.0195,7375.67,0.0332,41,4.31,594,6.8,0.9418,0.9158,13,21.8,2
2024-11,Retail,Seoul,Partner,E-Office,Mass,10451,0.02483,259,287,0.02689,7,10,61249.62,612496.22,375843.18,236653.04,73090.52,1248748.14,-1085185.62,87499.46,0.0285,17469.42,0.0531,36,4.3,636,8.6,0.922,0.9403,0,43.0,0
2024-11,Retail,Seoul,Partner,E-Office,Affinity,11008,0.02354,259,334,0.01396,4,5,58081.37,290406.84,183373.5,107033.34,131128.79,2121705.91,-2145801.36,72601.71,0.0602,17481.22,0.031,21,4.49,564,2.8,0.9745,0.8583,6,31.4,0
2024-11,Retail,Seoul,Partner,E-Office,VIP,11580,0.01957,226,273,0.03261,8,8,61979.22,495833.74,290203.17,205630.57,89191.24,739386.57,-622947.25,61979.22,0.0268,13280.92,0.0257,44,4.34,490,8.4,1.0,0.9301,17,31.3,0
2024-11,Retail,Seoul,Partner,F-Outdoor,Mass,12750,0.03598,458,514,0.03136,16,22,61819.84,1360036.5,857711.4,502325.1,276556.28,2550303.64,-2324534.82,85002.28,0.0456,62016.33,0.0389,50,4.67,352,11.0,0.9875,0.8868,5,33.3,4
2024-11,Retail,Seoul,Partner,F-Outdoor,Affinity,11344,0.01654,187,211,0.02007,4,3,64362.45,193087.34,113136.49,79950.85,62174.37,1922697.43,-1904920.95,48271.83,0.0577,11136.47,0.0329,17,4.56,805,6.0,0.9737,0.9888,18,40.0,0
2024-11,Retail,Seoul,Partner,F-Outdoor,VIP,10019,0.02127,213,250,0.02699,6,9,61820.1,556380.87,356724.31,199656.57,79653.63,1620361.65,-1500358.71,92730.15,0.0068,3792.71,0.0326,41,3.78,532,4.6,0.8822,0.8327,12,30.0,2
2024-11,Retail,Seoul,Marketplace,A-Standard,Mass,17608,0.03137,552,684,0.0344,23,32,30806.58,985810.59,700722.24,285088.36,191581.6,271318.65,-177811.9,42861.33,0.0318,31371.48,0.0291,29,4.01,537,5.9,0.9724,0.9815,8,29.0,0
2024-11,Retail,Seoul,Marketplace,A-Standard,Affinity,15088,0.01776,268,288,0.02042,5,9,30312.76,272814.85,191303.16,81511.7,167234.66,1833006.41,-1918729.38,54562.97,0.0451,12312.19,0.0206,34,4.42,465,4.9,0.9755,0.9618,4,31.6,0
2024-11,Retail,Seoul,Marketplace,A-Standard,VIP,14821,0.02775,411,473,0.02049,9,17,28934.99,491894.77,329878.18,162016.59,165316.66,1459226.51,-1462526.58,54654.97,0.0068,3329.01,0.024,45,4.22,218,5.6,0.9416,0.9895,5,28.2,0
2024-11,Retail,Seoul,Marketplace,B-Pro,Mass,13061,0.02763,360,399,0.03215,12,11,44582.83,490411.09,319538.83,170872.26,193983.07,1689653.73,-1712764.55,40867.59,0.0,0.0,0.0232,49,3.99,569,5.4,0.9859,0.846,9,18.4,1
2024-11,Retail,Seoul,Marketplace,B-Pro,Affinity,16012,0.02522,403,447,0.03452,15,26,45558.01,1184508.39,782078.5,402429.88,123781.48,2515761.3,-2237112.9,78967.23,0.0491,58214.02,0.0328,37,4.93,613,10.1,0.9731,0.9412,20,17.4,1
2024-11,Retail,Seoul,Marketplace,B-Pro,VIP,11996,0.01891,226,264,0.02607,6,10,44230.14,442301.41,286432.48,155868.92,74422.98,1289945.79,-1208499.84,73716.9,0.0784,34686.57,0.0239,50,4.37,345,4.4,0.9444,0.9604,14,42.9,0
2024-11,Retail,Seoul,Marketplace,C-Ultra,Mass,13727,0.02559,351,418,0.02496,10,14,68613.88,960594.3,543339.76,417254.55,121575.36,1262494.5,-966815.31,96059.43,0.041,39365.71,0.0314,45,4.19,316,10.9,0.9655,0.9276,12,20.8,1
2024-11,Retail,Seoul,Marketplace,C-Ultra,Affinity,19966,0.01358,271,329,0.02287,7,13,70181.05,912353.61,531299.54,381054.07,131994.87,1027074.96,-778015.75,130336.23,0.0369,33633.35,0.0211,44,3.95,936,8.2,0.9065,0.971,19,13.7,1
2024-11,Retail,Seoul,Marketplace,C-Ultra,VIP,17686,0.01667,294,384,0.03311,12,22,70279.72,1546153.83,959004.4,587149.42,149198.82,2237093.42,-1799142.82,128846.15,0.0278,43028.96,0.0387,28,3.99,522,8.1,0.9696,0.891,17,26.2,0
2024-11,Retail,Seoul,Marketplace,D-Home,Mass,18860,0.01969,371,477,0.02672,12,14,54245.49,759436.91,484344.41,275092.49,118392.81,1005768.73,-849069.04,63286.41,0.0336,25518.63,0.0447,43,4.35,456,12.0,0.9544,0.9817,8,23.0,0
2024-11,Retail,Seoul,Marketplace,D-Home,Affinity,16312,0.03424,558,640,0.02097,13,13,55668.39,723689.1,487342.73,236346.37,277159.12,2900990.09,-2941802.84,55668.39,0.0112,8073.67,0.0296,19,4.11,441,5.9,0.9492,0.9084,18,26.2,0
2024-11,Retail,Seoul,Marketplace,D-Home,VIP,15491,0.02402,372,483,0.02638,12,18,55873.12,1005716.16,677435.26,328280.9,160294.95,2464036.71,-2296050.76,83809.68,0.0326,32742.08,0.0494,50,4.03,460,3.1,0.9871,0.9354,10,45.5,0
2024-11,Retail,Seoul,Marketplace,E-Office,Mass,17766,0.02111,374,478,0.03597,17,11,62378.44,686162.84,438555.33,247607.51,173026.45,458844.57,-384263.5,40362.52,0.0422,28955.27,0.0464,46,4.03,872,8.7,0.9577,0.902,12,17.5,0
2024-11,Retail,Seoul,Marketplace,E-Office,Affinity,19618,0.03208,629,711,0.02344,16,30,61026.21,1830786.41,1179789.34,650997.07,316406.7,2925175.93,-2590585.57,114424.15,0.046,84240.99,0.031,45,4.64,986,7.3,0.9563,0.9033,29,21.5,2
2024-11,Retail,Seoul,Marketplace,E-Office,VIP,14777,0.01657,244,304,0.02731,8,5,60520.75,302603.74,190585.2,112018.54,135751.29,123221.99,-146954.74,37825.47,0.0266,8046.39,0.0366,42,4.58,803,8.7,0.975,0.9471,12,22.1,0
2024-11,Retail,Seoul,Marketplace,F-Outdoor,Mass,15456,0.03227,498,532,0.0304,16,22,65381.14,1438385.02,928993.24,509391.79,192163.08,1122406.87,-805178.16,89899.06,0.0269,38737.91,0.0315,45,3.55,266,7.5,0.9639,0.9726,12,23.3,0
2024-11,Retail,Seoul,Marketplace,F-Outdoor,Affinity,15834,0.03226,510,541,0.02438,13,21,67788.92,1423567.33,880651.68,542915.65,304287.4,1213510.55,-974882.29,109505.18,0.0211,30093.23,0.027,39,4.53,976,7.1,0.9373,0.9184,17,29.2,0
2024-11,Retail,Seoul,Marketplace,F-Outdoor,VIP,15481,0.03025,468,546,0.0172,9,8,62185.92,497487.35,313011.91,184475.45,235803.62,498770.54,-550098.72,55276.37,0.0353,17556.47,0.0147,52,3.18,536,3.5,0.9645,0.9084,7,28.9,1
2024-11,Retail,Seoul,App,A-Standard,Mass,14627,0.03104,454,564,0.02435,13,15,28790.66,431859.88,279922.18,151937.7,172058.49,2446689.73,-2466810.52,33219.99,0.0283,12206.78,0.0438,55,4.71,419,9.1,1.0,0.9429,14,39.5,2
2024-11,Retail,Seoul,App,A-Standard,Affinity,13215,0.03798,501,545,0.03009,16,23,28630.73,658506.87,443494.1,215012.76,194261.49,411914.67,-391163.4,41156.68,0.0418,27540.96,0.0403,35,4.22,227,9.0,0.9294,1.0,11,14.6,2
2024-11,Retail,Seoul,App,A-Standard,VIP,12383,0.0194,240,299,0.03638,10,15,29303.95,439559.21,290380.25,149178.96,80862.86,1906001.75,-1837685.64,43955.92,0.0323,14193.3,0.014,44,4.41,494,5.0,0.9705,0.9149,7,46.3,0
2024-11,Retail,Seoul,App,B-Pro,Mass,13064,0.0262,342,443,0.01861,8,11,46549.46,512044.06,349197.63,162846.44,118087.75,2444968.74,-2400210.06,64005.51,0.0482,24685.09,0.0479,46,4.57,340,8.4,0.9869,0.9073,8,35.6,0
2024-11,Retail,Seoul,App,B-Pro,Affinity,11706,0.01241,145,164,0.02793,4,3,43706.19,131118.58,89326.54,41792.03,109877.25,2012381.85,-2080467.06,32779.64,0.0433,5682.14,0.0249,30,4.79,602,9.5,0.9244,0.977,3,28.9,4
2024-11,Retail,Seoul,App,B-Pro,VIP,13498,0.02745,370,448,0.02976,13,21,46795.13,982697.72,605764.09,376933.64,144670.85,2033906.06,-1801643.27,75592.13,0.0401,39416.13,0.0305,49,4.41,448,9.0,0.9474,0.9356,18,16.4,0
2024-11,Retail,Seoul,App,C-Ultra,Mass,11825,0.03281,388,479,0.0194,9,13,70033.82,910439.72,565928.75,344510.97,175940.62,689957.99,-521387.64,101159.97,0.0299,27201.98,0.0371,39,5.0,358,9.2,0.9908,0.9443,10,19.8,5
2024-11,Retail,Seoul,App,C-Ultra,Affinity,16768,0.01912,320,374,0.02289,8,14,68339.36,956751.05,579879.15,376871.9,139052.12,3040948.98,-2803129.2,119593.88,0.0373,35686.91,0.0401,28,4.25,568,5.8,1.0,0.8938,14,28.3,2
2024-11,Retail,Seoul,App,C-Ultra,VIP,17064,0.02555,436,478,0.03751,17,24,68328.65,1639887.7,990034.94,649852.76,186588.42,1726227.38,-1262963.04,96463.98,0.0484,79304.69,0.0311,33,3.69,631,5.9,0.9538,0.8837,5,28.1,0
2024-11,Retail,Seoul,App,D-Home,Mass,8485,0.03367,285,367,0.03798,13,21,56475.24,1185980.12,777752.49,408227.63,106835.24,1648069.01,-1346676.62,91229.24,0.0277,32794.22,0.0426,44,4.64,608,7.7,1.0,0.9526,24,20.9,0
2024-11,Retail,Seoul,App,D-Home,Affinity,8837,0.03787,334,386,0.0282,10,9,52536.95,472832.59,317084.75,155747.85,142262.29,1455699.68,-1442214.12,47283.26,0.0513,24253.08,0.04,70,4.07,579,6.4,0.939,0.9084,8,24.3,1
2024-11,Retail,Seoul,App,D-Home,VIP,12142,0.03856,468,595,0.02621,15,9,55316.4,497847.63,333945.65,163901.98,226366.73,2905294.59,-2967759.34,33189.84,0.0256,12721.54,0.0263,57,3.92,509,5.9,0.948,0.9817,9,32.2,0
2024-11,Retail,Seoul,App,E-Office,Mass,14708,0.02235,328,366,0.02791,10,15,58162.65,872439.8,573138.0,299301.8,202209.42,1219820.74,-1122728.36,87243.98,0.0502,43767.07,0.0413,41,3.94,226,6.5,0.9883,0.9295,11,21.9,4
2024-11,Retail,Seoul,App,E-Office,Affinity,13135,0.02001,262,334,0.027,9,13,61542.69,800055.01,502204.89,297850.12,102809.02,626505.86,-431464.77,88895.0,0.0407,32567.57,0.0334,58,4.56,199,5.4,1.0,0.8784,9,32.9,0
2024-11,Retail,Seoul,App,E-Office,VIP,13246,0.02123,281,340,0.03342,11,14,58770.36,822785.01,522471.47,300313.54,132669.34,2004378.26,-1836734.06,74798.64,0.0411,33784.95,0.0196,58,3.95,441,5.7,0.9398,0.8999,6,34.8,0
2024-11,Retail,Seoul,App,F-Outdoor,Mass,11706,0.02534,296,343,0.02244,7,10,63850.48,638504.78,398705.97,239798.81,112008.45,3045173.5,-2917383.14,91214.97,0.0454,29018.01,0.0499,38,4.09,847,5.6,0.9653,0.9931,9,13.9,2
2024-11,Retail,Seoul,App,F-Outdoor,Affinity,15151,0.0256,387,465,0.03197,14,18,62879.82,1131836.79,675543.28,456293.51,119638.78,1052585.79,-715931.06,80845.49,0.0464,52502.03,0.043,12,4.71,334,7.4,0.9905,0.8951,14,13.1,3
2024-11,Retail,Seoul,App,F-Outdoor,VIP,11179,0.02596,290,316,0.02852,9,12,62390.96,748691.5,445582.57,303108.93,84374.31,2495579.77,-2276845.15,83187.94,0.069,51625.57,0.0241,25,4.52,451,9.9,0.9691,0.9541,5,40.3,0
2024-11,Retail,Busan,Direct,A-Standard,Mass,9352,0.0219,204,225,0.03646,8,7,30686.32,214804.23,146325.35,68478.88,68099.12,809203.36,-808823.6,26850.53,0.0368,7901.52,0.0274,44,3.75,236,5.9,0.9622,0.9501,14,21.3,0
2024-11,Retail,Busan,Direct,A-Standard,Affinity,10867,0.02719,295,389,0.02183,8,8,29644.46,237155.7,166089.39,71066.31,154347.59,2999669.39,-3082950.67,29644.46,0.0403,9553.46,0.0323,48,4.41,213,7.9,0.913,0.9377,9,27.1,2
2024-11,Retail,Busan,Direct,A-Standard,VIP,10743,0.02431,261,307,0.03286,10,17,30008.22,510139.66,352791.32,157348.34,100520.96,742410.08,-685582.7,51013.97,0.0108,5525.02,0.0403,44,4.58,778,11.6,0.9306,0.9586,14,25.0,0
2024-11,Retail,Busan,Direct,B-Pro,Mass,9113,0.02773,252,335,0.02663,8,11,46649.86,513148.47,325153.95,187994.52,131085.67,402064.47,-345155.61,64143.56,0.0121,6234.24,0.0488,29,4.95,136,7.0,0.9608,0.9392,4,25.7,0
2024-11,Retail,Busan,Direct,B-Pro,Affinity,10371,0.03667,380,409,0.03461,14,22,44766.1,984854.16,635412.77,349441.39,122413.24,1485125.89,-1258097.74,70346.73,0.004,3903.68,0.044,46,3.78,552,6.7,0.9799,0.9228,16,31.7,4
2024-11,Retail,Busan,Direct,B-Pro,VIP,14524,0.02049,297,381,0.02743,10,13,43271.33,562527.35,371159.47,191367.88,108486.15,1528444.67,-1445562.94,56252.73,0.034,19130.45,0.0437,32,4.05,368,5.6,1.0,0.9797,18,25.8,0
2024-11,Retail,Busan,Direct,C-Ultra,Mass,10491,0.02887,302,389,0.02784,10,9,71309.93,641789.37,381405.4,260383.97,172501.93,772980.03,-685097.99,64178.94,0.0279,17894.91,0.0282,30,4.58,802,5.6,0.9523,0.9458,11,29.0,1
2024-11,Retail,Busan,Direct,C-Ultra,Affinity,10927,0.02721,297,359,0.02558,9,10,68068.96,680689.65,418829.56,261860.09,143197.61,2240364.51,-2121702.03,75632.18,0.02,13598.58,0.0434,19,4.3,599,7.8,0.904,0.8833,14,20.8,1
2024-11,Retail,Busan,Direct,C-Ultra,VIP,8447,0.02703,228,267,0.03386,9,15,67049.17,1005737.56,573648.6,432088.96,108385.46,2362125.94,-2038422.43,111748.62,0.0536,53866.31,0.0165,41,4.85,624,6.3,1.0,0.9174,21,16.3,0
2024-11,Retail,Busan,Direct,D-Home,Mass,12452,0.02593,322,383,0.02418,9,15,54422.94,816344.11,512600.92,303743.19,145736.23,2106705.16,-1948698.2,90704.9,0.0313,25554.1,0.0411,51,4.02,236,6.9,0.9476,0.9196,6,30.6,2
2024-11,Retail,Busan,Direct,D-Home,Affinity,9347,0.02325,217,254,0.01319,3,3,54210.86,162632.57,103109.97,59522.59,127836.04,137165.93,-205479.38,54210.86,0.0446,7249.44,0.0396,47,4.32,317,8.7,0.9763,0.9287,6,30.2,0
2024-11,Retail,Busan,Direct,D-Home,VIP,12046,0.02471,297,371,0.03294,12,11,54068.6,594754.64,373379.36,221375.29,79017.76,2744544.6,-2602187.08,49562.89,0.0324,19277.76,0.0224,50,4.51,582,8.6,0.9841,0.933,2,38.9,1
2024-11,Retail,Busan,Direct,E-Office,Mass,11094,0.02185,242,290,0.01979,5,7,62352.54,436467.81,275717.65,160750.16,73742.08,2097622.78,-2010614.69,87293.56,0.0328,14308.92,0.044,41,4.05,885,6.0,0.9902,0.9867,7,39.8,0
2024-11,Retail,Busan,Direct,E-Office,Affinity,10675,0.02528,269,334,0.0299,9,16,59544.66,952714.53,596703.2,356011.33,100655.27,1423553.79,-1168197.73,105857.17,0.0485,46170.88,0.0378,31,4.15,495,4.4,0.9596,0.867,7,25.0,0
2024-11,Retail,Busan,Direct,E-Office,VIP,13050,0.03372,440,467,0.0302,14,22,62787.16,1381317.54,865473.41,515844.13,224581.93,229992.99,61269.21,98665.54,0.0265,36598.4,0.0196,36,3.82,662,4.0,0.9537,0.9687,25,30.7,1
2024-11,Retail,Busan,Direct,F-Outdoor,Mass,9851,0.01967,193,247,0.00924,2,2,62719.54,125439.08,80298.84,45140.24,75302.97,426981.2,-457143.93,62719.54,0.0022,274.62,0.0372,32,4.37,528,6.1,0.9995,0.9333,6,25.4,0
2024-11,Retail,Busan,Direct,F-Outdoor,Affinity,9245,0.01012,93,115,0.01629,1,1,63013.24,63013.24,40890.34,22122.9,60562.59,2001798.18,-2040237.87,63013.24,0.027,1702.09,0.0238,32,4.2,368,7.1,0.9912,1.0,17,29.4,0
2024-11,Retail,Busan,Direct,F-Outdoor,VIP,9675,0.02525,244,264,0.03105,8,7,65384.36,457690.55,262566.35,195124.2,94996.75,171761.02,-71633.57,57211.32,0.0356,16311.16,0.0422,36,4.8,961,6.2,0.93,0.9182,18,28.4,1
2024-11,Retail,Busan,Partner,A-Standard,Mass,8675,0.02109,182,194,0.02208,4,6,30801.75,184810.51,130917.72,53892.8,91183.73,1717420.83,-1754711.76,46202.63,0.0502,9275.0,0.0423,40,4.35,504,7.1,1.0,0.9033,10,20.0,0
2024-11,Retail,Busan,Partner,A-Standard,Affinity,9958,0.02792,278,323,0.0236,7,13,30373.21,394851.77,259048.51,135803.26,88162.48,2160299.22,-2112658.44,56407.4,0.0253,9985.22,0.0263,32,5.0,508,6.6,0.979,0.8311,15,12.9,0
2024-11,Retail,Busan,Partner,A-Standard,VIP,11502,0.03148,362,469,0.03652,17,20,30859.55,617190.98,432174.56,185016.42,127464.82,2987902.74,-2930351.14,36305.35,0.0346,21358.04,0.0314,36,4.32,715,10.5,0.9582,0.9527,15,44.6,2
2024-11,Retail,Busan,Partner,B-Pro,Mass,7863,0.02369,186,198,0.02866,5,3,45957.28,137871.84,86401.63,51470.22,110011.47,2306488.78,-2365030.03,27574.37,0.0653,9002.8,0.0325,27,4.29,446,8.5,0.9265,0.9314,7,26.6,4
2024-11,Retail,Busan,Partner,B-Pro,Affinity,9888,0.02297,227,247,0.03293,8,6,45391.25,272347.49,176566.15,95781.34,78630.87,2605360.92,-2588210.45,34043.44,0.0325,8846.42,0.0479,40,3.94,783,3.2,0.9702,0.9387,7,21.8,0
2024-11,Retail,Busan,Partner,B-Pro,VIP,8638,0.02536,219,257,0.02461,6,9,45172.75,406554.72,273106.82,133447.91,60851.54,885474.09,-812877.73,67759.12,0.0162,6583.84,0.0244,23,4.01,512,6.0,0.9471,0.9423,10,33.8,2
2024-11,Retail,Busan,Partner,C-Ultra,Mass,8609,0.02023,174,223,0.03742,8,8,70740.36,565922.88,343794.94,222127.94,80623.98,1422323.78,-1280819.83,70740.36,0.0266,15068.39,0.0331,33,4.29,606,8.7,0.9698,0.9309,15,33.2,3
2024-11,Retail,Busan,Partner,C-Ultra,Affinity,8021,0.02497,200,257,0.02787,7,13,69584.2,904594.56,542030.02,362564.54,47895.12,2964618.74,-2649949.33,129227.79,0.0505,45717.42,0.0342,47,4.79,807,7.8,0.9534,0.9208,17,27.0,0
2024-11,Retail,Busan,Partner,C-Ultra,VIP,7757,0.026,201,249,0.02706,6,12,71006.51,852078.11,490592.03,361486.07,77504.75,1693478.3,-1409496.98,142013.02,0.018,15357.47,0.0311,43,4.44,991,3.3,0.9485,0.9408,11,29.6,0
2024-11,Retail,Busan,Partner,D-Home,Mass,9161,0.0252,230,261,0.02158,5,3,55684.71,167054.12,108716.2,58337.93,130803.6,1469355.14,-1541820.81,33410.82,0.0499,8334.1,0.0388,36,4.64,902,7.9,0.9215,0.9465,20,24.1,0
2024-11,Retail,Busan,Partner,D-Home,Affinity,8199,0.02755,225,283,0.02758,7,8,53444.62,427557.0,288325.14,139231.86,81623.15,2531318.54,-2473709.82,61079.57,0.0172,7349.55,0.02,47,3.75,452,8.6,0.9308,0.9357,13,52.6,1
2024-11,Retail,Busan,Partner,D-Home,VIP,9074,0.01351,122,158,0.02967,4,6,55089.17,330535.04,208960.76,121574.28,50613.75,1390713.99,-1319753.46,82633.76,0.0373,12340.0,0.0267,47,4.49,551,8.0,0.9587,0.9182,6,37.8,0
2024-11,Retail,Busan,Partner,E-Office,Mass,7544,0.01616,121,129,0.01411,1,1,57175.97,57175.97,34705.04,22470.94,58298.63,473690.08,-509517.77,57175.97,0.0054,306.56,0.04,38,3.6,933,8.7,0.9811,0.94,6,29.1,0
2024-11,Retail,Busan,Partner,E-Office,Affinity,9030,0.01696,153,172,0.02124,3,4,60797.13,243188.53,149369.74,93818.79,55078.95,2489987.6,-2451247.77,81062.84,0.0092,2243.68,0.024,35,4.26,304,13.0,1.0,0.9638,22,33.9,0
2024-11,Retail,Busan,Partner,E-Office,VIP,9735,0.02481,241,257,0.03809,9,9,62702.74,564324.62,349121.21,215203.41,107031.77,1799495.4,-1691323.75,62702.74,0.0373,21027.85,0.0522,49,5.0,534,5.2,0.9559,0.9461,18,21.9,1
2024-11,Retail,Busan,Partner,F-Outdoor,Mass,7858,0.01902,149,173,0.03569,6,8,65397.51,523180.07,332537.33,190642.74,60237.68,2759058.51,-2628653.45,87196.68,0.0516,26994.57,0.0555,29,4.12,297,2.2,0.9738,0.9245,18,28.2,2
2024-11,Retail,Busan,Partner,F-Outdoor,Affinity,7330,0.02074,152,168,0.03052,5,7,65443.47,458104.31,273508.2,184596.11,89110.85,1283005.83,-1187520.58,91620.86,0.0394,18043.28,0.0428,31,4.08,516,6.7,0.9924,0.9302,16,15.9,1
2024-11,Retail,Busan,Partner,F-Outdoor,VIP,7060,0.02603,183,234,0.02681,6,6,67800.85,406805.11,235538.19,171266.92,113841.6,917151.86,-859726.54,67800.85,0.0251,10228.51,0.0236,37,4.48,303,6.3,0.935,0.94,17,28.7,0
2024-11,Retail,Busan,Marketplace,A-Standard,Mass,11877,0.02251,267,355,0.0313,11,10,30077.89,300778.88,203327.8,97451.09,108434.74,526958.96,-537942.61,27343.53,0.0209,6289.35,0.0326,50,4.19,477,3.4,0.97,0.8896,4,43.2,0
2024-11,Retail,Busan,Marketplace,A-Standard,Affinity,12724,0.02818,358,471,0.03662,17,10,29214.41,292144.1,204781.88,87362.23,123868.75,987125.71,-1023632.23,17184.95,0.0341,9947.82,0.0404,20,4.11,518,8.0,0.9339,0.8738,8,28.7,0
2024-11,Retail,Busan,Marketplace,A-Standard,VIP,14350,0.02557,366,475,0.01766,8,18,30361.28,546503.05,374223.12,172279.93,113483.26,755151.54,-696354.88,68312.88,0.0412,22522.73,0.0204,55,4.34,498,2.8,1.0,0.9916,5,21.0,1
2024-11,Retail,Busan,Marketplace,B-Pro,Mass,10575,0.032,338,425,0.03794,16,26,45260.68,1176777.58,801366.35,375411.23,135897.76,564723.95,-325210.48,73548.6,0.0434,51015.76,0.0373,26,4.06,712,7.9,0.925,1.0,19,33.6,0
2024-11,Retail,Busan,Marketplace,B-Pro,Affinity,13014,0.02491,324,395,0.02965,11,8,44075.19,352601.51,217249.69,135351.82,153446.25,2167111.53,-2185205.95,32054.68,0.0524,18476.68,0.0323,47,4.1,900,3.8,0.9669,0.9449,18,5.2,0
2024-11,Retail,Busan,Marketplace,B-Pro,VIP,10659,0.02948,314,369,0.01097,4,5,45290.98,226454.89,140521.96,85932.93,116748.38,1625564.83,-1656380.28,56613.72,0.0317,7188.31,0.0452,35,3.83,837,6.0,0.9886,0.9725,15,32.8,1
2024-11,Retail,Busan,Marketplace,C-Ultra,Mass,12160,0.0319,387,441,0.01434,6,10,70554.95,705549.51,417128.76,288420.75,165350.58,815942.16,-692871.98,117591.59,0.0526,37098.39,0.0341,46,3.62,780,9.5,0.9663,0.8469,9,18.6,3
2024-11,Retail,Busan,Marketplace,C-Ultra,Affinity,9892,0.02829,279,316,0.02979,9,13,67710.87,880241.27,559425.28,320816.0,108067.16,1007718.8,-794969.96,97804.59,0.0639,56287.18,0.0249,38,4.08,296,4.8,0.9369,0.9187,16,16.6,0
2024-11,Retail,Busan,Marketplace,C-Ultra,VIP,11879,0.01821,216,246,0.032,7,13,66556.89,865239.54,540173.79,325065.75,90597.97,1000552.68,-766084.89,123605.65,0.0469,40552.99,0.0311,71,4.25,801,4.0,0.9674,0.9168,3,29.4,0
2024-11,Retail,Busan,Marketplace,D-Home,Mass,11353,0.02805,318,339,0.02092,7,11,55023.16,605254.72,407218.78,198035.95,132380.66,499985.63,-434330.35,86464.96,0.0488,29513.74,0.0408,27,3.79,736,6.2,0.9825,0.9758,17,43.1,0
2024-11,Retail,Busan,Marketplace,D-Home,Affinity,11007,0.02457,270,350,0.03524,12,19,53608.95,1018570.04,665085.81,353484.23,97905.43,1141323.96,-885745.16,84880.84,0.0532,54215.11,0.0324,20,4.61,586,10.9,0.9821,0.9492,13,31.4,1
2024-11,Retail,Busan,Marketplace,D-Home,VIP,15965,0.03282,523,599,0.031,18,20,52651.11,1053022.26,645136.01,407886.26,196004.49,1773172.56,-1561290.8,58501.24,0.0183,19220.07,0.0354,21,3.8,688,4.5,0.9944,0.9229,10,37.1,0
2024-11,Retail,Busan,Marketplace,E-Office,Mass,12802,0.01838,235,311,0.02699,8,8,60326.33,482610.67,306496.35,176114.32,92977.4,2393386.68,-2310249.76,60326.33,0.0615,29673.36,0.0229,41,4.57,577,6.6,0.991,0.9091,12,26.3,0
2024-11,Retail,Busan,Marketplace,E-Office,Affinity,11397,0.02328,265,323,0.03401,10,12,62208.24,746498.91,471120.54,275378.37,109345.4,1861915.35,-1695882.38,74649.89,0.0389,29020.05,0.0166,42,3.69,324,7.6,0.9566,0.9586,17,28.1,1
2024-11,Retail,Busan,Marketplace,E-Office,VIP,15167,0.03458,524,675,0.02676,18,25,58784.35,1469608.79,888288.07,581320.72,152055.55,542790.66,-113525.48,81644.93,0.0426,62534.76,0.0293,50,4.26,322,2.9,0.9969,0.9617,3,33.2,2
2024-11,Retail,Busan,Marketplace,F-Outdoor,Mass,11905,0.02227,265,339,0.02543,8,13,67761.5,880899.47,528807.3,352092.17,120512.68,2484894.22,-2253314.73,110112.43,0.0326,28702.57,0.0242,34,4.0,512,5.7,0.9482,0.8994,6,32.6,0
2024-11,Retail,Busan,Marketplace,F-Outdoor,Affinity,9872,0.02552,251,280,0.03009,8,11,65892.5,724817.54,422137.72,302679.82,111205.53,981315.95,-789841.66,90602.19,0.0137,9905.8,0.0213,66,3.9,403,11.0,0.9625,0.9543,6,29.7,0
2024-11,Retail,Busan,Marketplace,F-Outdoor,VIP,13250,0.01919,254,303,0.03129,9,11,66830.96,735140.54,454919.1,280221.44,95821.49,2239758.28,-2055358.32,81682.28,0.0367,26986.96,0.0368,51,4.32,569,6.8,0.9609,0.9581,12,16.7,0
2024-11,Retail,Busan,App,A-Standard,Mass,11090,0.02239,248,315,0.02495,7,9,28890.45,260014.03,169540.22,90473.8,117248.24,2015934.88,-2042709.32,37144.86,0.0298,7751.85,0.0379,46,4.05,354,10.9,0.9779,0.962,15,15.1,0
2024-11,Retail,Busan,App,A-Standard,Affinity,8816,0.01149,101,133,0.02046,2,2,29817.21,59634.41,40779.58,18854.83,62809.8,1660297.68,-1704252.65,29817.21,0.0472,2815.98,0.0307,47,4.13,232,10.1,0.9474,0.9426,15,31.8,0
2024-11,Retail,Busan,App,A-Standard,VIP,10575,0.02973,314,355,0.02773,9,10,31125.44,311254.35,218167.09,93087.26,145513.58,101389.23,-153815.54,34583.82,0.0418,13013.9,0.0274,30,3.5,694,6.5,0.9794,0.864,15,34.1,0
2024-11,Retail,Busan,App,B-Pro,Mass,12376,0.03126,386,487,0.01649,8,12,46754.77,561057.3,350076.81,210980.48,172350.54,847425.83,-808795.89,70132.16,0.0532,29839.43,0.0503,51,4.2,383,9.2,0.983,0.9438,20,32.0,2
2024-11,Retail,Busan,App,B-Pro,Affinity,11995,0.02126,255,331,0.0129,4,5,42957.77,214788.87,132481.09,82307.78,77533.99,2623335.47,-2618561.68,53697.22,0.0754,16194.43,0.0446,50,4.25,283,8.5,0.9768,0.9478,8,21.1,0
2024-11,Retail,Busan,App,B-Pro,VIP,11496,0.02587,297,360,0.02437,8,7,43452.2,304165.37,200967.82,103197.55,158374.09,2362190.84,-2417367.39,38020.67,0.0291,8839.28,0.0197,47,3.77,677,4.8,0.9341,0.9811,14,23.8,0
2024-11,Retail,Busan,App,C-Ultra,Mass,11130,0.01961,218,279,0.03586,10,11,73058.98,803648.73,497517.29,306131.44,75723.65,1580343.18,-1349935.39,80364.87,0.053,42613.9,0.0294,45,4.14,344,8.6,0.9498,0.8804,18,15.7,0
2024-11,Retail,Busan,App,C-Ultra,Affinity,11361,0.0353,401,516,0.03283,16,19,72268.57,1373102.91,842377.23,530725.68,105172.69,276280.69,149272.3,85818.93,0.0349,47908.25,0.035,65,4.25,547,7.1,0.9613,0.922,3,5.3,0
2024-11,Retail,Busan,App,C-Ultra,VIP,8919,0.03057,272,288,0.03424,9,12,69409.36,832912.27,486003.07,346909.2,147720.99,655551.09,-456362.87,92545.81,0.0427,35582.79,0.0222,41,4.14,550,5.6,0.9494,0.9091,18,29.2,1
2024-11,Retail,Busan,App,D-Home,Mass,12349,0.02432,300,338,0.02278,7,8,53971.25,431770.01,271219.64,160550.37,103962.04,2902130.05,-2845541.72,61681.43,0.0463,20009.63,0.0425,37,4.2,374,3.9,0.937,0.8892,9,26.4,0
2024-11,Retail,Busan,App,D-Home,Affinity,8760,0.0279,244,263,0.0296,7,9,53232.47,479092.27,312607.84,166484.43,103802.18,1758505.0,-1695822.75,68441.75,0.0206,9881.98,0.035,39,4.38,1041,8.2,0.9701,0.9937,15,24.8,0
2024-11,Retail,Busan,App,D-Home,VIP,9101,0.02402,218,247,0.03138,7,9,54261.4,488352.61,308016.55,180336.06,136711.43,1236473.17,-1192848.54,69764.66,0.0442,21565.62,0.031,44,4.56,603,12.8,0.9498,0.9275,30,39.3,1
2024-11,Retail,Busan,App,E-Office,Mass,10248,0.01192,122,137,0.02254,3,4,61791.81,247167.25,148376.74,98790.51,48715.74,783877.27,-733802.51,82389.08,0.0747,18472.88,0.04,20,4.33,713,4.5,0.9394,0.9879,24,39.1,4
2024-11,Retail,Busan,App,E-Office,Affinity,6570,0.02651,174,192,0.01843,3,3,58705.72,176117.17,106301.79,69815.38,84941.74,2468652.97,-2483779.33,58705.72,0.0053,924.64,0.0205,52,4.42,357,6.1,0.9801,0.948,7,27.8,0
2024-11,Retail,Busan,App,E-Office,VIP,10544,0.03304,348,448,0.01933,8,5,62550.73,312753.63,186198.71,126554.93,132493.03,1237995.07,-1243933.17,39094.2,0.0427,13343.44,0.0272,23,4.21,739,9.3,0.9656,0.9323,16,15.3,0
2024-11,Retail,Busan,App,F-Outdoor,Mass,13585,0.02231,303,346,0.02235,7,6,67094.56,402567.36,241641.65,160925.7,121397.31,1093515.99,-1053987.6,57509.62,0.0187,7512.28,0.0464,60,4.34,291,4.4,0.953,0.9527,20,34.8,1
2024-11,Retail,Busan,App,F-Outdoor,Affinity,10035,0.02339,234,283,0.0248,7,14,67721.99,948107.86,603177.27,344930.59,66665.91,1691470.48,-1413205.79,135443.98,0.0203,19237.03,0.0354,44,4.62,648,7.5,0.9663,0.9464,12,27.1,1
2024-11,Retail,Busan,App,F-Outdoor,VIP,8035,0.0195,156,168,0.02785,4,4,64092.45,256369.78,153419.87,102949.92,57154.55,2626549.57,-2580754.19,64092.45,0.036,9234.15,0.0273,23,4.35,215,7.7,0.9455,0.9359,15,9.7,0
2024-11,Online,Seoul,Direct,A-Standard,Mass,15607,0.03463,540,583,0.02441,14,13,29074.65,377970.39,246795.77,131174.62,167805.64,224499.81,-261130.82,26997.89,0.0297,11220.19,0.0348,30,4.43,504,6.5,1.0,1.0,16,20.4,0
2024-11,Online,Seoul,Direct,A-Standard,Affinity,17374,0.02499,434,527,0.02376,12,19,31068.59,590303.14,398260.51,192042.63,142243.46,1340695.19,-1290896.02,49191.93,0.0255,15048.14,0.02,68,4.08,371,9.9,0.9473,0.9759,8,34.2,0
2024-11,Online,Seoul,Direct,A-Standard,VIP,13100,0.02736,358,468,0.02424,11,16,29573.49,473175.77,328314.79,144860.98,121993.39,979826.28,-956958.69,43015.98,0.0101,4758.2,0.0057,28,4.26,349,4.0,0.9503,0.9371,12,14.0,2
2024-11,Online,Seoul,Direct,B-Pro,Mass,15487,0.03371,522,634,0.03369,21,28,42924.36,1201881.96,750483.77,451398.18,183305.41,773602.35,-505509.58,57232.47,0.0539,64781.67,0.0394,51,4.37,845,6.1,0.9738,0.9032,15,27.1,0
2024-11,Online,Seoul,Direct,B-Pro,Affinity,13533,0.02354,318,334,0.02607,8,10,43875.6,438755.95,284797.59,153958.36,146559.06,1621633.91,-1614234.6,54844.49,0.0488,21405.68,0.0385,50,4.7,489,4.2,0.9651,0.8614,8,42.4,0
2024-11,Online,Seoul,Direct,B-Pro,VIP,14763,0.02442,360,440,0.01992,8,12,46851.16,562213.9,377947.72,184266.18,171527.32,1817269.79,-1804530.93,70276.74,0.0518,29119.1,0.0223,63,4.97,534,8.3,0.9571,0.9816,12,27.3,4
2024-11,Online,Seoul,Direct,C-Ultra,Mass,16240,0.02852,463,569,0.02959,16,23,72474.42,1666911.77,969707.97,697203.8,232247.58,1264510.58,-799554.37,104181.99,0.0368,61392.35,0.0417,60,4.71,571,5.9,0.9467,0.9488,11,13.1,2
2024-11,Online,Seoul,Direct,C-Ultra,Affinity,15437,0.01664,256,325,0.03289,10,10,72764.69,727646.85,413416.51,314230.35,124257.32,818432.92,-628459.89,72764.69,0.0471,34296.38,0.0374,34,4.63,332,7.2,0.964,0.9239,5,18.9,0
2024-11,Online,Seoul,Direct,C-Ultra,VIP,17626,0.01894,333,384,0.02466,9,13,72143.22,937861.9,580625.43,357236.47,133188.3,1022137.96,-798089.79,104206.88,0.0311,29213.31,0.0295,31,5.0,1515,5.2,1.0,0.926,6,14.9,0
2024-11,Online,Seoul,Direct,D-Home,Mass,15759,0.02782,438,560,0.0244,13,11,57597.3,633570.35,418527.8,215042.55,140717.55,2989924.88,-2915599.88,48736.18,0.0397,25143.55,0.0361,26,4.51,109,4.9,0.9479,0.9874,10,29.9,0
2024-11,Online,Seoul,Direct,D-Home,Affinity,16891,0.02285,385,483,0.02404,11,15,52882.88,793243.2,480348.16,312895.04,210264.41,439118.47,-336487.84,72113.02,0.0342,27158.18,0.0442,53,4.62,354,5.4,0.9575,0.9196,2,29.1,0
2024-11,Online,Seoul,Direct,D-Home,VIP,12023,0.03263,392,452,0.03157,14,21,54091.81,1135927.97,732883.41,403044.56,135767.58,1040625.79,-773348.81,81137.71,0.0501,56881.81,0.0205,13,4.04,398,4.4,0.9093,0.9421,12,34.8,2
2024-11,Online,Seoul,Direct,E-Office,Mass,12267,0.0152,186,224,0.01986,4,4,62019.4,248077.58,162221.03,85856.55,96056.94,1063690.94,-1073891.32,62019.4,0.0,0.0,0.0394,45,4.34,741,8.1,0.9572,0.8608,6,24.7,0
2024-11,Online,Seoul,Direct,E-Office,Affinity,14315,0.0212,303,351,0.0206,7,9,59599.32,536393.84,349247.15,187146.69,101670.49,2962616.21,-2877140.01,76627.69,0.0271,14515.56,0.0287,51,4.52,558,8.8,0.9826,0.8788,11,35.0,1
2024-11,Online,Seoul,Direct,E-Office,VIP,14228,0.0319,453,540,0.01557,8,13,62733.12,815530.62,530604.79,284925.83,172673.58,1121757.28,-1009505.03,101941.33,0.0053,4309.7,0.0348,20,4.34,539,2.8,0.996,0.9424,12,30.5,0
2024-11,Online,Seoul,Direct,F-Outdoor,Mass,17681,0.02346,414,440,0.01732,7,8,62678.6,501428.83,315385.45,186043.38,251771.41,1312644.68,-1378372.72,71632.69,0.0102,5133.28,0.0417,36,4.16,810,6.8,0.9215,0.9337,10,22.8,0
2024-11,Online,Seoul,Direct,F-Outdoor,Affinity,17847,0.02712,484,542,0.03192,17,21,62454.08,1311535.73,766946.64,544589.1,222898.66,521116.33,-199425.89,77149.16,0.0476,62408.58,0.038,71,4.49,440,6.2,0.9312,0.9341,9,32.9,0
2024-11,Online,Seoul,Direct,F-Outdoor,VIP,10404,0.02619,272,333,0.03262,10,17,63065.03,1072105.48,636722.34,435383.14,120424.75,1233061.53,-918103.14,107210.55,0.0377,40459.33,0.032,41,3.92,555,6.4,0.9741,0.9769,13,27.4,0
2024-11,Online,Seoul,Partner,A-Standard,Mass,13794,0.0246,339,393,0.03071,12,11,30128.32,331411.57,233322.59,98088.98,95902.82,1647360.61,-1645174.45,27617.63,0.0338,11217.74,0.0429,24,3.84,605,6.0,0.9909,0.8957,12,20.3,0
2024-11,Online,Seoul,Partner,A-Standard,Affinity,12545,0.0087,109,129,0.02494,3,6,28907.03,173442.19,121059.73,52382.46,76329.13,883419.26,-907365.93,57814.06,0.0389,6741.02,0.0336,41,4.35,607,6.2,0.9287,0.8519,11,20.1,3
2024-11,Online,Seoul,Partner,A-Standard,VIP,15536,0.02077,322,353,0.0276,9,12,29365.97,352391.66,238437.0,113954.65,170097.81,764189.72,-820332.88,39154.63,0.0263,9256.15,0.0292,34,4.27,673,9.7,0.9574,0.935,9,18.3,0
2024-11,Online,Seoul,Partner,B-Pro,Mass,11097,0.01881,208,221,0.01944,4,5,46830.83,234154.14,154963.22,79190.92,131557.9,2355298.28,-2407665.25,58538.54,0.019,4441.86,0.0303,29,3.73,1019,11.3,0.9618,0.9265,11,34.7,0
2024-11,Online,Seoul,Partner,B-Pro,Affinity,11850,0.03012,356,391,0.02195,8,14,47230.09,661221.32,412939.38,248281.94,147059.39,2171651.51,-2070428.96,82652.67,0.0198,13063.4,0.0402,67,3.93,1148,9.5,0.9438,0.9055,6,33.6,0
2024-11,Online,Seoul,Partner,B-Pro,VIP,11852,0.01945,230,304,0.02294,6,7,45212.65,316488.54,211848.14,104640.39,110285.89,1044621.83,-1050267.33,52748.09,0.0438,13865.2,0.0261,38,4.45,582,10.4,0.9646,0.9753,8,39.7,4
2024-11,Online,Seoul,Partner,C-Ultra,Mass,16054,0.01827,293,318,0.0287,9,13,67762.89,880917.55,494457.93,386459.62,133460.97,648707.97,-395709.31,97879.73,0.0337,29698.82,0.0269,37,4.77,542,4.2,0.9584,0.9134,17,28.8,2
2024-11,Online,Seoul,Partner,C-Ultra,Affinity,11572,0.02202,254,289,0.03083,8,8,68348.05,546784.38,306374.43,240409.95,78071.49,2534564.0,-2372225.53,68348.05,0.0408,22288.25,0.026,62,4.61,241,9.7,0.9723,0.9316,6,22.9,0
2024-11,Online,Seoul,Partner,C-Ultra,VIP,12666,0.02683,339,364,0.02886,10,7,69439.52,486076.67,295565.57,190511.1,132357.61,1271929.38,-1213775.89,48607.67,0.014,6803.32,0.0425,56,4.41,762,6.8,0.9254,0.8968,1,25.4,1
2024-11,Online,Seoul,Partner,D-Home,Mass,9775,0.02203,215,231,0.02101,4,4,52407.83,209631.33,135794.47,73836.86,92804.86,1098041.65,-1117009.65,52407.83,0.0233,4876.32,0.0424,54,4.06,1047,7.8,0.9246,0.9358,9,23.4,1
2024-11,Online,Seoul,Partner,D-Home,Affinity,12699,0.02959,375,407,0.02569,10,9,55507.13,499564.19,318454.42,181109.77,107648.03,3021119.82,-2947658.09,49956.42,0.053,26494.74,0.02,27,4.06,703,6.4,1.0,0.9556,27,32.9,2
2024-11,Online,Seoul,Partner,D-Home,VIP,16424,0.02655,436,494,0.02627,12,19,55986.18,1063737.39,664198.85,399538.54,210804.18,1985991.72,-1797257.36,88644.78,0.0358,38065.92,0.0207,36,4.21,398,5.6,0.9582,0.9439,10,25.1,2
2024-11,Online,Seoul,Partner,E-Office,Mass,14096,0.0259,365,457,0.02019,9,13,60347.92,784522.99,508086.0,276436.99,136469.94,1498638.88,-1358671.83,87169.22,0.0312,24502.87,0.0479,46,3.96,515,7.6,0.9636,0.8995,9,25.4,1
2024-11,Online,Seoul,Partner,E-Office,Affinity,14374,0.03063,440,498,0.0178,8,9,58757.09,528813.79,328317.53,200496.27,188294.75,1101604.17,-1089402.65,66101.72,0.0173,9168.21,0.0275,50,4.26,255,7.0,0.9758,0.9037,25,17.7,2
2024-11,Online,Seoul,Partner,E-Office,VIP,11360,0.02032,230,260,0.01962,5,6,62974.54,377847.22,237720.81,140126.41,112814.6,621577.7,-594265.89,75569.44,0.0576,21773.32,0.0292,41,4.27,724,5.6,0.9892,0.9403,7,30.7,0
2024-11,Online,Seoul,Partner,F-Outdoor,Mass,15374,0.01008,154,176,0.02506,4,4,64824.25,259296.99,160898.52,98398.48,109899.65,54131.18,-65632.35,64824.25,0.0473,12261.25,0.0338,45,3.59,732,7.1,0.919,0.9645,0,25.5,2
2024-11,Online,Seoul,Partner,F-Outdoor,Affinity,14940,0.02721,406,431,0.02303,9,6,63206.63,379239.8,235982.96,143256.84,232350.91,714232.25,-803326.32,42137.76,0.0223,8439.75,0.0298,36,4.73,838,5.8,0.9844,0.9157,9,36.9,0
2024-11,Online,Seoul,Partner,F-Outdoor,VIP,8959,0.025,224,244,0.02749,6,9,62579.82,563218.38,352361.33,210857.04,92462.02,3036065.57,-2917670.55,93869.73,0.0546,30727.93,0.0243,38,4.25,974,8.5,0.9234,0.9435,6,21.2,0
2024-11,Online,Seoul,Marketplace,A-Standard,Mass,16146,0.01785,288,361,0.01731,6,5,30670.59,153352.94,103112.29,50240.65,180419.17,705668.85,-835847.38,25558.82,0.0627,9616.02,0.0358,47,4.79,744,12.2,0.9486,0.9612,7,36.0,0
2024-11,Online,Seoul,Marketplace,A-Standard,Affinity,18768,0.01973,370,439,0.02016,8,11,30653.74,337191.14,219395.04,117796.1,141036.08,2076944.29,-2100184.28,42148.89,0.0137,4618.23,0.0378,33,4.32,491,6.7,0.8864,0.9597,4,37.4,3
2024-11,Online,Seoul,Marketplace,A-Standard,VIP,18209,0.02745,499,575,0.03479,20,27,31070.25,838896.74,589447.16,249449.58,135769.15,369744.77,-256064.34,41944.84,0.039,32724.73,0.0327,23,4.48,231,6.7,0.9874,0.9114,13,19.8,0
2024-11,Online,Seoul,Marketplace,B-Pro,Mass,14266,0.01872,267,349,0.02234,7,12,45433.14,545197.74,354411.24,190786.5,89684.77,1955841.35,-1854739.62,77885.39,0.0419,22837.94,0.0435,47,3.94,371,9.1,0.9823,0.8979,17,26.5,0
2024-11,Online,Seoul,Marketplace,B-Pro,Affinity,15462,0.02415,373,458,0.02693,12,15,43027.41,645411.15,441580.75,203830.4,124775.5,623078.92,-544024.02,53784.26,0.0261,16841.86,0.0231,32,3.64,469,6.0,0.8846,0.9893,14,22.8,0
2024-11,Online,Seoul,Marketplace,B-Pro,VIP,17300,0.01905,329,349,0.0202,7,6,44531.04,267186.25,174862.09,92324.16,133601.74,2524448.7,-2565726.29,38169.46,0.0222,5925.59,0.0332,51,4.25,596,7.7,0.9398,0.9636,9,27.9,0
2024-11,Online,Seoul,Marketplace,C-Ultra,Mass,17222,0.01059,182,232,0.025,5,6,70810.6,424863.58,263667.14,161196.44,76193.53,2636025.24,-2551022.33,84972.72,0.0338,14358.07,0.0173,56,4.32,582,8.0,0.9335,0.95,11,33.8,1
2024-11,Online,Seoul,Marketplace,C-Ultra,Affinity,15328,0.03534,541,675,0.02756,18,25,67112.02,1677800.42,1015130.59,662669.83,153763.07,3033997.38,-2525090.62,93211.13,0.0403,67601.13,0.0421,18,4.49,753,9.3,0.9543,0.9552,15,15.5,0
2024-11,Online,Seoul,Marketplace,C-Ultra,VIP,18835,0.02452,461,512,0.02291,11,14,73212.81,1024979.35,602813.23,422166.12,194274.05,1639754.18,-1411862.11,93179.94,0.0286,29268.13,0.0258,37,4.0,269,6.8,0.957,0.9018,7,27.2,0
2024-11,Online,Seoul,Marketplace,D-Home,Mass,16534,0.03506,579,668,0.02975,19,28,54824.64,1535090.02,997791.93,537298.09,252499.44,1070356.65,-785558.0,80794.21,0.0258,39614.14,0.0469,38,4.16,482,6.4,0.9664,0.9759,21,30.9,1
2024-11,Online,Seoul,Marketplace,D-Home,Affinity,17261,0.02463,425,530,0.02073,10,12,52514.34,630172.03,422894.07,207277.95,225248.16,133937.6,-151907.8,63017.2,0.031,19531.7,0.0219,32,4.87,526,8.4,0.9481,0.9284,6,22.4,6
2024-11,Online,Seoul,Marketplace,D-Home,VIP,21582,0.01336,288,336,0.02231,7,8,52327.97,418623.78,259377.96,159245.82,203034.43,1831196.67,-1874985.28,59803.4,0.0242,10120.57,0.0508,50,4.34,403,7.1,0.9493,0.9117,9,20.6,1
2024-11,Online,Seoul,Marketplace,E-Office,Mass,14373,0.03795,545,640,0.02309,14,18,57934.63,1042823.31,664222.35,378600.96,174973.37,1278134.78,-1074507.2,74487.38,0.0586,61093.71,0.0347,33,3.92,435,5.1,0.9558,0.9761,26,40.3,0
2024-11,Online,Seoul,Marketplace,E-Office,Affinity,19521,0.01832,357,399,0.03466,13,20,62411.03,1248220.52,732704.39,515516.13,138140.61,2119864.44,-1742488.91,96016.96,0.0489,61098.99,0.0293,29,4.5,691,9.9,0.9625,0.8963,21,39.3,1
2024-11,Online,Seoul,Marketplace,E-Office,VIP,18561,0.02294,425,539,0.02855,15,15,62110.59,931658.92,599872.36,331786.56,158010.31,2243380.74,-2069604.49,62110.59,0.0615,57297.89,0.0234,24,4.38,302,9.2,0.9511,0.9637,12,22.9,4
2024-11,Online,Seoul,Marketplace,F-Outdoor,Mass,20055,0.03553,712,834,0.03629,30,44,62689.12,2758321.18,1682095.32,1076225.86,326644.47,1815823.58,-1066242.18,91944.04,0.0254,70060.94,0.0384,42,4.06,541,4.0,0.9112,0.9193,7,33.5,0
2024-11,Online,Seoul,Marketplace,F-Outdoor,Affinity,17645,0.02121,374,459,0.01642,7,8,68142.89,545143.12,325579.15,219563.98,132100.26,2683588.77,-2596125.05,77877.59,0.0509,27743.86,0.0288,47,4.41,705,6.3,0.9614,0.9346,4,29.6,0
2024-11,Online,Seoul,Marketplace,F-Outdoor,VIP,16893,0.02183,368,455,0.02215,10,14,63737.96,892331.43,569010.68,323320.75,110306.43,2991518.75,-2778504.44,89233.14,0.0395,35212.94,0.0226,47,4.52,852,6.4,0.9836,0.9284,16,40.0,1
2024-11,Online,Seoul,App,A-Standard,Mass,11482,0.02812,322,360,0.02184,7,8,31131.18,249049.47,167427.83,81621.64,193146.37,1705113.55,-1816638.28,35578.5,0.0396,9852.2,0.0444,52,4.26,263,6.0,0.9333,0.9267,17,30.8,3
2024-11,Online,Seoul,App,A-Standard,Affinity,12688,0.02699,342,423,0.04448,18,24,30655.58,735733.83,493656.62,242077.21,83609.13,1583678.63,-1425210.55,40874.1,0.033,24245.52,0.0323,30,3.75,347,6.7,0.9901,0.8833,12,35.7,0
2024-11,Online,Seoul,App,A-Standard,VIP,15106,0.01963,296,352,0.04002,14,22,30734.26,676153.75,463226.2,212927.55,156164.72,2306070.4,-2249307.57,48296.7,0.0246,16666.78,0.0178,34,4.44,136,6.2,0.97,0.9387,23,37.2,0
2024-11,Online,Seoul,App,B-Pro,Mass,13100,0.02587,338,419,0.00838,3,4,46448.45,185793.8,118554.58,67239.22,160967.17,2493109.69,-2586837.65,61931.27,0.0001,16.67,0.0448,47,4.46,994,4.8,0.9624,0.9313,16,33.6,2
2024-11,Online,Seoul,App,B-Pro,Affinity,13241,0.02773,367,414,0.02183,9,13,46290.85,601781.01,379004.48,222776.54,145142.97,2907740.66,-2830107.09,66864.56,0.0231,13911.24,0.0388,49,4.07,839,5.3,1.0,0.9843,9,30.1,0
2024-11,Online,Seoul,App,B-Pro,VIP,11587,0.01975,228,242,0.0284,6,5,46366.06,231830.32,147161.76,84668.56,94500.9,219334.13,-229166.48,38638.39,0.0381,8843.58,0.026,42,3.97,849,7.7,0.9583,0.8943,18,32.1,1
2024-11,Online,Seoul,App,C-Ultra,Mass,14031,0.02572,360,479,0.02515,12,16,70835.02,1133360.31,701060.27,432300.04,190067.91,3033703.96,-2791471.83,94446.69,0.04,45313.53,0.0368,31,4.02,704,3.9,0.9691,0.9818,22,26.4,3
2024-11,Online,Seoul,App,C-Ultra,Affinity,14830,0.02861,424,484,0.0271,13,18,68802.34,1238442.13,752415.86,486026.28,215946.32,961424.05,-691344.09,95264.78,0.0494,61152.39,0.0433,37,3.1,623,6.7,0.9438,0.9006,14,34.5,0
2024-11,Online,Seoul,App,C-Ultra,VIP,16311,0.03207,523,607,0.02686,16,18,71699.31,1290587.53,821364.17,469223.36,142673.15,2832391.97,-2505841.76,80661.72,0.023,29666.78,0.0313,63,4.06,469,4.7,0.9468,0.8642,7,25.8,0
2024-11,Online,Seoul,App,D-Home,Mass,13929,0.03756,523,602,0.02131,12,13,53373.52,693855.8,426932.15,266923.66,256016.74,2124756.79,-2113849.87,57821.32,0.0573,39727.81,0.0195,50,3.98,272,8.6,0.985,0.8741,11,29.0,0
2024-11,Online,Seoul,App,D-Home,Affinity,12759,0.0185,236,314,0.03054,9,11,52848.68,581335.49,373216.61,208118.88,126949.22,341305.78,-260136.11,64592.83,0.0294,17083.23,0.0543,50,4.28,1041,7.5,1.0,0.8681,0,29.9,2
2024-11,Online,Seoul,App,D-Home,VIP,10113,0.02928,296,380,0.02629,9,15,56621.27,849319.03,546699.5,302619.53,134981.06,1407371.94,-1239733.47,94368.78,0.0213,18124.81,0.0337,47,4.24,33,5.2,0.9709,0.854,21,27.2,0
2024-11,Online,Seoul,App,E-Office,Mass,14263,0.01895,270,342,0.01969,6,9,62411.41,561702.66,360098.23,201604.43,126410.54,2746136.3,-2670942.41,93617.11,0.0433,24310.8,0.0322,44,4.7,700,6.9,0.8991,0.9164,5,38.3,0
2024-11,Online,Seoul,App,E-Office,Affinity,17090,0.02456,419,479,0.03029,14,19,58472.6,1110979.41,648854.29,462125.12,137012.46,1931209.5,-1606096.84,79355.67,0.0242,26850.99,0.0422,35,4.48,622,4.7,0.9833,0.9647,23,29.1,2
2024-11,Online,Seoul,App,E-Office,VIP,10999,0.02419,266,354,0.02123,7,9,60297.52,542677.68,355897.18,186780.5,67341.85,442579.07,-323140.42,77525.38,0.0525,28483.1,0.0322,47,3.94,246,4.3,0.9189,0.9165,5,26.3,0
2024-11,Online,Seoul,App,F-Outdoor,Mass,11007,0.03228,355,409,0.0217,8,14,63067.8,882949.25,526346.61,356602.64,108996.33,508554.9,-260948.59,110368.66,0.0595,52531.88,0.0443,41,4.82,916,5.0,0.9427,0.8483,12,24.9,1
2024-11,Online,Seoul,App,F-Outdoor,Affinity,15583,0.02308,359,445,0.02418,10,15,65860.79,987911.92,582666.77,405245.15,162802.33,2322784.1,-2080341.29,98791.19,0.0472,46610.78,0.0374,38,4.06,737,5.9,0.9026,0.9581,12,18.9,0
2024-11,Online,Seoul,App,F-Outdoor,VIP,16118,0.01952,314,337,0.02504,8,14,62925.28,880953.93,531669.56,349284.37,92676.68,273253.35,-16645.66,110119.24,0.0381,33536.04,0.0472,53,3.89,179,5.7,0.9458,0.8809,21,35.0,0
2024-11,Online,Busan,Direct,A-Standard,Mass,14495,0.02067,299,341,0.03649,12,9,29985.77,269871.91,179383.52,90488.39,136588.56,2530134.1,-2576234.28,22489.33,0.0083,2248.61,0.0263,57,4.23,664,4.6,0.9764,0.897,8,26.8,0
2024-11,Online,Busan,Direct,A-Standard,Affinity,9803,0.02512,246,276,0.03569,9,12,29229.7,350756.43,239027.12,111729.31,97197.44,1213492.9,-1198961.03,38972.94,0.0437,15324.08,0.0389,54,4.44,786,4.4,0.9767,0.9303,5,26.1,0
2024-11,Online,Busan,Direct,A-Standard,VIP,12601,0.03067,386,443,0.0273,12,15,30054.95,450824.28,308053.34,142770.94,104371.31,1921326.76,-1882927.14,37568.69,0.0384,17322.38,0.0334,20,4.08,617,5.4,0.967,0.9613,8,27.8,0
2024-11,Online,Busan,Direct,B-Pro,Mass,10821,0.02866,310,332,0.0144,4,4,43601.52,174406.09,112105.3,62300.79,96622.42,51540.9,-85862.54,43601.52,0.0247,4305.32,0.0436,36,4.47,609,6.9,0.9453,0.9072,22,41.7,1
2024-11,Online,Busan,Direct,B-Pro,Affinity,11277,0.01931,217,232,0.02613,6,7,44291.61,310041.24,207709.46,102331.78,88488.63,2569496.09,-2555652.94,51673.54,0.0208,6439.1,0.033,51,4.46,741,6.5,0.9693,0.9028,6,22.9,0
2024-11,Online,Busan,Direct,B-Pro,VIP,11686,0.02,233,293,0.02134,6,6,44256.85,265541.12,178746.8,86794.32,88561.83,2165268.96,-2167036.46,44256.85,0.0555,14733.17,0.0297,25,4.21,697,6.6,0.9909,0.8994,9,27.6,1
2024-11,Online,Busan,Direct,C-Ultra,Mass,11810,0.01998,235,248,0.02689,6,9,68067.78,612609.99,354965.92,257644.08,69995.13,1273673.86,-1086024.92,102101.67,0.0223,13644.84,0.0463,50,4.23,337,4.8,1.0,0.9828,18,25.0,2
2024-11,Online,Busan,Direct,C-Ultra,Affinity,9592,0.02113,202,232,0.02341,5,8,71151.37,569210.93,323173.14,246037.79,121153.59,1842890.11,-1718005.91,113842.19,0.042,23878.99,0.0253,40,4.31,997,5.7,1.0,0.8576,11,7.7,2
2024-11,Online,Busan,Direct,C-Ultra,VIP,13265,0.0181,240,301,0.03125,9,7,71481.2,500368.43,309545.95,190822.49,135220.5,2139932.05,-2084330.07,55596.49,0.0299,14960.74,0.032,40,4.43,487,3.3,0.921,0.912,8,11.8,2
2024-11,Online,Busan,Direct,D-Home,Mass,12778,0.02618,334,413,0.00965,3,6,53610.7,321664.2,202674.16,118990.04,195575.38,454044.92,-530630.26,107221.4,0.0273,8787.23,0.0414,33,4.47,954,8.1,0.9335,0.8545,7,27.6,0
2024-11,Online,Busan,Direct,D-Home,Affinity,13367,0.02358,315,373,0.03171,11,14,53269.89,745778.53,484655.78,261122.75,182228.01,2796751.02,-2717856.29,67798.05,0.0476,35529.49,0.0486,54,4.62,861,7.0,0.9573,0.9489,30,24.0,2
2024-11,Online,Busan,Direct,D-Home,VIP,10035,0.02664,267,350,0.02694,9,11,54097.31,595070.45,393285.27,201785.18,116210.11,2321173.88,-2235598.81,66118.94,0.0295,17547.55,0.0271,31,4.21,480,4.6,0.9096,0.9221,11,25.5,3
2024-11,Online,Busan,Direct,E-Office,Mass,11842,0.02841,336,389,0.01502,5,6,61481.17,368887.05,215593.9,153293.15,160428.43,3004758.37,-3011893.65,73777.41,0.0245,9035.16,0.0143,28,4.31,421,6.5,1.0,0.9522,11,27.6,2
2024-11,Online,Busan,Direct,E-Office,Affinity,10193,0.01484,151,172,0.03202,5,6,57556.39,345338.36,222527.42,122810.95,104861.17,370770.0,-352820.22,69067.67,0.0387,13376.15,0.0262,18,4.72,1330,5.8,0.9494,0.9851,14,30.9,1
2024-11,Online,Busan,Direct,E-Office,VIP,12622,0.02735,345,440,0.02763,12,8,59223.23,473785.87,276825.39,196960.47,87217.98,2190426.5,-2080684.0,39482.16,0.0171,8093.35,0.0329,27,4.19,765,7.2,0.9199,0.9855,12,29.2,0
2024-11,Online,Busan,Direct,F-Outdoor,Mass,14010,0.03025,423,521,0.01744,9,17,62682.32,1065599.48,673333.1,392266.38,101501.08,2334231.67,-2043466.37,118399.94,0.0232,24676.59,0.048,47,4.21,522,7.4,0.9635,0.9049,13,34.4,2
2024-11,Online,Busan,Direct,F-Outdoor,Affinity,11126,0.02971,330,411,0.021,8,14,67351.32,942918.5,554516.64,388401.86,158914.51,2369183.78,-2139696.43,117864.81,0.0283,26642.37,0.0349,43,4.08,656,8.3,0.9782,0.9113,8,24.2,1
2024-11,Online,Busan,Direct,F-Outdoor,VIP,9987,0.01631,162,196,0.02662,5,5,61881.02,309405.1,176713.58,132691.52,111989.29,1415423.64,-1394721.42,61881.02,0.0299,9258.63,0.0348,54,3.99,154,6.0,1.0,0.9389,12,17.0,2
2024-11,Online,Busan,Partner,A-Standard,Mass,8435,0.03554,299,338,0.02861,9,9,29300.63,263705.68,185316.57,78389.11,146363.8,1480913.63,-1548888.32,29300.63,0.0292,7704.39,0.0481,46,4.1,1040,5.4,0.9405,1.0,9,25.5,0
2024-11,Online,Busan,Partner,A-Standard,Affinity,8755,0.03334,291,329,0.02851,9,14,29573.84,414033.76,269793.87,144239.89,81208.48,2113899.66,-2050868.25,46003.75,0.0526,21780.66,0.0236,54,3.93,420,7.9,1.0,0.9095,7,32.2,3
2024-11,Online,Busan,Partner,A-Standard,VIP,11296,0.02199,248,278,0.03214,8,11,29321.58,322537.36,211881.9,110655.46,108610.06,2860123.98,-2858078.58,40317.17,0.0572,18448.44,0.0224,57,3.9,878,2.5,0.9935,0.9149,7,24.6,2
2024-11,Online,Busan,Partner,B-Pro,Mass,9407,0.02856,268,313,0.02448,7,12,46349.1,556189.19,380798.67,175390.52,87734.92,2594863.08,-2507207.49,79455.6,0.0205,11407.29,0.0289,46,4.46,620,5.2,0.9417,0.9324,6,19.3,2
2024-11,Online,Busan,Partner,B-Pro,Affinity,10845,0.02982,323,363,0.02109,7,10,44386.73,443867.28,295079.19,148788.09,98270.74,611828.99,-561311.64,63409.61,0.0405,17991.64,0.0415,47,4.8,584,4.9,0.9454,0.9716,13,29.5,0
2024-11,Online,Busan,Partner,B-Pro,VIP,9137,0.02978,272,288,0.02545,7,8,47128.65,377029.19,235160.18,141869.0,69854.96,802677.51,-730663.47,53861.31,0.0474,17888.32,0.0409,66,4.2,421,8.9,0.9761,0.9182,11,16.2,1
2024-11,Online,Busan,Partner,C-Ultra,Mass,10401,0.02062,214,279,0.01584,4,6,68340.5,410043.03,229827.02,180216.01,111059.16,2714220.2,-2645063.35,102510.76,0.0473,19388.05,0.0199,41,4.57,696,7.7,0.9994,0.9291,6,20.3,1
2024-11,Online,Busan,Partner,C-Ultra,Affinity,8869,0.01137,100,121,0.03233,3,3,72907.29,218721.86,135792.52,82929.34,49975.86,2525024.75,-2492071.27,72907.29,0.0522,11419.79,0.0481,26,3.81,24,6.4,0.9263,0.9216,23,27.7,1
2024-11,Online,Busan,Partner,C-Ultra,VIP,10715,0.01234,132,141,0.024,3,4,68939.12,275756.47,172553.73,103202.74,50121.55,1000408.92,-947327.73,91918.82,0.0519,14321.12,0.022,43,4.4,1018,9.7,0.9255,0.8767,8,20.8,0
2024-11,Online,Busan,Partner,D-Home,Mass,9522,0.03357,319,414,0.02004,8,10,56112.17,561121.71,378230.0,182891.71,128564.31,428833.5,-374506.11,70140.21,0.0385,21596.83,0.0512,32,4.64,685,10.3,0.9334,0.8472,9,35.0,1
2024-11,Online,Busan,Partner,D-Home,Affinity,11046,0.02787,307,332,0.02021,6,10,55510.92,555109.18,372055.44,183053.74,117908.07,2905101.24,-2839955.57,92518.2,0.028,15522.48,0.0294,56,3.72,192,8.3,0.9445,1.0,6,31.3,1
2024-11,Online,Busan,Partner,D-Home,VIP,11222,0.01747,196,220,0.03485,7,7,57501.3,402509.07,251449.86,151059.21,111830.93,1093765.69,-1054537.41,57501.3,0.0615,24747.71,0.0264,51,4.46,360,6.2,0.9849,1.0,12,37.3,0
2024-11,Online,Busan,Partner,E-Office,Mass,6709,0.02281,153,182,0.02325,4,5,62924.79,314623.95,205401.54,109222.41,95802.72,2506982.04,-2493562.35,78655.99,0.0147,4619.99,0.0069,52,4.86,613,7.3,0.9673,0.9528,21,27.0,2
2024-11,Online,Busan,Partner,E-Office,Affinity,10643,0.02652,282,317,0.03023,9,9,62359.85,561238.67,339034.43,222204.24,97014.88,2598440.1,-2473250.73,62359.85,0.048,26936.01,0.031,43,4.22,724,5.8,0.9343,0.926,12,23.6,0
2024-11,Online,Busan,Partner,E-Office,VIP,7319,0.02491,182,208,0.02264,4,6,58223.03,349338.19,210320.65,139017.54,90684.85,1875317.56,-1826984.87,87334.55,0.0034,1194.82,0.0321,49,3.98,708,2.6,0.9854,0.9127,11,20.4,0
2024-11,Online,Busan,Partner,F-Outdoor,Mass,12992,0.01784,231,291,0.02987,8,9,62742.78,564685.03,366455.88,198229.15,104924.9,509664.22,-416359.97,70585.63,0.0418,23601.85,0.0408,42,4.45,243,3.1,0.9411,0.8287,25,36.8,1
2024-11,Online,Busan,Partner,F-Outdoor,Affinity,11233,0.03598,404,514,0.02427,12,15,65904.57,988568.56,629351.14,359217.42,163041.57,2546914.26,-2350738.41,82380.71,0.038,37600.31,0.0323,34,4.2,919,7.9,0.9171,0.9937,20,20.1,1
2024-11,Online,Busan,Partner,F-Outdoor,VIP,9238,0.02141,197,207,0.02344,4,3,62334.74,187004.22,108866.65,78137.57,132681.7,3011757.22,-3066301.36,46751.05,0.0314,5876.25,0.0412,36,4.29,661,9.3,0.929,0.9692,5,30.6,0
2024-11,Online,Busan,Marketplace,A-Standard,Mass,12510,0.01972,246,303,0.01951,5,5,30736.49,153682.43,107555.35,46127.08,134459.79,2969237.0,-3057569.71,30736.49,0.0075,1148.55,0.0437,51,4.45,567,9.6,0.9717,0.9027,22,20.7,2
2024-11,Online,Busan,Marketplace,A-Standard,Affinity,13646,0.03426,467,590,0.02729,16,24,29370.85,704900.34,463369.21,241531.13,235767.33,1298847.6,-1293083.79,44056.27,0.0253,17831.75,0.0341,32,4.16,902,6.9,0.9656,0.9644,3,29.9,0
2024-11,Online,Busan,Marketplace,A-Standard,VIP,13232,0.02591,342,404,0.02536,10,13,29259.71,380376.19,263901.35,116474.84,154100.15,1755714.05,-1793339.36,38037.62,0.032,12160.13,0.0238,50,3.47,633,6.6,0.9701,0.9191,8,32.6,4
2024-11,Online,Busan,Marketplace,B-Pro,Mass,13408,0.02435,326,431,0.0211,9,10,44350.25,443502.53,301040.85,142461.68,180666.84,2081131.12,-2119336.28,49278.06,0.0124,5487.84,0.0474,47,3.77,327,6.3,0.9964,0.9631,26,23.9,0
2024-11,Online,Busan,Marketplace,B-Pro,Affinity,13386,0.02,267,314,0.01868,5,4,44247.93,176991.7,119301.38,57690.32,124756.33,2912152.74,-2979218.76,35398.34,0.0322,5692.45,0.0203,46,4.86,768,7.4,0.9858,0.9769,14,25.1,2
2024-11,Online,Busan,Marketplace,B-Pro,VIP,14423,0.01935,279,296,0.02242,6,5,46884.93,234424.66,147997.04,86427.62,109899.11,2804546.76,-2828018.24,39070.78,0.0413,9672.17,0.0176,49,4.15,638,10.0,0.9355,0.9186,4,29.3,0
2024-11,Online,Busan,Marketplace,C-Ultra,Mass,14251,0.02297,327,414,0.02825,11,19,68505.03,1301595.59,734380.21,567215.38,199565.47,571373.28,-203723.37,118326.87,0.0432,56181.75,0.0268,60,4.06,479,11.0,0.9268,0.9104,16,20.7,3
2024-11,Online,Busan,Marketplace,C-Ultra,Affinity,17708,0.02303,407,484,0.02528,12,17,72575.15,1233777.52,768340.37,465437.15,128229.9,2143730.79,-1806523.54,102814.79,0.0207,25548.96,0.0402,33,4.36,837,4.1,0.9701,0.8729,8,22.2,0
2024-11,Online,Busan,Marketplace,C-Ultra,VIP,11576,0.03181,368,391,0.02206,8,7,70327.8,492294.63,292776.92,199517.72,110524.61,2533013.44,-2444020.33,61536.83,0.0276,13566.01,0.0275,48,4.87,435,6.5,1.0,0.8963,16,47.4,0
2024-11,Online,Busan,Marketplace,D-Home,Mass,13832,0.03513,485,596,0.03302,19,30,56023.25,1680697.49,1015849.03,664848.45,175843.13,2195392.33,-1706387.0,88457.76,0.0465,78229.22,0.0365,25,4.77,573,4.7,0.9633,0.9396,4,30.1,0
2024-11,Online,Busan,Marketplace,D-Home,Affinity,10480,0.00943,98,130,0.02209,2,2,53573.29,107146.58,71605.76,35540.82,64584.59,1931449.49,-1960493.27,53573.29,0.0457,4900.82,0.0369,48,4.71,1002,6.6,0.9504,0.985,6,26.2,0
2024-11,Online,Busan,Marketplace,D-Home,VIP,15841,0.03633,575,638,0.02481,15,25,54694.98,1367374.41,884358.6,483015.81,216033.55,2477179.01,-2210196.75,91158.29,0.0214,29212.54,0.0071,30,4.12,804,6.6,0.9359,0.9501,15,46.6,1
2024-11,Online,Busan,Marketplace,E-Office,Mass,12167,0.00765,93,101,0.02029,2,2,57500.49,115000.99,69923.15,45077.83,68252.42,1959743.88,-1982918.46,57500.49,0.0059,679.66,0.0421,46,4.34,905,5.9,0.9957,0.952,10,23.3,0
2024-11,Online,Busan,Marketplace,E-Office,Affinity,16023,0.03025,484,596,0.02583,15,22,60674.43,1334837.47,855077.06,479760.41,182907.62,1057015.57,-760162.78,88989.16,0.0635,84796.29,0.0306,26,3.97,870,8.7,0.9093,0.9224,17,31.3,1
2024-11,Online,Busan,Marketplace,E-Office,VIP,13365,0.02601,347,423,0.01581,6,11,57574.54,633319.93,392013.01,241306.93,140552.49,1096584.36,-995829.93,105553.32,0.0167,10603.46,0.0212,34,4.69,43,2.4,0.9625,0.9035,10,37.1,2
2024-11,Online,Busan,Marketplace,F-Outdoor,Mass,19461,0.01516,294,336,0.01754,5,4,67703.66,270814.64,157848.57,112966.07,98391.41,882666.53,-868091.86,54162.93,0.0189,5130.72,0.0465,49,3.7,614,9.8,0.9568,0.8781,20,36.1,2
2024-11,Online,Busan,Marketplace,F-Outdoor,Affinity,11166,0.02236,249,273,0.03566,9,6,62019.05,372114.29,221270.45,150843.83,103156.98,833400.52,-785713.67,41346.03,0.0272,10137.2,0.0344,29,3.6,258,8.6,0.9644,0.831,12,4.3,0
2024-11,Online,Busan,Marketplace,F-Outdoor,VIP,11586,0.02156,249,267,0.02887,7,11,64795.0,712744.99,459114.82,253630.17,74776.81,2436207.98,-2257354.63,101820.71,0.0454,32338.1,0.0285,29,4.55,597,8.9,0.9095,0.8998,13,19.4,0
2024-11,Online,Busan,App,A-Standard,Mass,11028,0.03993,440,580,0.01589,9,18,29422.0,529596.07,375832.95,153763.12,128964.5,2866617.33,-2841818.71,58844.01,0.0631,33395.04,0.0362,30,4.27,594,6.8,0.9431,0.9487,10,27.7,0
2024-11,Online,Busan,App,A-Standard,Affinity,10931,0.0217,237,279,0.03971,11,11,28933.07,318263.81,222236.44,96027.36,82654.42,1505058.57,-1491685.63,28933.07,0.0124,3959.75,0.0223,45,3.79,658,8.0,0.9428,0.9225,0,24.3,0
2024-11,Online,Busan,App,A-Standard,VIP,11997,0.01266,151,161,0.02791,4,3,31364.15,94092.44,64674.06,29418.38,78525.44,1807463.12,-1856570.18,23523.11,0.0352,3309.03,0.022,38,4.22,385,5.9,0.9872,0.9208,14,35.7,1
2024-11,Online,Busan,App,B-Pro,Mass,9275,0.02584,239,265,0.02538,6,6,45808.01,274848.05,173865.0,100983.05,141932.77,1686989.35,-1727939.07,45808.01,0.0272,7462.52,0.0361,54,4.33,523,6.7,0.9944,0.8546,16,28.1,0
2024-11,Online,Busan,App,B-Pro,Affinity,11040,0.02885,318,403,0.03648,14,10,43193.45,431934.47,286294.57,145639.9,111615.87,1075371.88,-1041347.85,30852.46,0.0491,21224.42,0.039,45,4.42,699,2.1,0.9907,0.9458,3,16.1,0
2024-11,Online,Busan,App,B-Pro,VIP,16651,0.02327,387,446,0.03635,16,15,43326.94,649904.13,432879.63,217024.5,143193.57,1134602.75,-1060771.82,40619.01,0.0202,13136.28,0.0243,63,4.42,299,9.7,0.9205,0.9161,6,33.5,0
2024-11,Online,Busan,App,C-Ultra,Mass,11598,0.02067,239,309,0.02484,7,11,68017.84,748196.28,465319.29,282876.98,88180.89,576563.47,-381867.38,106885.18,0.0105,7836.03,0.054,45,3.81,888,4.2,1.0,0.8486,2,19.8,0
2024-11,Online,Busan,App,C-Ultra,Affinity,9928,0.02074,205,233,0.02668,6,6,66535.76,399214.54,254805.08,144409.46,132940.68,1211808.45,-1200339.66,66535.76,0.0327,13037.54,0.0541,35,4.64,226,5.3,0.9484,0.9003,10,19.0,3
2024-11,Online,Busan,App,C-Ultra,VIP,10105,0.02363,238,310,0.02436,7,12,69537.01,834444.14,473650.09,360794.06,82746.47,1480326.05,-1202278.45,119206.31,0.022,18326.03,0.0173,35,4.1,542,5.9,0.9309,0.9475,20,24.8,4
2024-11,Online,Busan,App,D-Home,Mass,15243,0.02917,444,489,0.01278,6,6,57628.83,345772.96,211604.19,134168.77,185057.09,2040058.35,-2090946.67,57628.83,0.0185,6409.81,0.0315,57,4.65,510,6.6,1.0,0.9552,10,34.0,0
2024-11,Online,Busan,App,D-Home,Affinity,9531,0.02837,270,314,0.03325,10,10,54258.8,542587.96,366026.73,176561.22,101492.0,1494089.08,-1419019.86,54258.8,0.0421,22818.56,0.0444,37,4.29,1040,5.5,1.0,1.0,18,18.0,0
2024-11,Online,Busan,App,D-Home,VIP,11075,0.02364,261,325,0.02151,6,10,53012.06,530120.6,352366.57,177754.03,121431.72,1356347.13,-1300024.82,88353.43,0.054,28645.83,0.0381,45,4.36,535,8.4,0.9219,0.9585,27,20.8,0
2024-11,Online,Busan,App,E-Office,Mass,7931,0.02174,172,212,0.02546,5,6,58841.4,353048.39,215265.03,137783.36,101252.7,1600670.47,-1564139.81,70609.68,0.0393,13873.19,0.0488,57,3.78,111,9.1,0.9755,0.9047,8,18.8,0
2024-11,Online,Busan,App,E-Office,Affinity,11265,0.03715,418,539,0.03368,18,28,62507.68,1750215.05,1110287.72,639927.33,102979.48,1173957.63,-637009.77,97234.17,0.0396,69362.3,0.0226,40,4.06,667,3.2,0.9816,0.9245,18,32.5,0
2024-11,Online,Busan,App,E-Office,VIP,11695,0.02289,267,347,0.03232,11,11,57404.09,631445.03,394558.63,236886.4,96242.53,1060788.8,-920144.92,57404.09,0.0228,14376.22,0.027,27,4.46,661,4.9,0.9733,0.9194,14,31.1,0
2024-11,Online,Busan,App,F-Outdoor,Mass,10917,0.02645,288,334,0.02684,8,9,65875.28,592877.55,358016.76,234860.79,121577.3,1005946.82,-892663.32,74109.69,0.0308,18275.11,0.0346,29,3.65,327,10.2,0.945,0.9067,9,29.3,0
2024-11,Online,Busan,App,F-Outdoor,Affinity,9310,0.02905,270,306,0.02188,6,8,62679.99,501439.92,296011.22,205428.71,73647.84,2699122.63,-2567341.76,83573.32,0.0293,14695.67,0.0132,45,4.46,945,4.9,0.9537,0.8799,18,24.3,0
2024-11,Online,Busan,App,F-Outdoor,VIP,10163,0.03296,334,360,0.03125,11,14,65736.06,920304.81,567091.98,353212.82,102285.55,420759.31,-169832.03,83664.07,0.05,45973.52,0.0123,43,4.34,428,8.1,1.0,0.9099,23,31.7,0
2024-12,Retail,Seoul,Direct,A-Standard,Mass,10088,0.03454,348,416,0.03747,15,25,29975.25,749381.29,516737.56,232643.74,153749.13,2566344.16,-2487449.55,49958.75,0.0148,11075.12,0.0472,40,4.41,276,6.6,0.9817,0.9802,9,16.2,4
2024-12,Retail,Seoul,Direct,A-Standard,Affinity,12895,0.02504,322,372,0.02896,10,19,28742.39,546105.47,366325.65,179779.82,119171.77,879563.45,-818955.4,54610.55,0.0602,32861.77,0.0418,26,4.34,460,9.0,0.9656,0.9289,0,30.3,0
2024-12,Retail,Seoul,Direct,A-Standard,VIP,15974,0.02516,401,520,0.03442,17,25,28722.52,718062.99,508827.99,209235.0,162361.92,1630184.6,-1583311.52,42239.0,0.0,0.0,0.0126,44,3.78,254,7.0,0.9753,0.9682,18,47.7,0
2024-12,Retail,Seoul,Direct,B-Pro,Mass,14536,0.01998,290,323,0.02509,8,8,43237.49,345899.88,215329.96,130569.92,131746.27,548959.8,-550136.14,43237.49,0.0493,17044.61,0.0209,31,4.54,542,6.2,0.9855,0.9018,10,33.9,0
2024-12,Retail,Seoul,Direct,B-Pro,Affinity,13869,0.02107,292,345,0.02144,7,6,45661.3,273967.83,174636.69,99331.14,78101.07,2373369.42,-2352139.35,39138.26,0.0253,6928.59,0.0343,32,4.58,496,8.7,0.9712,0.9691,15,37.5,3
2024-12,Retail,Seoul,Direct,B-Pro,VIP,14970,0.02425,362,429,0.03231,13,12,43734.13,524809.52,336395.38,188414.14,170278.21,2647697.28,-2629561.35,40369.96,0.0251,13168.66,0.0286,52,4.49,250,6.1,1.0,0.9176,12,28.0,0
2024-12,Retail,Seoul,Direct,C-Ultra,Mass,13146,0.03225,423,509,0.02336,11,15,69809.38,1047140.67,634017.34,413123.33,149622.29,746666.96,-483165.92,95194.61,0.0282,29562.66,0.0448,34,3.84,451,8.0,0.9393,0.8969,7,37.4,2
2024-12,Retail,Seoul,Direct,C-Ultra,Affinity,14926,0.02906,433,512,0.03677,18,18,66706.71,1200720.7,705674.41,495046.29,183018.07,2774196.76,-2462168.54,66706.71,0.0,0.0,0.0129,44,4.48,651,11.1,1.0,0.907,15,39.2,0
2024-12,Retail,Seoul,Direct,C-Ultra,VIP,15942,0.02348,374,471,0.03934,18,16,67003.27,1072052.24,662413.3,409638.94,216078.84,904735.87,-711175.77,59558.46,0.0388,41636.99,0.0395,37,3.66,683,8.0,0.9494,0.9223,19,30.0,4
2024-12,Retail,Seoul,Direct,D-Home,Mass,11200,0.0181,202,216,0.0246,5,8,56066.34,448530.76,275449.29,173081.47,86104.03,1944639.75,-1857662.31,89706.15,0.0432,19381.45,0.0298,45,4.12,718,7.6,1.0,0.9804,4,19.6,0
2024-12,Retail,Seoul,Direct,D-Home,Affinity,15106,0.022,332,391,0.02634,10,11,56402.25,620424.8,390845.76,229579.03,115819.71,1572848.35,-1459089.02,62042.48,0.0357,22164.77,0.0233,17,4.0,502,5.0,0.98,0.9129,5,41.4,2
2024-12,Retail,Seoul,Direct,D-Home,VIP,14225,0.02577,366,450,0.02446,11,17,54917.08,933590.44,610255.18,323335.26,159177.44,485038.85,-320881.03,84871.86,0.0265,24784.92,0.037,42,4.26,520,7.7,0.9618,0.9261,9,24.9,0
2024-12,Retail,Seoul,Direct,E-Office,Mass,10178,0.0313,318,351,0.02176,7,7,60824.3,425770.11,277892.38,147877.73,119176.92,2990535.97,-2961835.15,60824.3,0.0322,13700.56,0.0348,31,4.3,983,12.2,0.9256,0.941,12,23.6,6
2024-12,Retail,Seoul,Direct,E-Office,Affinity,10311,0.03061,315,410,0.02821,11,13,62869.59,817304.7,532461.09,284843.61,124007.28,2201533.5,-2040697.17,74300.43,0.0325,26533.41,0.0422,41,4.77,486,8.3,0.9447,0.8723,20,36.7,0
2024-12,Retail,Seoul,Direct,E-Office,VIP,10765,0.02675,287,375,0.01779,6,6,59268.99,355613.92,214199.96,141413.96,143955.91,98641.72,-101183.67,59268.99,0.0444,15801.73,0.0351,26,4.19,580,7.8,0.9669,0.9533,8,25.0,0
2024-12,Retail,Seoul,Direct,F-Outdoor,Mass,10451,0.02696,281,330,0.02737,9,15,67513.49,1012702.4,654518.95,358183.45,157852.86,1404023.83,-1203693.23,112522.49,0.0304,30774.59,0.0388,36,4.07,401,5.5,1.0,0.8958,8,45.6,0
2024-12,Retail,Seoul,Direct,F-Outdoor,Affinity,16424,0.01591,261,320,0.02515,8,8,65884.46,527075.67,306920.49,220155.18,132976.41,258705.33,-171526.56,65884.46,0.0533,28102.7,0.0187,44,4.3,458,2.9,0.9648,0.9517,10,24.1,0
2024-12,Retail,Seoul,Direct,F-Outdoor,VIP,10983,0.02084,228,290,0.03092,8,11,64860.7,713467.68,420141.51,293326.16,125936.41,2216008.47,-2048618.71,89183.46,0.0188,13424.99,0.0459,52,3.7,568,2.4,0.9122,0.9538,2,28.8,0
2024-12,Retail,Seoul,Partner,A-Standard,Mass,13852,0.01854,256,281,0.02773,7,10,29758.16,297581.63,210710.69,86870.94,139961.48,1017844.85,-1070935.39,42511.66,0.0578,17186.11,0.022,29,4.2,611,8.1,0.9624,0.9671,14,37.7,1
2024-12,Retail,Seoul,Partner,A-Standard,Affinity,10327,0.02227,229,244,0.0282,6,8,28553.0,228423.99,159655.77,68768.22,83546.51,338670.13,-353448.42,38070.66,0.0269,6149.78,0.0274,51,4.31,531,8.3,1.0,0.9409,13,39.5,3
2024-12,Retail,Seoul,Partner,A-Standard,VIP,9359,0.02398,224,238,0.02886,6,9,28516.28,256646.51,171283.32,85363.18,119208.98,1238521.19,-1272366.99,42774.42,0.0446,11450.75,0.0273,43,5.0,757,2.9,0.9618,0.9317,9,21.5,0
2024-12,Retail,Seoul,Partner,B-Pro,Mass,11674,0.02654,309,337,0.01924,6,6,44710.62,268263.74,179985.52,88278.22,96480.19,2361716.68,-2369918.65,44710.62,0.0485,13000.53,0.0353,47,4.16,610,4.6,0.953,0.9919,6,22.9,0
2024-12,Retail,Seoul,Partner,B-Pro,Affinity,11792,0.02928,345,392,0.02064,8,5,45517.5,227587.51,155439.39,72148.12,123274.31,1610369.91,-1661496.1,28448.44,0.0414,9421.17,0.0338,51,4.01,684,4.1,0.9463,0.9208,6,27.0,0
2024-12,Retail,Seoul,Partner,B-Pro,VIP,12794,0.01933,247,290,0.01547,4,5,46217.65,231088.27,150058.5,81029.77,128175.46,671568.15,-718713.85,57772.07,0.0272,6283.97,0.0204,32,4.45,624,6.8,0.9785,0.8831,15,26.3,0
2024-12,Retail,Seoul,Partner,C-Ultra,Mass,10375,0.02859,296,333,0.02423,8,12,68392.84,820714.1,516927.18,303786.92,93592.55,1695463.87,-1485269.5,102589.26,0.0,0.0,0.0226,68,4.75,499,4.3,0.8947,0.9145,16,23.9,0
2024-12,Retail,Seoul,Partner,C-Ultra,Affinity,12044,0.02931,353,429,0.02135,9,7,68973.33,482813.31,285866.54,196946.77,93371.76,844133.46,-740558.45,53645.92,0.0621,29993.79,0.0344,46,4.56,501,5.3,0.9431,0.9143,13,29.5,2
2024-12,Retail,Seoul,Partner,C-Ultra,VIP,11517,0.0332,382,436,0.04422,19,34,70243.16,2388267.59,1438084.04,950183.55,156700.49,2908949.64,-2115466.57,125698.29,0.0576,137624.43,0.0246,32,4.54,145,5.7,0.9498,0.9351,13,27.7,3
2024-12,Retail,Seoul,Partner,D-Home,Mass,10882,0.02838,308,367,0.02552,9,9,55390.13,498511.14,334545.75,163965.39,160022.69,201390.29,-197447.59,55390.13,0.0615,30641.69,0.0577,27,4.84,963,9.0,0.9494,0.8904,12,17.6,2
2024-12,Retail,Seoul,Partner,D-Home,Affinity,14247,0.01257,179,191,0.0259,4,5,57644.83,288224.17,185540.76,102683.41,124762.99,256392.79,-278472.38,72056.04,0.0593,17105.98,0.0415,40,4.97,515,7.8,0.9576,0.8943,5,26.5,0
2024-12,Retail,Seoul,Partner,D-Home,VIP,10052,0.01395,140,155,0.02912,4,4,54994.62,219978.49,147941.58,72036.91,97991.15,1884705.33,-1910659.56,54994.62,0.025,5502.12,0.0209,32,4.17,448,8.6,0.9809,0.8919,0,44.7,0
2024-12,Retail,Seoul,Partner,E-Office,Mass,10792,0.04025,434,476,0.02557,12,19,61857.04,1175283.76,752610.61,422673.15,186856.05,2113628.53,-1877811.43,97940.31,0.0416,48847.82,0.0411,48,4.22,868,7.0,0.9168,0.9387,2,29.6,0
2024-12,Retail,Seoul,Partner,E-Office,Affinity,12493,0.02655,331,378,0.0348,13,18,58605.36,1054896.55,647859.42,407037.12,177404.54,3009469.4,-2779836.81,81145.89,0.0055,5752.48,0.0328,33,4.28,1042,3.2,0.9547,0.9677,2,38.1,0
2024-12,Retail,Seoul,Partner,E-Office,VIP,12508,0.03879,485,563,0.02697,15,28,59165.64,1656637.98,968673.19,687964.79,201093.14,609445.59,-122573.95,110442.53,0.0546,90529.51,0.0152,54,4.38,813,7.9,0.968,0.9169,19,28.0,0
2024-12,Retail,Seoul,Partner,F-Outdoor,Mass,10848,0.02249,244,295,0.01748,5,5,63501.88,317509.41,203286.77,114222.64,98420.15,1018082.9,-1002280.41,63501.88,0.0412,13082.46,0.0452,38,4.46,384,6.8,0.954,0.9686,7,16.0,0
2024-12,Retail,Seoul,Partner,F-Outdoor,Affinity,8766,0.02418,211,246,0.02615,6,9,62624.6,563621.44,355863.19,207758.25,103871.22,716673.83,-612786.81,93936.91,0.0491,27650.93,0.032,53,3.71,373,7.2,0.9595,0.9615,15,20.7,0
2024-12,Retail,Seoul,Partner,F-Outdoor,VIP,11954,0.0236,282,349,0.02726,9,19,62917.01,1195423.25,698247.08,497176.17,88148.22,2305610.1,-1896582.15,132824.81,0.0538,64291.7,0.0366,33,4.35,555,8.6,0.941,0.9602,8,29.5,0
2024-12,Retail,Seoul,Marketplace,A-Standard,Mass,22610,0.02532,572,616,0.03001,18,28,31307.43,876608.16,573989.57,302618.59,218619.42,2802434.29,-2718435.13,48700.45,0.0385,33788.79,0.0327,46,4.78,521,5.6,0.995,0.9238,19,12.1,1
2024-12,Retail,Seoul,Marketplace,A-Standard,Affinity,14231,0.02507,356,463,0.02188,10,19,28853.53,548216.99,366571.87,181645.11,181273.54,2375767.61,-2375396.03,54821.7,0.0395,21646.29,0.0297,46,3.58,634,4.9,0.9908,0.9135,16,25.1,0
2024-12,Retail,Seoul,Marketplace,A-Standard,VIP,15287,0.03137,479,600,0.02285,13,23,31335.25,720710.79,484696.46,236014.34,138350.52,2530593.87,-2432930.05,55439.29,0.042,30276.13,0.0057,69,4.01,311,6.7,0.9279,0.9305,16,14.5,2
2024-12,Retail,Seoul,Marketplace,B-Pro,Mass,13424,0.02452,329,412,0.01645,6,6,46538.29,279229.72,190229.27,89000.45,110031.44,567791.05,-588822.04,46538.29,0.0215,6010.7,0.0475,61,4.34,491,6.1,0.9824,0.9447,15,24.3,0
2024-12,Retail,Seoul,Marketplace,B-Pro,Affinity,14580,0.01914,279,347,0.02527,8,11,43972.19,483694.07,328035.23,155658.84,160421.67,2664346.9,-2669109.73,60461.76,0.008,3891.31,0.04,28,4.58,688,7.7,0.9751,0.9888,4,26.5,1
2024-12,Retail,Seoul,Marketplace,B-Pro,VIP,12444,0.02956,367,414,0.02564,10,14,44233.46,619268.47,385234.29,234034.18,106996.73,282444.85,-155407.39,61926.85,0.0124,7706.34,0.0446,34,4.36,646,4.9,0.9629,0.9766,9,28.9,0
2024-12,Retail,Seoul,Marketplace,C-Ultra,Mass,14908,0.02462,367,453,0.02614,11,7,69126.87,483888.09,271372.57,212515.53,99757.47,2825171.59,-2712413.53,43989.83,0.0417,20200.75,0.049,43,4.51,86,4.9,0.9625,0.8953,1,24.8,0
2024-12,Retail,Seoul,Marketplace,C-Ultra,Affinity,15526,0.02623,407,482,0.03689,17,19,72565.74,1378749.01,850437.32,528311.69,154927.25,2541398.34,-2168013.91,81102.88,0.0252,34740.68,0.0336,49,4.21,244,5.2,0.9194,0.9476,8,26.3,0
2024-12,Retail,Seoul,Marketplace,C-Ultra,VIP,19117,0.02195,419,548,0.02646,14,12,70900.59,850807.12,491049.66,359757.46,151989.24,2036499.9,-1828731.68,60771.94,0.0361,30722.63,0.0318,33,4.29,488,6.3,1.0,0.9547,21,39.1,2
2024-12,Retail,Seoul,Marketplace,D-Home,Mass,12019,0.0215,258,342,0.03348,11,17,56058.44,952993.56,638531.57,314461.99,166530.91,1586097.71,-1438166.63,86635.78,0.0269,25679.57,0.0173,56,4.35,606,4.4,0.898,0.9457,12,34.6,0
2024-12,Retail,Seoul,Marketplace,D-Home,Affinity,15853,0.02737,433,576,0.03512,20,31,56552.62,1753131.33,1159963.53,593167.8,155956.44,1549561.45,-1112350.09,87656.57,0.0337,59147.23,0.0209,60,3.96,211,6.6,0.8998,0.9338,22,39.7,0
2024-12,Retail,Seoul,Marketplace,D-Home,VIP,14898,0.03302,491,631,0.03996,25,19,56274.93,1069223.61,710855.75,358367.86,215164.41,1081030.39,-937826.94,42768.94,0.0536,57291.14,0.0292,47,3.93,676,8.4,1.0,0.9616,20,43.6,2
2024-12,Retail,Seoul,Marketplace,E-Office,Mass,14367,0.03227,463,522,0.02105,10,22,59152.09,1301346.03,821826.06,479519.98,140833.85,2513011.39,-2174325.26,130134.6,0.0478,62238.91,0.038,64,4.12,203,6.2,1.0,0.9371,0,34.7,2
2024-12,Retail,Seoul,Marketplace,E-Office,Affinity,11838,0.02721,322,347,0.02227,7,5,61660.7,308303.52,193346.61,114956.91,152755.91,2024872.14,-2062671.14,44043.36,0.0216,6655.08,0.0351,24,4.69,352,4.0,0.9961,0.8519,7,37.8,2
2024-12,Retail,Seoul,Marketplace,E-Office,VIP,16473,0.02478,408,443,0.02487,11,15,59378.76,890681.42,531083.78,359597.64,152926.87,1631636.78,-1424966.01,80971.04,0.0435,38764.51,0.0344,52,4.33,406,4.6,1.0,0.9747,17,32.4,0
2024-12,Retail,Seoul,Marketplace,F-Outdoor,Mass,13568,0.0341,462,536,0.01097,5,5,67824.49,339122.46,214688.56,124433.91,103472.55,820120.08,-799158.73,67824.49,0.0475,16091.9,0.0335,20,4.26,188,10.1,0.9334,0.925,5,42.3,2
2024-12,Retail,Seoul,Marketplace,F-Outdoor,Affinity,15693,0.01949,305,395,0.02512,9,13,63553.68,826197.78,478789.58,347408.2,158850.83,1486979.29,-1298421.92,91799.75,0.0303,25040.11,0.0457,19,4.08,260,6.9,0.9726,0.9221,8,32.8,1
2024-12,Retail,Seoul,Marketplace,F-Outdoor,VIP,11365,0.0302,343,368,0.03098,11,14,63855.76,893980.6,560197.32,333783.28,115751.35,2572932.29,-2354900.37,81270.96,0.0227,20250.47,0.0442,41,4.29,641,7.7,0.9562,0.9168,12,15.1,0
2024-12,Retail,Seoul,App,A-Standard,Mass,12020,0.02413,290,334,0.03079,10,19,29843.81,567032.4,379287.51,187744.89,171390.66,1366952.03,-1350597.8,56703.24,0.0432,24506.74,0.0342,53,4.39,910,6.9,0.9849,0.8535,13,37.6,0
2024-12,Retail,Seoul,App,A-Standard,Affinity,14702,0.02509,368,461,0.03109,14,21,30190.77,634006.19,418367.15,215639.04,138028.49,1504414.93,-1426804.38,45286.16,0.0373,23651.52,0.0401,65,4.98,450,6.9,0.9059,0.9022,6,22.9,4
2024-12,Retail,Seoul,App,A-Standard,VIP,12374,0.01687,208,220,0.0165,3,5,30262.57,151312.83,104087.31,47225.52,105941.94,876192.78,-934909.19,50437.61,0.0297,4495.57,0.0251,46,4.28,424,7.2,0.9782,0.8713,18,32.1,0
2024-12,Retail,Seoul,App,B-Pro,Mass,12646,0.02844,359,419,0.0209,8,13,45617.05,593021.7,403473.33,189548.37,108405.86,2218860.68,-2137718.17,74127.71,0.0366,21682.95,0.0347,41,4.19,367,5.9,0.9225,0.9482,12,30.6,1
2024-12,Retail,Seoul,App,B-Pro,Affinity,14575,0.02756,401,433,0.03006,13,18,46898.88,844179.76,554400.24,289779.52,193029.09,2026003.85,-1929253.43,64936.9,0.0454,38329.24,0.055,16,4.68,646,7.3,0.964,0.9456,16,21.6,1
2024-12,Retail,Seoul,App,B-Pro,VIP,9876,0.02342,231,268,0.01885,5,5,46226.56,231132.8,158066.06,73066.74,103375.49,994306.88,-1024615.63,46226.56,0.0454,10501.09,0.0233,53,3.56,692,7.6,0.9079,0.9355,17,22.2,0
2024-12,Retail,Seoul,App,C-Ultra,Mass,13410,0.02816,377,420,0.0213,8,8,68215.02,545720.13,344554.11,201166.02,124841.29,1604984.82,-1528660.09,68215.02,0.0522,28492.8,0.0544,49,4.05,459,7.7,0.9793,0.9324,13,15.4,0
2024-12,Retail,Seoul,App,C-Ultra,Affinity,13475,0.01897,255,314,0.0163,5,5,70935.47,354677.34,215573.22,139104.11,126656.27,2204058.63,-2191610.78,70935.47,0.0547,19388.85,0.0439,22,4.66,582,7.1,0.9621,0.9009,5,29.9,1
2024-12,Retail,Seoul,App,C-Ultra,VIP,13511,0.01521,205,264,0.03553,9,8,72424.22,579393.75,334439.82,244953.93,130534.49,1727560.13,-1613140.69,64377.08,0.0324,18782.66,0.0248,33,4.14,569,3.7,0.9926,0.9245,17,24.5,0
2024-12,Retail,Seoul,App,D-Home,Mass,11349,0.01736,196,259,0.02274,5,7,56713.02,396991.13,250135.55,146855.59,66843.39,760754.94,-680742.74,79398.23,0.0662,26297.56,0.0535,34,4.22,222,7.8,0.9449,0.9222,9,32.7,2
2024-12,Retail,Seoul,App,D-Home,Affinity,14897,0.02124,316,403,0.03031,12,21,55007.64,1155160.47,733986.35,421174.13,125128.0,1990973.54,-1694927.42,96263.37,0.0196,22680.43,0.0246,48,4.88,377,7.0,0.9062,0.932,6,39.3,0
2024-12,Retail,Seoul,App,D-Home,VIP,8880,0.02475,219,289,0.03269,9,7,56392.8,394749.62,244417.52,150332.1,89693.69,42154.01,18484.4,43861.07,0.0576,22735.81,0.0351,38,4.39,298,4.3,0.9794,0.9289,9,21.4,5
2024-12,Retail,Seoul,App,E-Office,Mass,15553,0.02198,341,398,0.02462,9,15,58356.04,875340.53,544177.24,331163.29,184954.03,2169101.78,-2022892.53,97260.06,0.0469,41091.9,0.0526,32,4.08,288,6.7,0.972,0.9637,11,26.6,0
2024-12,Retail,Seoul,App,E-Office,Affinity,11475,0.00708,81,106,0.03266,3,3,61546.93,184640.8,111662.64,72978.16,41998.62,316430.99,-285451.44,61546.93,0.0296,5467.05,0.037,48,4.85,431,7.1,0.9776,0.9338,7,43.1,0
2024-12,Retail,Seoul,App,E-Office,VIP,10596,0.01981,209,232,0.04377,10,12,62974.88,755698.59,467047.61,288650.97,128902.2,813665.99,-653917.21,75569.86,0.0519,39192.66,0.0484,37,3.95,361,8.0,0.9573,0.9581,12,29.8,0
2024-12,Retail,Seoul,App,F-Outdoor,Mass,13584,0.0227,308,364,0.03647,13,17,62204.94,1057483.91,618450.94,439032.97,105129.08,2309900.34,-1975996.45,81344.92,0.0208,21989.39,0.067,50,4.61,682,6.9,0.9701,0.935,6,18.4,4
2024-12,Retail,Seoul,App,F-Outdoor,Affinity,13229,0.02198,290,321,0.03849,12,18,67286.03,1211148.58,736284.95,474863.63,150505.3,2419430.41,-2095072.08,100929.05,0.0318,38527.46,0.0261,42,4.51,839,5.1,0.9298,0.9223,21,33.5,1
2024-12,Retail,Seoul,App,F-Outdoor,VIP,12520,0.0258,323,390,0.03684,14,23,64022.06,1472507.34,845683.71,626823.63,136188.7,909793.42,-419158.49,105179.1,0.0299,43978.11,0.0182,53,4.33,836,10.1,1.0,0.9133,9,39.3,2
2024-12,Retail,Busan,Direct,A-Standard,Mass,10421,0.02061,214,258,0.02639,6,4,30741.36,122965.44,84416.58,38548.86,96425.4,2366672.21,-2424548.75,20494.24,0.065,7991.03,0.0342,18,4.01,815,3.6,0.9386,0.9386,7,28.0,1
2024-12,Retail,Busan,Direct,A-Standard,Affinity,8390,0.01933,162,188,0.02423,4,5,29572.38,147861.91,96999.65,50862.25,73818.66,1016646.7,-1039603.1,36965.48,0.0147,2173.85,0.0352,37,4.09,24,9.5,0.9491,0.9322,7,41.2,0
2024-12,Retail,Busan,Direct,A-Standard,VIP,10895,0.02505,272,330,0.0348,11,13,29928.52,389070.7,267068.25,122002.44,96040.92,2730009.45,-2704047.92,35370.06,0.0621,24171.3,0.0416,44,3.95,787,6.9,0.9473,0.9041,4,35.4,0
2024-12,Retail,Busan,Direct,B-Pro,Mass,8838,0.02884,254,299,0.02955,8,9,46172.11,415548.99,283942.54,131606.46,123300.3,179890.21,-171584.05,51943.62,0.0615,25570.89,0.0312,44,4.54,831,10.2,0.9474,0.9433,7,37.3,0
2024-12,Retail,Busan,Direct,B-Pro,Affinity,10911,0.02629,286,328,0.02933,9,10,43028.59,430285.93,270285.56,160000.37,123856.04,2267655.0,-2231510.67,47809.55,0.061,26237.63,0.0415,42,4.69,484,9.1,0.9586,0.977,3,13.3,0
2024-12,Retail,Busan,Direct,B-Pro,VIP,9163,0.02954,270,328,0.03845,12,17,46445.86,789579.55,534403.74,255175.81,130613.28,1424618.57,-1300056.04,65798.3,0.0062,4924.51,0.0375,54,3.88,349,6.0,0.9873,0.9513,16,23.3,0
2024-12,Retail,Busan,Direct,C-Ultra,Mass,11098,0.02518,279,361,0.02541,9,12,67514.29,810171.48,465414.83,344756.65,140692.8,666322.3,-462258.46,90019.05,0.0415,33643.96,0.0349,44,4.3,604,6.5,0.9959,0.9352,9,35.0,0
2024-12,Retail,Busan,Direct,C-Ultra,Affinity,9403,0.04096,385,416,0.01902,7,7,67796.05,474572.37,273584.35,200988.01,88912.01,1358177.94,-1246101.94,67796.05,0.0495,23510.15,0.0276,38,4.22,288,6.2,0.9912,0.9306,24,33.2,0
2024-12,Retail,Busan,Direct,C-Ultra,VIP,10734,0.02901,311,357,0.02484,8,4,68292.34,273169.36,166579.4,106589.97,75770.4,1303001.92,-1272182.35,34146.17,0.0417,11402.07,0.0343,53,4.52,369,8.8,0.9262,0.9027,7,46.9,0
2024-12,Retail,Busan,Direct,D-Home,Mass,13047,0.01402,182,194,0.02723,5,5,55813.91,279069.54,187562.0,91507.55,95866.55,2277765.83,-2282124.84,55813.91,0.0371,10362.73,0.0466,42,3.93,856,3.4,0.9318,0.956,12,31.5,0
2024-12,Retail,Busan,Direct,D-Home,Affinity,8283,0.02242,185,205,0.01329,2,3,52707.73,158123.18,100858.22,57264.95,54287.44,2677400.5,-2674422.98,79061.59,0.0228,3607.09,0.0447,29,3.74,943,8.9,1.0,0.8805,7,14.7,1
2024-12,Retail,Busan,Direct,D-Home,VIP,9848,0.02726,268,323,0.03164,10,14,55268.97,773765.62,469325.86,304439.76,120737.61,2016116.2,-1832414.05,77376.56,0.0396,30653.36,0.0324,43,3.95,887,7.4,0.9631,0.9021,8,36.5,0
2024-12,Retail,Busan,Direct,E-Office,Mass,12898,0.03059,394,486,0.02234,10,16,58972.58,943561.24,586354.51,357206.73,138120.48,1875098.42,-1656012.17,94356.12,0.0529,49915.65,0.0359,48,3.89,751,4.1,0.9413,0.9959,8,34.6,0
2024-12,Retail,Busan,Direct,E-Office,Affinity,8545,0.03484,297,350,0.0311,10,14,62553.27,875745.76,539684.54,336061.22,118006.22,1737725.81,-1519670.81,87574.58,0.0277,24270.09,0.0196,60,4.31,298,4.9,0.9762,0.9122,9,26.8,0
2024-12,Retail,Busan,Direct,E-Office,VIP,10409,0.0256,266,321,0.03265,10,14,61873.45,866228.32,508072.62,358155.71,117244.85,165209.8,75701.06,86622.83,0.0102,8870.19,0.0154,40,4.32,52,8.9,0.9403,0.9686,17,27.3,0
2024-12,Retail,Busan,Direct,F-Outdoor,Mass,12610,0.02637,332,359,0.02731,9,14,63053.83,882753.65,519011.49,363742.16,197060.98,1084780.34,-918099.16,98083.74,0.0389,34332.47,0.0605,45,4.05,548,9.4,0.9942,0.9232,6,35.3,0
2024-12,Retail,Busan,Direct,F-Outdoor,Affinity,11707,0.02018,236,287,0.02276,6,4,63228.61,252914.45,152091.47,100822.98,71192.75,2452660.96,-2423030.74,42152.41,0.0514,13000.84,0.0267,50,4.57,843,3.8,1.0,0.9989,12,39.2,2
2024-12,Retail,Busan,Direct,F-Outdoor,VIP,9071,0.03102,281,323,0.02846,9,7,65063.7,455445.87,264778.87,190667.0,82245.28,1169627.22,-1061205.49,50605.1,0.02,9093.65,0.0312,24,3.8,517,7.8,1.0,0.9411,11,20.5,1
2024-12,Retail,Busan,Partner,A-Standard,Mass,6991,0.03227,225,275,0.02331,6,7,31102.19,217715.32,141348.81,76366.51,117371.07,2783385.97,-2824390.53,36285.89,0.034,7409.53,0.0214,30,4.05,644,5.5,0.9322,0.9399,28,25.1,1
2024-12,Retail,Busan,Partner,A-Standard,Affinity,7701,0.01507,116,124,0.03728,4,6,29269.13,175614.76,123802.04,51812.72,80219.95,620745.15,-649152.38,43903.69,0.0602,10567.19,0.0408,43,4.16,290,5.6,0.9547,0.9136,10,41.1,1
2024-12,Retail,Busan,Partner,A-Standard,VIP,7641,0.02365,180,219,0.03237,7,11,30427.51,334702.66,222021.96,112680.7,52056.13,1800289.94,-1739665.37,47814.67,0.0162,5417.3,0.0141,35,4.14,383,6.2,0.9004,0.9168,18,10.1,0
2024-12,Retail,Busan,Partner,B-Pro,Mass,7283,0.0309,225,242,0.02613,6,6,46497.27,278983.62,179919.77,99063.85,62625.64,2924199.22,-2887761.01,46497.27,0.0135,3778.71,0.0306,45,4.38,440,7.4,0.9881,0.9148,10,22.1,1
2024-12,Retail,Busan,Partner,B-Pro,Affinity,10936,0.03127,342,414,0.02581,10,14,46823.85,655533.89,445189.26,210344.64,106616.03,2503866.83,-2400138.22,65553.39,0.0335,21957.86,0.0357,20,3.91,300,6.2,1.0,0.9549,16,19.2,1
2024-12,Retail,Busan,Partner,B-Pro,VIP,6018,0.01932,116,124,0.02278,2,3,42984.09,128952.26,79711.79,49240.47,66642.16,2602866.19,-2620267.87,64476.13,0.0562,7251.39,0.0333,37,4.2,403,7.4,0.9813,0.8848,17,33.4,0
2024-12,Retail,Busan,Partner,C-Ultra,Mass,7248,0.02332,169,191,0.02406,4,5,68510.22,342551.1,198878.68,143672.42,100242.44,180486.7,-137056.72,85637.78,0.039,13352.98,0.0557,32,3.77,526,7.2,0.9693,0.9216,16,20.8,2
2024-12,Retail,Busan,Partner,C-Ultra,Affinity,10363,0.03107,322,389,0.0242,9,9,67592.91,608336.18,345512.51,262823.66,123213.51,2068605.1,-1928994.94,67592.91,0.048,29193.17,0.0529,52,4.13,384,6.4,0.9713,0.9435,14,34.2,3
2024-12,Retail,Busan,Partner,C-Ultra,VIP,6580,0.02277,149,159,0.03698,5,6,66645.74,399874.43,231601.72,168272.71,70205.25,1681271.33,-1583203.87,79974.89,0.0249,9974.15,0.0128,40,3.38,747,4.9,0.9353,0.9137,13,22.7,0
2024-12,Retail,Busan,Partner,D-Home,Mass,8586,0.02469,211,270,0.04124,11,21,54584.78,1146280.38,746948.18,399332.19,65806.17,468131.05,-134605.03,104207.31,0.03,34402.21,0.0372,36,4.48,702,5.8,0.9727,0.9703,19,25.8,2
2024-12,Retail,Busan,Partner,D-Home,Affinity,8097,0.03426,277,310,0.01704,5,5,55096.04,275480.18,179597.18,95883.0,104395.32,741281.91,-749794.23,55096.04,0.0284,7818.5,0.0324,48,3.76,250,6.8,0.906,0.8954,4,18.0,0
2024-12,Retail,Busan,Partner,D-Home,VIP,8029,0.03137,251,321,0.03142,10,10,56840.17,568401.73,362758.34,205643.39,97719.83,82412.0,25511.56,56840.17,0.0349,19835.79,0.02,56,4.57,754,5.2,0.991,0.9366,3,34.0,0
2024-12,Retail,Busan,Partner,E-Office,Mass,8929,0.02894,258,276,0.02415,6,13,57608.72,748913.34,488033.7,260879.64,74173.02,1217842.39,-1031135.77,124818.89,0.0152,11351.6,0.0326,58,4.58,358,7.0,1.0,0.9453,10,29.9,0
2024-12,Retail,Busan,Partner,E-Office,Affinity,10286,0.0207,212,280,0.03286,9,14,62197.71,870768.0,532108.96,338659.04,113228.75,479933.67,-254503.39,96752.0,0.0252,21932.19,0.0447,32,3.76,173,8.0,1.0,0.8809,9,26.1,1
2024-12,Retail,Busan,Partner,E-Office,VIP,8040,0.03446,277,310,0.04158,12,19,59327.83,1127228.84,691717.71,435511.13,109827.77,1209594.18,-883910.83,93935.74,0.0393,44334.53,0.0274,46,4.15,348,7.4,0.9545,0.8812,19,33.5,0
2024-12,Retail,Busan,Partner,F-Outdoor,Mass,9214,0.02069,190,220,0.00985,2,3,67673.42,203020.27,128189.01,74831.26,92756.77,333174.41,-351099.91,101510.14,0.0492,9993.15,0.0324,10,3.64,605,6.4,0.998,0.9263,6,25.7,0
2024-12,Retail,Busan,Partner,F-Outdoor,Affinity,11398,0.02117,241,263,0.01956,5,5,66685.81,333429.04,206954.46,126474.58,110406.23,2365394.84,-2349326.49,66685.81,0.0396,13199.99,0.0276,48,4.54,800,7.6,1.0,0.9087,8,29.2,0
2024-12,Retail,Busan,Partner,F-Outdoor,VIP,10476,0.02048,214,240,0.03459,8,4,63238.54,252954.16,154705.93,98248.23,127333.43,2930568.01,-2959653.2,31619.27,0.0397,10044.2,0.0564,23,4.53,337,6.4,0.9318,0.8936,9,31.0,2
2024-12,Retail,Busan,Marketplace,A-Standard,Mass,11092,0.02722,301,374,0.00935,3,4,28626.21,114504.84,76784.25,37720.59,105254.31,2868860.1,-2936393.82,38168.28,0.0119,1364.09,0.0297,20,3.78,610,2.0,0.9475,0.89,17,27.5,2
2024-12,Retail,Busan,Marketplace,A-Standard,Affinity,10507,0.03173,333,396,0.02958,11,17,30188.63,513206.64,350840.23,162366.41,113213.6,1389818.94,-1340666.14,46655.15,0.0327,16787.85,0.0466,46,4.38,431,7.1,0.8783,0.8998,11,29.0,1
2024-12,Retail,Busan,Marketplace,A-Standard,VIP,13708,0.03018,413,520,0.04876,25,38,28953.72,1100241.38,721476.89,378764.49,195286.24,2970988.18,-2787509.93,44009.66,0.0339,37263.9,0.037,44,4.05,837,11.4,0.9852,0.8929,2,36.1,2
2024-12,Retail,Busan,Marketplace,B-Pro,Mass,12316,0.02864,352,457,0.02021,9,12,45870.69,550448.3,359613.16,190835.13,150673.49,1348223.72,-1308062.07,61160.92,0.0259,14268.32,0.0275,39,4.45,420,5.3,0.9913,0.9501,14,24.3,2
2024-12,Retail,Busan,Marketplace,B-Pro,Affinity,11502,0.02242,257,322,0.02146,6,6,46285.97,277715.8,180564.29,97151.52,144087.58,2958665.34,-3005601.4,46285.97,0.0476,13222.6,0.0386,30,4.35,776,8.8,0.9168,0.9561,0,24.8,2
2024-12,Retail,Busan,Marketplace,B-Pro,VIP,12456,0.03564,443,540,0.01957,10,15,46846.6,702698.94,464196.45,238502.5,156712.99,740809.45,-659019.94,70269.89,0.0498,35024.63,0.0261,20,4.77,640,8.6,0.9309,0.9811,10,38.4,0
2024-12,Retail,Busan,Marketplace,C-Ultra,Mass,13318,0.03214,428,456,0.01227,5,7,67344.44,471411.1,280950.84,190460.26,233170.1,814030.88,-856740.73,94282.22,0.033,15542.65,0.0406,45,4.03,507,5.3,0.9718,0.878,13,24.1,0
2024-12,Retail,Busan,Marketplace,C-Ultra,Affinity,12242,0.03561,435,531,0.02837,15,21,70869.27,1488254.65,950938.96,537315.69,157044.64,1996351.93,-1616080.89,99216.98,0.0078,11616.31,0.0332,24,4.45,566,9.5,0.9571,0.8864,14,16.0,1
2024-12,Retail,Busan,Marketplace,C-Ultra,VIP,11529,0.02072,238,277,0.03209,8,9,69697.34,627276.05,366515.81,260760.23,116937.02,813303.91,-669480.69,78409.51,0.0564,35359.01,0.0148,41,4.49,599,5.4,0.9561,0.8906,6,26.4,0
2024-12,Retail,Busan,Marketplace,D-Home,Mass,13721,0.02187,300,352,0.02221,7,11,54307.83,597386.12,372220.84,225165.28,106382.17,1800606.01,-1681822.91,85340.87,0.0,0.0,0.0415,33,3.82,467,7.9,0.9088,1.0,6,38.4,0
2024-12,Retail,Busan,Marketplace,D-Home,Affinity,14814,0.02684,397,485,0.02377,11,18,54288.83,977198.99,608791.08,368407.91,157300.05,2294847.53,-2083739.68,88836.27,0.0536,52340.95,0.0302,51,4.76,831,10.4,0.9527,0.9397,13,20.7,2
2024-12,Retail,Busan,Marketplace,D-Home,VIP,9522,0.02156,205,224,0.03049,6,9,55638.04,500742.38,326985.2,173757.18,119461.14,2576509.68,-2522213.64,83457.06,0.029,14498.95,0.0283,24,4.15,137,11.3,0.9835,0.9277,1,30.4,0
2024-12,Retail,Busan,Marketplace,E-Office,Mass,10126,0.0153,154,203,0.02837,5,9,62661.81,563956.27,344218.68,219737.59,65899.04,834552.5,-680713.96,112791.25,0.0298,16784.97,0.0344,46,4.56,704,6.6,0.9482,0.9166,5,26.4,0
2024-12,Retail,Busan,Marketplace,E-Office,Affinity,12525,0.02237,280,329,0.03401,11,17,58777.54,999218.16,617041.58,382176.58,127422.16,990811.41,-736056.99,90838.01,0.0406,40527.95,0.0537,55,4.43,1020,8.7,0.9581,0.9016,8,30.2,1
2024-12,Retail,Busan,Marketplace,E-Office,VIP,13032,0.01232,160,173,0.03067,5,10,59233.68,592336.8,346038.77,246298.03,72660.17,1975406.46,-1801768.6,118467.36,0.0349,20697.82,0.0218,39,4.48,972,11.3,0.9607,0.8479,4,19.6,0
2024-12,Retail,Busan,Marketplace,F-Outdoor,Mass,14453,0.0293,423,453,0.01811,8,9,63677.07,573093.61,334916.35,238177.26,229730.37,2406813.18,-2398366.29,71636.7,0.0283,16221.48,0.0371,16,4.59,472,5.7,0.9666,0.8942,19,35.7,3
2024-12,Retail,Busan,Marketplace,F-Outdoor,Affinity,12631,0.0258,325,416,0.02887,12,14,64628.72,904802.02,553530.97,351271.04,148580.93,2152936.47,-1950246.35,75400.17,0.06,54299.53,0.0393,42,4.22,712,8.6,0.9553,0.8537,12,35.6,0
2024-12,Retail,Busan,Marketplace,F-Outdoor,VIP,12438,0.02645,329,418,0.03049,12,19,66657.31,1266488.9,803898.91,462589.99,145659.31,1831972.97,-1515042.29,105540.74,0.0268,33892.96,0.0273,42,4.49,693,6.4,1.0,0.9615,8,28.8,0
2024-12,Retail,Busan,App,A-Standard,Mass,10434,0.02891,301,360,0.01676,6,8,30488.65,243909.24,167837.8,76071.44,118295.76,2889930.65,-2932154.96,40651.54,0.0193,4701.52,0.0527,43,4.02,681,6.5,0.9699,0.9442,9,28.6,0
2024-12,Retail,Busan,App,A-Standard,Affinity,9519,0.0227,216,240,0.03087,7,11,30410.43,334514.78,229084.35,105430.44,90479.67,2812253.36,-2797302.6,47787.83,0.0475,15894.02,0.0401,20,4.1,472,7.5,0.9714,0.9032,20,17.2,0
2024-12,Retail,Busan,App,A-Standard,VIP,9312,0.01918,178,191,0.02514,4,3,30416.78,91250.34,63268.84,27981.5,65640.01,863985.56,-901644.06,22812.59,0.0547,4987.08,0.0357,43,3.99,392,3.6,0.9233,0.9367,6,19.9,0
2024-12,Retail,Busan,App,B-Pro,Mass,10606,0.02606,276,296,0.00632,1,1,43264.56,43264.56,27881.89,15382.67,77660.65,2735993.0,-2798270.98,43264.56,0.0044,190.42,0.0105,50,4.18,547,8.9,0.9556,0.9018,6,22.7,9
2024-12,Retail,Busan,App,B-Pro,Affinity,7566,0.03162,239,288,0.03089,8,11,46454.9,511003.92,325080.63,185923.28,107288.93,414082.82,-335448.47,63875.49,0.0202,10311.64,0.0267,53,3.67,969,7.7,0.9739,1.0,21,28.4,0
2024-12,Retail,Busan,App,B-Pro,VIP,8388,0.01144,95,105,0.02556,2,3,44093.32,132279.97,88396.94,43883.04,51623.63,2022677.87,-2030418.46,66139.99,0.041,5418.18,0.0173,22,3.97,370,9.8,0.9419,0.9801,6,26.5,1
2024-12,Retail,Busan,App,C-Ultra,Mass,9349,0.03155,295,342,0.01702,5,5,71309.81,356549.04,207540.42,149008.62,85997.78,1510504.94,-1447494.1,71309.81,0.0683,24355.59,0.0327,35,4.62,947,11.8,0.9533,0.9482,18,29.1,2
2024-12,Retail,Busan,App,C-Ultra,Affinity,13111,0.01621,212,278,0.02924,8,8,73060.97,584487.77,341290.53,243197.24,63454.76,266156.34,-86413.86,73060.97,0.0397,23202.83,0.0313,33,3.64,766,8.1,0.9583,0.8908,14,33.6,0
2024-12,Retail,Busan,App,C-Ultra,VIP,8872,0.02871,254,300,0.02578,7,11,68923.19,758155.05,437424.05,320731.0,111842.14,607319.9,-398431.05,108307.86,0.0398,30165.54,0.0413,23,3.58,550,5.8,0.9364,0.9624,25,30.7,1
2024-12,Retail,Busan,App,D-Home,Mass,10661,0.02981,317,418,0.03055,12,23,53876.58,1239161.43,784947.83,454213.6,110729.96,288132.25,55351.39,103263.45,0.0333,41228.81,0.0475,38,4.6,215,8.1,0.9722,0.9692,9,16.8,1
2024-12,Retail,Busan,App,D-Home,Affinity,12767,0.01427,182,213,0.01978,4,6,52872.78,317236.66,197036.79,120199.87,107136.45,391148.62,-378085.2,79309.16,0.0266,8442.21,0.0382,56,3.75,404,6.8,0.9674,0.9556,14,30.6,1
2024-12,Retail,Busan,App,D-Home,VIP,8350,0.02887,241,299,0.0268,8,14,53096.88,743356.35,469789.05,273567.3,91997.7,109985.79,71583.8,92919.54,0.0431,32047.17,0.0405,43,4.12,973,9.2,0.9241,0.9421,6,40.9,0
2024-12,Retail,Busan,App,E-Office,Mass,10227,0.02905,297,342,0.03176,10,15,62000.65,930009.7,555299.95,374709.75,160852.4,3053841.99,-2839984.63,93000.97,0.0164,15277.06,0.0348,38,4.26,957,7.7,1.0,0.9807,12,27.7,0
2024-12,Retail,Busan,App,E-Office,Affinity,11064,0.04016,444,483,0.02541,12,17,60368.52,1026264.91,624554.01,401710.89,144719.33,1442473.27,-1185481.71,85522.08,0.0358,36741.62,0.0452,17,4.53,674,6.0,0.9584,0.9224,0,33.3,0
2024-12,Retail,Busan,App,E-Office,VIP,14212,0.03078,437,556,0.02547,14,15,60482.84,907242.65,580399.23,326843.42,165249.0,1886959.65,-1725365.24,64803.05,0.0184,16668.88,0.0394,50,3.86,389,4.1,0.9163,0.9241,0,31.7,0
2024-12,Retail,Busan,App,F-Outdoor,Mass,9312,0.01971,183,210,0.02176,4,5,64861.15,324305.77,209171.93,115133.84,118383.93,3001837.44,-3005087.53,81076.44,0.0311,10084.28,0.0343,44,4.45,509,7.0,0.9521,0.976,8,32.7,2
2024-12,Retail,Busan,App,F-Outdoor,Affinity,8421,0.01909,160,210,0.01864,3,3,63379.92,190139.76,112971.16,77168.6,106647.31,1201558.88,-1231037.6,63379.92,0.0486,9231.35,0.0436,24,4.32,376,6.1,0.9869,0.8971,25,20.9,2
2024-12,Retail,Busan,App,F-Outdoor,VIP,12060,0.02474,298,395,0.02258,8,9,62407.16,561664.46,339024.28,222640.19,135418.84,979835.66,-892614.32,70208.06,0.0329,18475.65,0.0206,34,4.7,350,9.4,0.9429,0.9238,10,35.0,2
2024-12,Online,Seoul,Direct,A-Standard,Mass,13149,0.02649,348,375,0.02638,9,9,28897.89,260080.97,176149.99,83930.98,94456.0,663142.85,-673667.87,28897.89,0.0276,7190.2,0.0315,44,4.61,642,8.1,0.9811,0.927,3,36.7,0
2024-12,Online,Seoul,Direct,A-Standard,Affinity,17585,0.02012,353,415,0.03189,13,20,28676.8,573536.0,390932.53,182603.46,221905.71,1887268.05,-1926570.3,44118.15,0.0403,23088.1,0.0225,54,4.62,911,8.0,0.9432,0.9138,12,30.2,4
2024-12,Online,Seoul,Direct,A-Standard,VIP,16550,0.01779,294,386,0.04107,15,27,30028.69,810774.51,529521.62,281252.89,116817.73,2294239.16,-2129804.0,54051.63,0.0459,37203.34,0.03,58,4.63,815,10.4,0.9677,0.8948,14,19.3,2
2024-12,Online,Seoul,Direct,B-Pro,Mass,14924,0.01119,167,195,0.01986,3,5,43727.97,218639.85,139503.69,79136.16,117968.82,487359.57,-526192.23,72879.95,0.0242,5300.99,0.0404,43,4.57,440,5.8,0.9132,0.9791,0,30.8,0
2024-12,Online,Seoul,Direct,B-Pro,Affinity,16904,0.02621,443,558,0.01934,10,6,44047.0,264282.0,179697.36,84584.64,221399.08,946056.78,-1082871.23,26428.2,0.0269,7118.66,0.0173,44,4.83,883,6.6,0.9589,0.952,3,14.8,0
2024-12,Online,Seoul,Direct,B-Pro,VIP,14083,0.02468,347,388,0.03827,14,19,47034.12,893648.25,585547.25,308101.0,112940.78,746440.73,-551280.51,63832.02,0.0308,27526.31,0.0369,21,3.38,1066,4.8,0.9908,0.9385,13,38.7,4
2024-12,Online,Seoul,Direct,C-Ultra,Mass,13456,0.02401,323,370,0.02262,8,11,68392.27,752314.97,456996.64,295318.34,133724.44,1580312.81,-1418718.92,94039.37,0.0223,16758.66,0.034,57,4.7,525,3.7,0.944,0.9097,22,23.1,0
2024-12,Online,Seoul,Direct,C-Ultra,Affinity,14502,0.03867,560,672,0.03488,23,41,69844.47,2863623.29,1642715.56,1220907.73,225067.06,2264924.13,-1269083.45,124505.36,0.0379,108558.31,0.0245,69,3.41,811,4.3,0.9453,0.9786,15,48.4,0
2024-12,Online,Seoul,Direct,C-Ultra,VIP,16459,0.02151,354,435,0.02787,12,14,70429.99,986019.93,577545.59,408474.34,125127.85,1138082.77,-854736.28,82168.33,0.0436,43000.9,0.0243,65,4.65,490,5.0,0.9741,0.8747,18,34.5,0
2024-12,Online,Seoul,Direct,D-Home,Mass,13017,0.02097,272,302,0.01574,4,4,52287.75,209150.98,139041.23,70109.75,90148.95,488154.02,-508193.21,52287.75,0.0424,8876.79,0.023,43,4.26,817,11.4,0.9546,0.9524,19,37.5,0
2024-12,Online,Seoul,Direct,D-Home,Affinity,15443,0.03566,550,681,0.02995,20,23,53401.91,1228243.94,795292.64,432951.3,205070.04,2676062.74,-2448181.48,61412.2,0.0574,70445.21,0.0415,61,4.62,732,5.2,0.9423,0.9569,12,33.3,0
2024-12,Online,Seoul,Direct,D-Home,VIP,15237,0.03089,470,554,0.03296,18,16,52970.88,847534.16,535888.46,311645.7,248941.74,3071791.2,-3009087.24,47085.23,0.0455,38566.33,0.0203,16,4.29,805,7.9,1.0,0.9656,11,26.3,0
2024-12,Online,Seoul,Direct,E-Office,Mass,17055,0.02928,499,532,0.02049,10,18,58691.54,1056447.71,621988.95,434458.76,202941.09,2655858.19,-2424340.52,105644.77,0.0252,26613.63,0.0298,34,4.1,353,4.0,0.9432,0.9534,14,33.6,0
2024-12,Online,Seoul,Direct,E-Office,Affinity,15268,0.01778,271,328,0.02519,8,14,58935.9,825102.63,507312.79,317789.85,136879.02,620543.16,-439632.34,103137.83,0.0071,5852.29,0.0425,29,4.66,865,6.4,0.9221,0.9482,16,30.9,0
2024-12,Online,Seoul,Direct,E-Office,VIP,17367,0.01466,254,284,0.02299,6,9,57217.24,514955.14,310302.77,204652.37,128302.43,1784457.31,-1708107.37,85825.86,0.0392,20171.84,0.0448,48,4.31,789,6.5,0.9369,0.9202,14,34.6,2
2024-12,Online,Seoul,Direct,F-Outdoor,Mass,12214,0.03489,426,539,0.01746,9,12,64104.81,769257.67,445257.72,323999.95,201215.4,2032728.64,-1909944.08,85473.07,0.0142,10915.09,0.041,32,4.94,903,9.5,0.9584,1.0,13,22.4,0
2024-12,Online,Seoul,Direct,F-Outdoor,Affinity,17043,0.02204,375,409,0.02648,10,8,67560.37,540482.93,346854.99,193627.93,141400.48,1929109.98,-1876882.52,54048.29,0.0362,19552.06,0.0451,31,3.89,617,10.7,0.9686,0.9283,15,31.7,0
2024-12,Online,Seoul,Direct,F-Outdoor,VIP,15576,0.02413,375,453,0.02864,12,18,66465.37,1196376.69,772076.65,424300.04,173057.7,863947.29,-612704.95,99698.06,0.0536,64118.32,0.0288,25,4.61,715,7.9,0.9783,0.8543,17,26.5,2
2024-12,Online,Seoul,Partner,A-Standard,Mass,15187,0.02079,315,403,0.02533,10,13,29978.2,389716.61,275625.3,114091.32,156230.93,1732303.9,-1774443.51,38971.66,0.0151,5877.91,0.0563,58,3.89,834,6.5,0.9487,0.9319,8,31.7,5
2024-12,Online,Seoul,Partner,A-Standard,Affinity,14751,0.02898,427,512,0.01888,9,13,30593.39,397714.11,270219.07,127495.05,144828.69,2809350.77,-2826684.41,44190.46,0.0264,10497.56,0.0253,36,3.38,287,7.2,0.9826,0.8947,12,32.3,0
2024-12,Online,Seoul,Partner,A-Standard,VIP,11346,0.01997,226,259,0.03229,8,13,30450.38,395854.94,258126.37,137728.57,99242.86,70709.92,-32224.21,49481.87,0.0226,8947.92,0.0341,36,4.74,336,8.1,0.956,0.9554,11,31.4,0
2024-12,Online,Seoul,Partner,B-Pro,Mass,12869,0.03277,421,552,0.02718,15,29,43720.71,1267900.62,834975.59,432925.03,145584.72,1402054.66,-1114714.35,84526.71,0.03,38031.82,0.0287,23,4.15,621,5.8,0.9102,0.9013,9,31.0,0
2024-12,Online,Seoul,Partner,B-Pro,Affinity,13121,0.01173,153,180,0.02565,4,3,43574.55,130723.66,85460.6,45263.06,63937.68,1230111.73,-1248786.36,32680.92,0.0272,3554.59,0.0326,50,3.9,429,2.9,0.933,0.9899,6,42.6,1
2024-12,Online,Seoul,Partner,B-Pro,VIP,14535,0.01745,253,305,0.02595,7,11,43255.96,475815.51,322146.84,153668.67,68434.83,1568592.63,-1483358.78,67973.64,0.0133,6319.72,0.0175,45,4.61,291,12.3,0.9614,0.8807,8,22.4,0
2024-12,Online,Seoul,Partner,C-Ultra,Mass,12489,0.01967,245,261,0.02234,5,5,73102.15,365510.76,215214.9,150295.86,128936.18,1766037.39,-1744677.71,73102.15,0.0274,10032.87,0.0287,26,4.32,314,3.4,1.0,0.9207,11,32.4,4
2024-12,Online,Seoul,Partner,C-Ultra,Affinity,16359,0.02758,451,475,0.027,12,17,71068.98,1208172.63,770566.48,437606.15,230926.94,1887772.22,-1681093.01,100681.05,0.0431,52066.12,0.0335,46,4.43,526,11.4,0.9256,0.912,12,28.7,0
2024-12,Online,Seoul,Partner,C-Ultra,VIP,12146,0.01902,230,255,0.02945,7,13,69103.44,898344.76,511264.41,387080.35,86791.75,1774147.73,-1473859.13,128334.97,0.024,21598.89,0.0318,56,4.76,1046,6.7,0.9423,0.8757,7,25.1,0
2024-12,Online,Seoul,Partner,D-Home,Mass,9909,0.01985,196,232,0.01917,4,5,55070.79,275353.95,168773.37,106580.58,97805.33,844001.0,-835225.75,68838.49,0.0246,6787.18,0.0556,40,4.32,507,7.3,0.9954,0.9317,5,26.6,1
2024-12,Online,Seoul,Partner,D-Home,Affinity,14160,0.02891,409,535,0.02768,14,16,57745.59,923929.51,590020.87,333908.63,146834.37,922099.23,-735024.96,65994.96,0.0416,38466.63,0.0254,41,4.39,1181,5.5,0.986,0.9254,15,42.0,0
2024-12,Online,Seoul,Partner,D-Home,VIP,12441,0.02429,302,396,0.01885,7,9,54572.7,491154.33,303878.64,187275.69,86495.53,2724813.38,-2624033.22,70164.9,0.0482,23656.58,0.0128,47,4.4,514,9.0,0.9276,0.9293,10,26.9,0
2024-12,Online,Seoul,Partner,E-Office,Mass,11948,0.03407,407,519,0.0131,6,7,62011.14,434077.97,279188.02,154889.94,118218.66,978039.07,-941367.79,72346.33,0.0213,9230.18,0.0368,27,4.05,970,6.1,0.9522,0.97,15,25.9,1
2024-12,Online,Seoul,Partner,E-Office,Affinity,7822,0.02648,207,243,0.02388,5,6,60218.3,361309.8,213710.17,147599.63,80124.08,1706544.05,-1639068.5,72261.96,0.0353,12764.45,0.05,26,4.26,961,6.7,1.0,0.884,13,21.6,0
2024-12,Online,Seoul,Partner,E-Office,VIP,14248,0.03308,471,560,0.03949,22,30,62059.68,1861790.52,1121431.56,740358.96,221760.16,2282414.83,-1763816.04,84626.84,0.0268,49829.28,0.0422,36,4.39,369,7.3,0.9954,0.9301,2,17.9,0
2024-12,Online,Seoul,Partner,F-Outdoor,Mass,11674,0.03312,386,474,0.02799,13,17,67565.46,1148612.85,663195.07,485417.78,154986.82,807387.87,-476956.91,88354.83,0.0241,27710.85,0.0537,41,4.6,456,4.2,0.9702,0.8747,14,28.3,0
2024-12,Online,Seoul,Partner,F-Outdoor,Affinity,14154,0.02997,424,521,0.02862,14,14,63089.56,883253.8,516438.39,366815.4,159769.64,556041.3,-348995.54,63089.56,0.0659,58183.21,0.0079,47,4.61,854,7.6,0.9393,0.9169,7,38.0,0
2024-12,Online,Seoul,Partner,F-Outdoor,VIP,12879,0.02354,303,369,0.02567,9,12,61855.07,742260.81,436020.15,306240.66,96703.37,2305451.13,-2095913.84,82473.42,0.0453,33590.99,0.0425,49,4.72,661,6.3,0.9599,0.8631,18,34.7,2
2024-12,Online,Seoul,Marketplace,A-Standard,Mass,19587,0.02109,413,468,0.01857,8,9,30730.75,276576.74,192320.39,84256.35,242901.74,2537102.17,-2695747.57,34572.09,0.0185,5104.11,0.0324,46,4.34,614,6.8,0.961,0.9671,9,30.5,0
2024-12,Online,Seoul,Marketplace,A-Standard,Affinity,17867,0.02327,415,445,0.01938,8,14,28652.17,401130.33,271674.75,129455.58,267570.85,830864.73,-968980.01,50141.29,0.0542,21759.2,0.0343,53,3.82,458,5.2,0.9767,0.9128,10,6.6,1
2024-12,Online,Seoul,Marketplace,A-Standard,VIP,17272,0.02004,346,397,0.01677,6,10,28513.31,285133.14,201309.02,83824.12,96737.95,2732433.33,-2745347.16,47522.19,0.0445,12685.36,0.0267,56,4.44,759,5.8,0.9661,0.9028,4,27.4,1
2024-12,Online,Seoul,Marketplace,B-Pro,Mass,25962,0.0286,742,954,0.00641,6,8,45496.46,363971.7,241860.71,122110.99,428258.3,1834099.03,-2140246.34,60661.95,0.0246,8962.78,0.0159,34,4.26,743,7.5,0.9382,0.9209,9,23.8,1
2024-12,Online,Seoul,Marketplace,B-Pro,Affinity,17549,0.02823,495,608,0.02985,18,20,46665.32,933306.33,636390.64,296915.69,199149.36,2873421.59,-2775655.27,51850.35,0.0591,55128.34,0.0547,62,4.51,484,9.5,0.9782,0.9562,0,18.1,0
2024-12,Online,Seoul,Marketplace,B-Pro,VIP,16991,0.03016,512,603,0.02871,17,12,44820.44,537845.33,341131.7,196713.63,273020.68,1364206.45,-1440513.5,31637.96,0.0383,20587.19,0.0225,41,4.02,297,5.9,0.9938,0.8796,13,33.5,3
2024-12,Online,Seoul,Marketplace,C-Ultra,Mass,19496,0.01738,338,372,0.02453,9,13,71187.15,925432.91,545212.49,380220.42,187310.23,1300413.35,-1107503.15,102825.88,0.0398,36815.98,0.0321,49,4.18,1056,6.2,0.9518,0.9373,7,19.4,2
2024-12,Online,Seoul,Marketplace,C-Ultra,Affinity,20248,0.02653,537,621,0.03231,20,29,68004.61,1972133.65,1260788.84,711344.8,167751.16,2584194.46,-2040600.81,98606.68,0.0285,56164.76,0.0299,38,4.08,671,5.8,0.9382,0.9248,16,32.2,1
2024-12,Online,Seoul,Marketplace,C-Ultra,VIP,13350,0.02918,389,436,0.02409,10,13,73202.11,951627.43,551585.51,400041.92,183158.35,1157567.61,-940684.04,95162.74,0.0228,21734.44,0.0387,31,4.02,1004,12.0,0.8833,0.9445,23,37.4,2
2024-12,Online,Seoul,Marketplace,D-Home,Mass,15356,0.0367,563,597,0.02174,12,16,56305.82,900893.1,562282.98,338610.12,186251.1,2660461.18,-2508102.15,75074.43,0.036,32391.8,0.0474,55,4.01,791,9.4,0.9824,0.9624,5,45.7,0
2024-12,Online,Seoul,Marketplace,D-Home,Affinity,25929,0.01958,507,610,0.02745,16,21,55179.09,1158760.81,705026.11,453734.7,269614.69,3057113.42,-2872993.42,72422.55,0.0538,62335.4,0.0303,48,3.94,687,9.4,0.9538,0.881,20,37.2,0
2024-12,Online,Seoul,Marketplace,D-Home,VIP,18427,0.01954,360,451,0.0368,16,18,55378.4,996811.23,605246.35,391564.88,173703.23,187074.23,30787.43,62300.7,0.0187,18647.33,0.0328,48,4.2,741,10.5,0.988,0.9655,17,29.6,1
2024-12,Online,Seoul,Marketplace,E-Office,Mass,18321,0.02809,514,660,0.01653,10,16,61486.81,983788.91,584223.6,399565.31,161003.75,2424055.39,-2185493.82,98378.89,0.0307,30206.29,0.0425,50,4.24,413,7.3,0.9471,0.9036,21,8.5,3
2024-12,Online,Seoul,Marketplace,E-Office,Affinity,18014,0.0274,493,654,0.0284,18,32,58800.56,1881617.85,1204093.53,677524.32,243735.27,737130.01,-303340.95,104534.32,0.0357,67129.22,0.0306,19,4.47,855,8.2,0.9311,0.9386,4,30.4,0
2024-12,Online,Seoul,Marketplace,E-Office,VIP,17887,0.02942,526,626,0.03558,22,38,58637.25,2228215.55,1370585.01,857630.54,216849.7,647346.73,-6565.89,101282.53,0.0138,30787.23,0.0273,30,3.92,600,4.2,0.9553,0.911,8,33.4,0
2024-12,Online,Seoul,Marketplace,F-Outdoor,Mass,24063,0.02605,626,789,0.0129,10,8,62647.53,501180.25,315268.59,185911.65,145737.6,759529.26,-719355.21,50118.02,0.026,13007.07,0.0329,35,3.16,736,8.4,1.0,0.9254,12,23.7,0
2024-12,Online,Seoul,Marketplace,F-Outdoor,Affinity,17437,0.02102,366,430,0.03851,16,10,63631.7,636317.04,396558.76,239758.28,144678.74,1254588.17,-1159508.63,39769.81,0.0497,31613.04,0.0337,20,4.5,1014,7.7,0.9341,0.848,5,46.1,0
2024-12,Online,Seoul,Marketplace,F-Outdoor,VIP,18354,0.01841,337,392,0.02467,9,11,65327.77,718605.44,442770.38,275835.06,200825.87,1015330.36,-940321.17,79845.05,0.0172,12389.96,0.0207,44,3.82,703,5.2,0.9994,0.9039,17,19.7,1
2024-12,Online,Seoul,App,A-Standard,Mass,19632,0.03032,595,641,0.01957,12,12,29770.2,357242.4,245329.76,111912.64,335239.93,1819451.23,-2042778.52,29770.2,0.0336,12011.34,0.0389,38,4.3,84,12.5,0.9354,0.9095,10,41.4,0
2024-12,Online,Seoul,App,A-Standard,Affinity,12157,0.01523,185,213,0.02684,5,5,31275.31,156376.54,101359.09,55017.45,119856.58,2704605.54,-2769444.68,31275.31,0.0091,1424.68,0.0229,30,3.96,320,6.8,0.9529,0.9715,11,28.9,0
2024-12,Online,Seoul,App,A-Standard,VIP,16670,0.02914,485,624,0.0287,17,16,30403.47,486455.53,340705.63,145749.9,154774.69,2555842.46,-2564867.25,28615.03,0.0218,10580.55,0.037,46,4.93,658,8.7,0.9349,0.899,12,41.8,2
2024-12,Online,Seoul,App,B-Pro,Mass,13468,0.03491,470,558,0.0225,12,17,43481.87,739191.71,456465.62,282726.1,121950.29,588261.65,-427485.84,61599.31,0.0289,21358.51,0.0509,50,4.86,554,10.1,0.951,0.9548,12,47.4,0
2024-12,Online,Seoul,App,B-Pro,Affinity,17150,0.02509,430,566,0.02964,16,19,45481.64,864151.12,547353.08,316798.04,226301.77,2945297.73,-2854801.46,54009.44,0.034,29417.58,0.0274,48,4.47,576,6.8,0.9845,0.9275,16,24.2,1
2024-12,Online,Seoul,App,B-Pro,VIP,14678,0.02105,309,350,0.02596,9,12,45716.8,548601.64,370680.84,177920.81,119382.65,2265310.16,-2206772.01,60955.74,0.0211,11570.99,0.0387,65,4.69,445,4.7,0.9463,0.9046,13,24.2,1
2024-12,Online,Seoul,App,C-Ultra,Mass,18142,0.02135,387,460,0.02016,9,14,67623.26,946725.64,555516.84,391208.8,132893.58,683394.16,-425078.95,105191.74,0.0257,24288.92,0.0457,43,3.85,843,3.9,0.9278,0.9072,17,34.3,0
2024-12,Online,Seoul,App,C-Ultra,Affinity,12386,0.01516,187,219,0.03874,8,16,68214.79,1091436.69,644229.42,447207.27,125184.61,643905.83,-321883.17,136429.59,0.0324,35312.56,0.0363,59,4.14,644,6.3,0.9697,0.9406,15,22.4,0
2024-12,Online,Seoul,App,C-Ultra,VIP,13918,0.01677,233,275,0.02524,6,11,72236.6,794602.61,477667.01,316935.6,121788.57,1055277.89,-860130.86,132433.77,0.0493,39195.82,0.0146,68,4.67,722,7.1,0.9633,0.9294,15,30.8,3
2024-12,Online,Seoul,App,D-Home,Mass,13973,0.02886,403,512,0.0205,10,9,56243.22,506189.01,322490.14,183698.88,226078.54,571129.18,-613508.84,50618.9,0.082,41500.73,0.0497,52,4.22,375,8.3,0.904,0.9016,16,48.3,1
2024-12,Online,Seoul,App,D-Home,Affinity,11813,0.03006,355,377,0.01897,7,5,55612.42,278062.11,175291.65,102770.46,96496.53,2438778.05,-2432504.11,39723.16,0.0349,9711.66,0.0327,51,4.61,383,9.4,0.9251,0.9293,20,26.0,3
2024-12,Online,Seoul,App,D-Home,VIP,15214,0.03125,475,534,0.037,19,25,52389.59,1309739.77,866037.69,443702.08,170616.12,3065914.59,-2792828.62,68933.67,0.0174,22761.39,0.033,49,4.57,333,6.7,0.9786,0.9601,13,24.8,0
2024-12,Online,Seoul,App,E-Office,Mass,14599,0.02502,365,405,0.02554,10,11,59107.93,650187.26,415479.62,234707.64,126214.91,2454193.66,-2345700.93,65018.73,0.0553,35925.85,0.0323,42,4.26,314,8.7,1.0,0.942,1,35.9,2
2024-12,Online,Seoul,App,E-Office,Affinity,15058,0.02115,318,388,0.02986,11,12,62576.54,750918.45,446853.12,304065.33,147399.76,2590104.79,-2433439.22,68265.31,0.0231,17335.09,0.0098,39,4.49,361,5.6,0.9231,0.8598,18,25.1,0
2024-12,Online,Seoul,App,E-Office,VIP,12405,0.02691,333,376,0.02484,9,5,60363.52,301817.58,193128.41,108689.18,118132.7,1854542.07,-1863985.6,33535.29,0.0651,19646.54,0.0192,35,4.0,859,7.7,0.9534,0.8959,7,26.0,2
2024-12,Online,Seoul,App,F-Outdoor,Mass,19071,0.02976,567,676,0.02285,15,23,65957.85,1517030.62,890925.89,626104.73,282660.72,2153446.13,-1810002.12,101135.37,0.0509,77153.46,0.0371,46,4.17,253,8.3,0.9238,0.9398,0,15.3,0
2024-12,Online,Seoul,App,F-Outdoor,Affinity,14087,0.02963,417,460,0.02704,12,14,66022.0,924308.03,578631.44,345676.59,93577.12,726070.9,-473971.43,77025.67,0.0367,33904.49,0.0356,25,3.47,609,5.2,0.9904,0.9367,15,23.6,0
2024-12,Online,Seoul,App,F-Outdoor,VIP,13641,0.01585,216,232,0.04286,9,9,64598.06,581382.55,348979.42,232403.13,138057.65,1725859.12,-1631513.64,64598.06,0.0335,19486.19,0.04,20,4.35,405,9.4,1.0,0.9551,16,31.4,4
2024-12,Online,Busan,Direct,A-Standard,Mass,9028,0.02817,254,323,0.02955,9,7,30910.28,216371.94,142211.28,74160.66,78720.86,1688392.71,-1692952.92,24041.33,0.0267,5787.27,0.0304,60,4.48,285,8.1,0.9864,0.9348,22,32.7,2
2024-12,Online,Busan,Direct,A-Standard,Affinity,10617,0.01944,206,269,0.02885,7,11,31202.85,343231.31,223385.95,119845.36,106535.5,2772499.41,-2759189.55,49033.04,0.0408,14011.34,0.0312,32,4.16,485,11.6,0.9856,0.9053,6,35.3,0
2024-12,Online,Busan,Direct,A-Standard,VIP,14698,0.03557,522,600,0.02888,17,24,30048.2,721156.91,508949.88,212207.03,110230.42,1557747.06,-1455770.45,42420.99,0.031,22383.46,0.0245,28,3.55,717,5.7,0.8738,0.9857,9,33.7,0
2024-12,Online,Busan,Direct,B-Pro,Mass,10906,0.03619,394,494,0.01857,9,14,46935.91,657102.7,414573.32,242529.38,84343.16,2027467.26,-1869281.04,73011.41,0.0257,16882.75,0.0324,54,3.87,623,6.2,0.9006,1.0,7,30.8,0
2024-12,Online,Busan,Direct,B-Pro,Affinity,10875,0.03125,339,372,0.01313,4,4,45583.99,182335.97,112824.32,69511.65,134139.33,2864754.84,-2929382.52,45583.99,0.0463,8438.14,0.0328,30,4.88,509,5.7,0.9438,0.9376,23,30.7,1
2024-12,Online,Busan,Direct,B-Pro,VIP,13599,0.02527,343,388,0.02557,9,10,45196.89,451968.87,307995.6,143973.28,143213.77,2861114.07,-2860354.57,50218.76,0.0569,25715.66,0.0087,57,4.3,589,6.8,0.9679,0.8647,9,37.2,0
2024-12,Online,Busan,Direct,C-Ultra,Mass,13046,0.02496,325,398,0.01833,7,9,72541.45,652873.07,386611.93,266261.14,187828.22,2823290.58,-2744857.67,93267.58,0.0432,28204.04,0.0328,42,4.48,740,7.6,0.9724,0.939,15,20.2,1
2024-12,Online,Busan,Direct,C-Ultra,Affinity,11905,0.02453,291,380,0.02679,10,10,67948.29,679482.94,434790.42,244692.52,105821.5,468593.91,-329722.89,67948.29,0.0183,12442.11,0.0362,63,4.7,598,3.2,0.9216,0.9954,17,27.4,0
2024-12,Online,Busan,Direct,C-Ultra,VIP,13680,0.0374,511,614,0.02521,15,18,71310.7,1283592.66,782711.41,500881.25,179988.0,3085042.73,-2764149.48,85572.84,0.0475,60941.31,0.0202,50,4.35,361,6.2,0.9781,0.9378,18,41.3,0
2024-12,Online,Busan,Direct,D-Home,Mass,13755,0.02727,375,440,0.0256,11,8,57351.18,458809.44,292390.2,166419.24,134918.72,2302530.26,-2271029.74,41709.95,0.0769,35304.99,0.0355,21,4.43,597,5.1,0.9487,0.8886,15,34.2,0
2024-12,Online,Busan,Direct,D-Home,Affinity,10036,0.02565,257,282,0.02648,7,10,57742.06,577420.56,383034.39,194386.16,81214.69,332687.86,-219516.39,82488.65,0.0414,23915.1,0.0334,44,4.09,475,6.8,0.9795,0.9236,16,29.9,0
2024-12,Online,Busan,Direct,D-Home,VIP,11288,0.0354,399,514,0.02634,13,19,53906.61,1024225.56,673813.6,350411.96,164302.98,1306345.95,-1120236.97,78786.58,0.0276,28271.71,0.0248,50,4.12,393,6.2,0.9586,0.9234,4,31.3,1
2024-12,Online,Busan,Direct,E-Office,Mass,10882,0.02657,289,305,0.02571,7,7,57938.88,405572.15,259636.0,145936.15,149034.5,1108641.24,-1111739.6,57938.88,0.0343,13896.18,0.0336,37,4.14,790,8.7,0.9633,0.8503,15,28.4,0
2024-12,Online,Busan,Direct,E-Office,Affinity,10690,0.02335,249,328,0.03619,11,10,62479.79,624797.9,377178.11,247619.79,134623.77,862252.1,-749256.08,56799.81,0.0312,19518.59,0.0295,39,3.63,747,5.7,0.9327,0.9363,11,26.2,0
2024-12,Online,Busan,Direct,E-Office,VIP,12242,0.02765,338,444,0.03556,15,18,58757.79,1057640.23,663966.58,393673.65,174301.71,1479437.29,-1260065.35,70509.35,0.0258,27323.57,0.034,32,4.24,628,10.3,0.9641,0.9281,13,17.3,2
2024-12,Online,Busan,Direct,F-Outdoor,Mass,9170,0.02333,213,233,0.01921,4,3,62271.22,186813.65,110132.96,76680.69,74994.98,2079822.13,-2078136.42,46703.41,0.0033,612.64,0.0157,55,4.38,868,8.3,0.9583,0.9249,0,28.4,0
2024-12,Online,Busan,Direct,F-Outdoor,Affinity,10398,0.0175,181,234,0.03097,7,6,67906.31,407437.86,245684.96,161752.9,70711.57,2850993.24,-2759951.91,58205.41,0.0196,8003.66,0.0434,25,4.43,629,7.7,0.9368,0.8774,22,30.5,0
2024-12,Online,Busan,Direct,F-Outdoor,VIP,9348,0.01768,165,191,0.02854,5,6,68183.13,409098.78,255240.83,153857.94,65292.95,256274.25,-167709.26,81819.76,0.0274,11206.23,0.0206,47,4.2,343,8.0,0.947,0.9532,5,21.0,0
2024-12,Online,Busan,Partner,A-Standard,Mass,8230,0.02526,207,269,0.02833,7,6,30837.49,185024.92,131289.75,53735.17,102662.93,1891890.28,-1940818.05,26432.13,0.0394,7282.67,0.0322,41,4.14,752,5.9,0.8971,0.91,16,24.4,0
2024-12,Online,Busan,Partner,A-Standard,Affinity,11572,0.02662,308,370,0.0253,9,13,28690.78,372980.2,258128.53,114851.68,97334.99,1759126.18,-1741609.49,41442.24,0.0247,9194.74,0.0199,42,3.64,1051,6.1,1.0,0.9323,7,16.2,0
2024-12,Online,Busan,Partner,A-Standard,VIP,9906,0.02986,295,348,0.02065,7,11,29193.66,321130.26,228615.77,92514.49,80797.81,1433157.01,-1421440.33,45875.75,0.0333,10691.13,0.0138,44,3.72,428,10.0,0.9647,0.9668,13,31.7,0
2024-12,Online,Busan,Partner,B-Pro,Mass,10313,0.02777,286,369,0.01922,7,12,46801.35,561616.2,371627.93,189988.27,130592.24,2374219.97,-2314823.94,80230.89,0.032,17958.98,0.0609,33,4.61,513,8.9,0.9668,0.8788,3,38.2,0
2024-12,Online,Busan,Partner,B-Pro,Affinity,10134,0.02224,225,255,0.03548,9,14,45074.73,631046.18,394794.22,236251.96,108080.34,1154336.71,-1026165.09,70116.24,0.0361,22809.72,0.0291,55,3.28,313,8.3,0.8723,0.9259,16,34.8,2
2024-12,Online,Busan,Partner,B-Pro,VIP,12741,0.02516,320,423,0.02748,11,13,43912.08,570857.0,389426.58,181430.42,167707.4,878257.44,-864534.42,51896.09,0.037,21142.85,0.0376,42,4.85,579,8.4,0.9337,0.9089,17,32.7,1
2024-12,Online,Busan,Partner,C-Ultra,Mass,10970,0.03048,334,420,0.02914,12,18,66849.3,1203287.43,756232.27,447055.17,126320.62,480888.09,-160153.54,100273.95,0.0301,36220.59,0.0323,31,4.39,514,5.9,0.9843,0.9536,13,28.7,0
2024-12,Online,Busan,Partner,C-Ultra,Affinity,6900,0.02119,146,180,0.0275,4,3,66758.44,200275.31,120290.42,79984.89,81903.16,417129.72,-419047.99,50068.83,0.0158,3155.33,0.0389,23,4.67,768,6.7,0.9449,0.8913,8,20.8,0
2024-12,Online,Busan,Partner,C-Ultra,VIP,9180,0.01966,180,201,0.02081,4,3,67141.92,201425.75,124684.97,76740.77,48981.85,1363404.0,-1335645.08,50356.44,0.0314,6319.3,0.0148,22,4.38,767,5.8,0.9632,0.9194,6,23.9,0
2024-12,Online,Busan,Partner,D-Home,Mass,10865,0.02842,308,332,0.03261,10,8,55015.8,440126.37,280057.41,160068.95,88224.3,239090.65,-167246.0,44012.64,0.0236,10393.28,0.0426,55,4.39,323,8.0,0.9599,0.956,18,18.0,0
2024-12,Online,Busan,Partner,D-Home,Affinity,9118,0.02271,207,241,0.01703,4,5,55313.58,276567.89,168450.15,108117.74,64613.28,964383.28,-920878.82,69141.97,0.0503,13917.23,0.0429,41,4.49,504,7.6,0.9605,0.9003,23,35.5,0
2024-12,Online,Busan,Partner,D-Home,VIP,9024,0.03009,271,299,0.025,7,10,53465.39,534653.94,340075.47,194578.47,109436.37,2857299.89,-2772157.8,76379.13,0.0377,20159.76,0.0403,48,4.38,511,8.3,0.9489,0.9532,9,46.3,0
2024-12,Online,Busan,Partner,E-Office,Mass,10306,0.0287,295,363,0.01957,7,7,57481.51,402370.58,246145.96,156224.63,89162.7,1851127.23,-1784065.31,57481.51,0.0667,26826.63,0.0554,28,4.9,761,3.8,0.9829,0.9849,11,34.6,0
2024-12,Online,Busan,Partner,E-Office,Affinity,8227,0.02676,220,266,0.01767,4,3,62946.14,188838.43,115545.84,73292.58,105219.55,808804.62,-840731.59,47209.61,0.0266,5025.89,0.0258,42,3.85,327,3.7,0.9909,0.9548,7,25.6,1
2024-12,Online,Busan,Partner,E-Office,VIP,9049,0.01449,131,161,0.02625,4,2,58298.87,116597.74,73483.24,43114.5,86270.13,301213.0,-344368.63,29149.44,0.0281,3277.41,0.0347,49,3.95,321,9.1,0.9706,0.9378,16,18.4,0
2024-12,Online,Busan,Partner,F-Outdoor,Mass,14630,0.02621,383,431,0.02409,10,10,63386.67,633866.74,408336.53,225530.21,208955.93,504400.1,-487825.81,63386.67,0.0235,14908.15,0.0378,38,4.5,668,5.8,0.9658,0.9415,15,22.7,0
2024-12,Online,Busan,Partner,F-Outdoor,Affinity,6505,0.02249,146,188,0.03439,6,5,62346.12,311730.62,184564.55,127166.07,59445.63,1969309.73,-1901589.29,51955.1,0.0361,11252.95,0.0301,56,3.97,873,4.3,0.9348,0.9046,7,25.5,0
2024-12,Online,Busan,Partner,F-Outdoor,VIP,13688,0.02145,293,326,0.02503,8,10,64362.96,643629.64,410666.67,232962.97,131663.88,2028163.88,-1926864.79,80453.7,0.0119,7629.85,0.0431,27,4.04,629,4.4,0.9663,0.856,9,28.7,0
2024-12,Online,Busan,Marketplace,A-Standard,Mass,12410,0.02773,344,413,0.02246,9,14,28595.78,400340.85,276398.49,123942.36,155667.05,2283511.36,-2315236.05,44482.32,0.0381,15241.14,0.0506,44,4.28,586,12.9,0.9452,0.8823,7,28.8,0
2024-12,Online,Busan,Marketplace,A-Standard,Affinity,16354,0.02422,396,526,0.02441,12,11,29764.2,327406.15,228213.01,99193.15,153359.2,2547651.28,-2601817.33,27283.85,0.0181,5928.73,0.0346,50,3.69,474,8.8,0.93,0.9944,0,20.7,0
2024-12,Online,Busan,Marketplace,A-Standard,VIP,17482,0.0246,430,542,0.02529,13,15,29943.35,449150.27,310764.64,138385.63,141181.66,1913071.27,-1915867.3,34550.02,0.0348,15615.88,0.0344,45,4.5,714,5.0,0.9015,0.9383,10,30.3,0
2024-12,Online,Busan,Marketplace,B-Pro,Mass,14341,0.02776,398,490,0.02873,14,20,47241.69,944833.86,617093.54,327740.32,174224.21,475735.07,-322218.95,67488.13,0.0316,29841.93,0.0435,44,4.91,1084,7.5,0.9522,0.8855,15,18.5,1
2024-12,Online,Busan,Marketplace,B-Pro,Affinity,13475,0.01407,189,227,0.02886,6,9,46915.64,422240.77,288883.53,133357.24,59826.35,2501909.3,-2428378.41,70373.46,0.0653,27579.71,0.0268,51,4.02,828,5.8,0.9337,0.9457,6,36.1,0
2024-12,Online,Busan,Marketplace,B-Pro,VIP,16409,0.02333,382,484,0.02336,11,13,47154.67,613010.77,393881.74,219129.03,145311.81,1137147.15,-1063329.93,55728.25,0.0361,22117.63,0.0061,23,4.34,836,5.6,0.9134,0.952,10,21.6,0
2024-12,Online,Busan,Marketplace,C-Ultra,Mass,16711,0.01899,317,356,0.03954,14,22,70746.81,1556429.79,913390.93,643038.86,134065.55,928072.94,-419099.63,111173.56,0.0734,114185.79,0.0378,21,3.93,661,10.5,0.983,0.8948,14,35.5,0
2024-12,Online,Busan,Marketplace,C-Ultra,Affinity,13689,0.03681,503,616,0.03071,18,22,71861.24,1580947.28,1006646.42,574300.86,150239.33,610356.3,-186294.78,87830.4,0.0331,52251.0,0.0379,44,4.64,234,10.4,0.9072,0.9,0,26.1,1
2024-12,Online,Busan,Marketplace,C-Ultra,VIP,12384,0.03708,459,515,0.0302,15,16,72478.25,1159652.04,705657.63,453994.41,232561.99,165169.61,56262.8,77310.14,0.0471,54666.3,0.0384,46,3.76,627,5.1,1.0,1.0,8,27.7,1
2024-12,Online,Busan,Marketplace,D-Home,Mass,14964,0.02344,350,386,0.02208,8,9,56132.22,505190.0,306611.47,198578.53,183683.54,339328.62,-324433.63,63148.75,0.0448,22627.79,0.0396,64,4.61,453,8.9,0.9442,0.8933,9,27.0,2
2024-12,Online,Busan,Marketplace,D-Home,Affinity,14718,0.01784,262,323,0.01328,4,8,55170.87,441366.95,295007.5,146359.45,138151.21,1006525.8,-998317.56,110341.74,0.0397,17502.16,0.0229,53,3.91,693,7.3,1.0,0.9037,16,40.9,0
2024-12,Online,Busan,Marketplace,D-Home,VIP,17176,0.02398,411,440,0.0279,12,20,55307.99,1106159.85,674011.5,432148.35,226803.91,3024792.09,-2819447.66,92179.99,0.0536,59278.09,0.0334,31,3.83,688,4.4,0.9678,0.9435,13,43.7,0
2024-12,Online,Busan,Marketplace,E-Office,Mass,11958,0.03125,373,481,0.02094,10,10,61198.88,611988.84,359143.26,252845.58,136714.02,1263306.39,-1147174.83,61198.88,0.0115,7062.17,0.0266,28,4.39,708,5.9,0.9324,0.8778,18,19.5,2
2024-12,Online,Busan,Marketplace,E-Office,Affinity,13047,0.01545,201,237,0.02021,4,4,60856.68,243426.71,155095.84,88330.86,105798.15,759473.42,-776940.71,60856.68,0.0194,4723.48,0.0488,26,4.0,338,8.5,0.9504,1.0,13,23.1,2
2024-12,Online,Busan,Marketplace,E-Office,VIP,14342,0.02885,413,533,0.03526,18,16,61063.52,977016.4,581105.98,395910.42,158140.5,485644.34,-247874.43,54278.69,0.0285,27838.42,0.0198,50,4.53,578,8.2,1.0,0.9658,0,25.0,0
2024-12,Online,Busan,Marketplace,F-Outdoor,Mass,15754,0.02517,396,451,0.02883,13,12,63729.24,764750.9,489046.28,275704.62,146173.02,2142272.45,-2012740.85,58826.99,0.0195,14917.9,0.0412,19,4.55,887,8.1,0.8955,0.9018,0,29.5,0
2024-12,Online,Busan,Marketplace,F-Outdoor,Affinity,14013,0.0207,290,385,0.02925,11,10,64315.17,643151.69,409992.09,233159.6,107286.82,2677878.68,-2552005.9,58468.34,0.0248,15968.63,0.0448,34,4.92,415,5.1,0.8873,0.9251,6,27.5,1
2024-12,Online,Busan,Marketplace,F-Outdoor,VIP,12477,0.02487,310,349,0.02746,9,12,62491.87,749902.46,435086.15,314816.31,110272.37,1329313.41,-1124769.47,83322.5,0.0372,27929.71,0.0439,42,3.87,789,5.2,0.9516,0.8333,11,26.8,0
2024-12,Online,Busan,App,A-Standard,Mass,10640,0.02592,275,291,0.02063,6,7,29441.14,206087.98,143651.27,62436.71,136140.73,2307106.65,-2380810.66,34348.0,0.0282,5803.05,0.0262,48,4.74,582,5.2,0.9831,0.8981,16,21.2,0
2024-12,Online,Busan,App,A-Standard,Affinity,11712,0.01796,210,266,0.01656,4,6,30652.96,183917.77,124124.71,59793.06,102782.6,2050125.62,-2093115.16,45979.44,0.0678,12461.99,0.0166,20,3.78,1006,5.6,0.9348,0.8829,7,22.6,1
2024-12,Online,Busan,App,A-Standard,VIP,15401,0.02502,385,491,0.03174,15,24,30803.55,739285.16,497841.58,241443.58,164462.99,465992.43,-389011.84,49285.68,0.0299,22069.06,0.0444,28,4.23,612,7.9,0.9582,0.8653,0,31.0,1
2024-12,Online,Busan,App,B-Pro,Mass,8688,0.02654,230,268,0.03319,8,7,44073.23,308512.62,197568.5,110944.13,140555.52,172692.06,-202303.45,38564.08,0.0359,11082.09,0.0341,58,3.83,591,4.2,0.925,0.9212,6,32.1,0
2024-12,Online,Busan,App,B-Pro,Affinity,11749,0.0163,191,214,0.02588,5,5,42955.67,214778.34,133777.99,81000.35,111385.94,498852.12,-529237.72,42955.67,0.0492,10569.95,0.0327,37,3.96,379,5.9,1.0,0.9141,7,47.6,1
2024-12,Online,Busan,App,B-Pro,VIP,13529,0.02357,318,405,0.02377,9,10,44152.0,441520.02,292605.62,148914.4,162741.25,1976671.91,-1990498.77,49057.78,0.0524,23153.82,0.0223,51,4.23,1079,5.9,0.948,0.9397,9,38.9,0
2024-12,Online,Busan,App,C-Ultra,Mass,7667,0.02227,170,184,0.02216,4,5,73179.45,365897.25,227382.48,138514.77,98404.0,1267102.8,-1226992.03,91474.31,0.0349,12772.91,0.0346,38,4.41,465,8.1,0.9835,0.8826,20,29.6,0
2024-12,Online,Busan,App,C-Ultra,Affinity,8990,0.02063,185,235,0.02816,6,4,67695.27,270781.07,173149.46,97631.62,108462.13,771071.84,-781902.35,45130.18,0.0183,4950.82,0.05,38,3.9,1030,4.4,0.9159,0.9702,10,22.4,1
2024-12,Online,Busan,App,C-Ultra,VIP,11721,0.02553,299,327,0.03177,10,17,68138.77,1158359.14,720320.06,438039.09,147060.71,330486.06,-39507.69,115835.91,0.013,15074.3,0.0322,37,4.64,291,7.9,0.9547,0.8899,5,28.5,2
2024-12,Online,Busan,App,D-Home,Mass,8280,0.0345,285,379,0.02003,7,10,55367.5,553675.04,338980.11,214694.93,150231.18,633352.89,-568889.14,79096.43,0.0391,21659.57,0.0324,56,4.54,225,10.3,0.999,0.9345,15,35.2,3
2024-12,Online,Busan,App,D-Home,Affinity,8268,0.02101,173,182,0.01969,3,3,53246.08,159738.25,107747.4,51990.84,94343.24,766780.83,-809133.23,53246.08,0.0494,7885.03,0.03,29,4.89,507,6.6,0.9391,0.8953,2,23.9,1
2024-12,Online,Busan,App,D-Home,VIP,11901,0.02658,316,352,0.03099,10,12,52529.56,630354.68,382095.56,248259.12,99868.78,2101694.1,-1953303.75,63035.47,0.0419,26383.54,0.0325,35,4.15,525,7.6,0.9534,0.9191,18,20.9,0
2024-12,Online,Busan,App,E-Office,Mass,15163,0.02446,370,449,0.02634,11,17,58400.84,992814.29,586586.82,406227.46,191182.01,1211752.27,-996706.81,90255.84,0.0013,1332.25,0.0381,50,4.45,1089,5.9,0.9666,0.9406,14,19.0,1
2024-12,Online,Busan,App,E-Office,Affinity,8724,0.02996,261,283,0.01692,4,3,61577.51,184732.53,120038.48,64694.05,119674.56,526061.82,-581042.33,46183.13,0.0242,4468.21,0.0214,24,4.0,705,9.8,0.9651,0.9704,10,34.8,2
2024-12,Online,Busan,App,E-Office,VIP,13353,0.03068,409,450,0.03502,15,17,62219.06,1057723.99,669738.35,387985.64,134589.35,2887413.0,-2634016.71,70514.93,0.0407,43008.58,0.0149,17,4.25,766,10.4,0.9979,0.9126,19,21.9,0
2024-12,Online,Busan,App,F-Outdoor,Mass,12215,0.02693,328,424,0.02843,12,11,67231.35,739544.83,473040.42,266504.4,124227.0,1596229.5,-1453952.1,61628.74,0.0088,6537.68,0.0223,47,4.45,965,8.4,0.9252,0.9309,15,26.4,0
2024-12,Online,Busan,App,F-Outdoor,Affinity,11302,0.02229,251,301,0.03238,9,10,62240.25,622402.51,403348.95,219053.56,132679.08,365632.05,-279257.57,69155.83,0.038,23672.34,0.0317,54,4.17,449,5.9,0.9826,0.9947,6,35.3,0
2024-12,Online,Busan,App,F-Outdoor,VIP,10417,0.02466,256,271,0.02576,6,5,67065.84,335329.22,211567.41,123761.82,142316.98,2783340.93,-2801896.09,55888.2,0.0443,14853.03,0.0265,60,4.38,219,7.8,0.9827,0.8983,13,27.4,1
2025-01,Retail,Seoul,Direct,A-Standard,Mass,11820,0.02805,331,387,0.0229,8,12,29319.53,351834.33,230228.62,121605.71,153618.21,2649348.81,-2681361.31,43979.29,0.0472,16616.67,0.0446,44,3.7,312,6.3,1.0,0.8588,17,33.0,2
2025-01,Retail,Seoul,Direct,A-Standard,Affinity,10506,0.0206,216,264,0.02422,6,6,30064.89,180389.37,124280.47,56108.9,102267.15,1945299.57,-1991457.82,30064.89,0.0142,2569.95,0.0385,49,3.72,403,8.4,0.9729,0.9972,20,30.3,4
2025-01,Retail,Seoul,Direct,A-Standard,VIP,8097,0.02272,183,208,0.03334,6,4,29993.08,119972.3,84174.66,35797.64,86860.75,2262986.55,-2314049.65,19995.38,0.0519,6221.59,0.0316,55,4.18,886,4.2,0.9577,0.8405,14,24.7,0
2025-01,Retail,Seoul,Direct,B-Pro,Mass,12227,0.01903,232,262,0.01479,3,2,45775.4,91550.79,62326.63,29224.16,101396.32,2449224.07,-2521396.22,30516.93,0.0623,5701.38,0.0476,52,4.55,720,4.4,0.9463,0.988,18,21.6,1
2025-01,Retail,Seoul,Direct,B-Pro,Affinity,10699,0.0237,253,292,0.0338,9,14,43490.85,608871.96,406074.81,202797.15,164445.25,2794008.08,-2755656.18,67652.44,0.0316,19263.59,0.0159,27,4.6,427,10.4,0.9997,0.9828,12,21.9,0
2025-01,Retail,Seoul,Direct,B-Pro,VIP,11928,0.02347,279,298,0.03815,11,17,43771.52,744115.84,489065.1,255050.74,101135.29,2201734.54,-2047819.08,67646.89,0.0374,27835.5,0.0328,55,3.79,623,5.3,1.0,1.0,14,26.0,1
2025-01,Retail,Seoul,Direct,C-Ultra,Mass,11988,0.01584,189,213,0.02339,4,3,70865.64,212596.92,122877.34,89719.58,85347.3,975791.43,-971419.15,53149.23,0.0537,11413.53,0.0482,48,3.88,495,5.8,0.939,0.8781,1,21.3,1
2025-01,Retail,Seoul,Direct,C-Ultra,Affinity,11280,0.0125,141,150,0.02827,4,4,68124.22,272496.87,173465.07,99031.8,78224.83,1784670.73,-1763863.77,68124.22,0.0671,18296.6,0.0219,35,4.44,525,8.4,0.9484,0.96,11,23.8,1
2025-01,Retail,Seoul,Direct,C-Ultra,VIP,10184,0.0309,314,379,0.01502,5,4,73433.11,293732.44,174136.47,119595.97,160723.93,341863.87,-382991.83,58746.49,0.0381,11189.73,0.0183,44,5.0,820,5.1,0.9576,0.8995,29,35.5,0
2025-01,Retail,Seoul,Direct,D-Home,Mass,13356,0.02573,343,452,0.03571,16,20,55736.02,1114720.32,693381.17,421339.16,162158.0,930998.85,-671817.69,69670.02,0.034,37948.89,0.0339,47,3.91,889,7.2,0.9708,0.9606,14,32.0,0
2025-01,Retail,Seoul,Direct,D-Home,Affinity,18709,0.02257,422,483,0.0237,11,8,57531.01,460248.04,288404.17,171843.88,192822.96,414532.68,-435511.77,41840.73,0.0393,18098.48,0.0111,47,3.36,709,5.2,0.9697,0.9406,25,37.4,0
2025-01,Retail,Seoul,Direct,D-Home,VIP,14160,0.02852,403,463,0.03664,16,23,55701.27,1281129.2,848800.02,432329.18,154090.35,2154967.83,-1876729.01,80070.57,0.0387,49639.89,0.0237,36,4.24,575,5.0,1.0,0.8615,8,18.2,1
2025-01,Retail,Seoul,Direct,E-Office,Mass,13319,0.01958,260,305,0.03673,11,21,58603.17,1230666.6,750793.6,479873.0,113006.27,2386256.71,-2019389.98,111878.78,0.0343,42172.0,0.0321,33,4.15,316,5.5,0.9221,0.8979,20,22.7,1
2025-01,Retail,Seoul,Direct,E-Office,Affinity,11460,0.0265,303,362,0.03394,12,17,62770.61,1067100.32,686740.38,380359.94,140227.68,1276531.0,-1036398.73,88925.03,0.0336,35887.0,0.0275,30,4.3,372,7.4,0.9443,1.0,22,34.1,1
2025-01,Retail,Seoul,Direct,E-Office,VIP,11179,0.02968,331,402,0.02917,11,12,60018.61,720223.34,461942.54,258280.8,88163.49,1520508.12,-1350390.81,65474.85,0.0523,37671.74,0.0415,35,4.02,265,10.5,0.955,0.9786,13,31.6,2
2025-01,Retail,Seoul,Direct,F-Outdoor,Mass,12139,0.03648,442,494,0.02919,14,26,63758.59,1657723.43,992536.17,665187.26,119253.18,2206250.11,-1660316.03,118408.82,0.0234,38726.29,0.0425,25,3.96,736,6.8,0.9964,0.937,23,27.0,0
2025-01,Retail,Seoul,Direct,F-Outdoor,Affinity,10146,0.02434,246,259,0.02125,5,6,62109.51,372657.07,221962.89,150694.17,104752.57,400974.9,-355033.29,74531.41,0.0479,17845.1,0.0345,32,4.48,220,9.0,0.9618,0.9728,16,30.2,0
2025-01,Retail,Seoul,Direct,F-Outdoor,VIP,11706,0.02531,296,343,0.03182,10,15,62290.02,934350.32,604007.58,330342.74,124490.17,1340739.71,-1134887.14,93435.03,0.0385,35951.32,0.0287,36,4.39,283,9.2,0.9782,0.9776,16,31.2,1
2025-01,Retail,Seoul,Partner,A-Standard,Mass,8622,0.02787,240,272,0.02395,6,4,30676.13,122704.51,82564.04,40140.48,128324.08,41319.72,-129503.33,20450.75,0.0608,7466.25,0.025,35,4.54,125,3.8,0.9737,0.986,15,21.7,3
2025-01,Retail,Seoul,Partner,A-Standard,Affinity,7612,0.02272,172,197,0.02279,4,6,29005.99,174035.95,117509.88,56526.07,75730.59,579038.74,-598243.26,43508.99,0.0466,8105.3,0.0267,20,4.37,274,6.1,0.9688,0.9163,6,27.4,1
2025-01,Retail,Seoul,Partner,A-Standard,VIP,12075,0.02806,338,364,0.02627,9,13,31071.76,403932.86,264071.36,139861.5,123281.78,638935.13,-622355.41,44881.43,0.0479,19364.1,0.0131,49,4.4,652,7.0,0.9927,0.9685,9,45.5,0
2025-01,Retail,Seoul,Partner,B-Pro,Mass,10021,0.03111,311,355,0.02625,9,12,44565.61,534787.3,334284.99,200502.31,168327.25,1485847.15,-1453672.09,59420.81,0.0188,10061.3,0.0585,20,3.72,321,5.9,0.9492,0.8915,6,12.7,1
2025-01,Retail,Seoul,Partner,B-Pro,Affinity,10523,0.03196,336,358,0.02026,7,8,44847.05,358776.36,236509.33,122267.03,98293.04,50307.07,-26333.08,51253.77,0.0256,9187.01,0.0142,59,4.45,585,8.7,0.9468,0.965,10,28.7,1
2025-01,Retail,Seoul,Partner,B-Pro,VIP,10472,0.02719,284,327,0.02326,7,10,44236.74,442367.38,288953.32,153414.07,171040.41,2675600.51,-2693226.85,63195.34,0.0341,15095.65,0.0468,39,4.58,911,10.0,0.9347,0.8557,8,23.5,2
2025-01,Retail,Seoul,Partner,C-Ultra,Mass,9880,0.02214,218,269,0.03478,9,14,67915.97,950823.53,577717.67,373105.87,126619.61,2391809.97,-2145323.71,105647.06,0.0443,42160.56,0.0418,44,4.74,504,5.9,1.0,0.9622,14,22.2,2
2025-01,Retail,Seoul,Partner,C-Ultra,Affinity,18009,0.02516,453,551,0.0296,16,16,68892.69,1102283.06,652495.24,449787.82,204649.02,1785576.69,-1540437.89,68892.69,0.0513,56501.13,0.0538,28,4.37,360,7.5,1.0,0.9433,13,23.1,0
2025-01,Retail,Seoul,Partner,C-Ultra,VIP,10799,0.02927,316,338,0.0294,9,5,69050.67,345253.33,194175.65,151077.67,129633.69,1749010.35,-1727566.36,38361.48,0.0342,11796.68,0.0306,23,4.3,571,7.9,0.9263,0.9585,10,25.4,2
2025-01,Retail,Seoul,Partner,D-Home,Mass,9558,0.02971,284,314,0.01876,5,5,57541.81,287709.06,178642.42,109066.64,137500.05,171697.66,-200131.08,57541.81,0.0168,4845.07,0.045,50,4.68,978,9.0,0.9316,0.9099,10,25.0,0
2025-01,Retail,Seoul,Partner,D-Home,Affinity,7815,0.02292,179,238,0.02931,6,8,53596.11,428768.86,264912.67,163856.19,93516.03,2245527.14,-2175186.98,71461.48,0.0201,8605.77,0.0396,35,4.85,417,4.8,0.9516,0.9731,23,29.3,0
2025-01,Retail,Seoul,Partner,D-Home,VIP,13135,0.03438,451,599,0.04677,28,21,52330.06,1098931.25,670204.59,428726.66,215076.18,205255.67,8394.81,39247.54,0.0334,36758.41,0.0348,42,4.36,283,7.4,0.985,0.9482,9,38.2,2
2025-01,Retail,Seoul,Partner,E-Office,Mass,11881,0.01885,223,270,0.01797,4,6,61501.62,369009.7,225395.61,143614.09,122598.65,2292591.74,-2271576.3,92252.43,0.0471,17362.47,0.0291,53,4.57,455,7.6,1.0,0.9115,14,12.9,0
2025-01,Retail,Seoul,Partner,E-Office,Affinity,9228,0.02506,231,261,0.02154,5,6,62105.75,372634.47,232188.35,140446.12,130957.45,1051909.56,-1042420.9,74526.89,0.0462,17206.24,0.0214,60,3.9,404,6.7,0.9579,0.934,5,35.5,0
2025-01,Retail,Seoul,Partner,E-Office,VIP,11808,0.02522,297,388,0.02241,8,10,58789.77,587897.74,366021.89,221875.85,138739.18,438096.55,-354959.88,73487.22,0.0209,12293.99,0.0202,27,3.7,758,6.5,0.9688,0.836,8,33.8,0
2025-01,Retail,Seoul,Partner,F-Outdoor,Mass,8632,0.01619,139,146,0.02194,3,2,65051.55,130103.1,79322.38,50780.72,49278.01,1709535.2,-1708032.48,43367.7,0.0663,8626.08,0.0325,37,4.36,548,8.9,0.9566,0.9042,7,15.1,0
2025-01,Retail,Seoul,Partner,F-Outdoor,Affinity,8142,0.03171,258,313,0.02375,7,8,63724.2,509793.6,307733.22,202060.38,106541.6,514901.72,-419382.94,72827.66,0.039,19903.38,0.0199,46,4.1,783,6.4,0.9923,0.9698,24,22.0,0
2025-01,Retail,Seoul,Partner,F-Outdoor,VIP,8524,0.02175,185,219,0.0235,5,7,64202.02,449414.15,265975.34,183438.81,57280.59,116256.77,9901.45,89882.83,0.0145,6507.79,0.02,46,5.0,393,6.2,0.9699,0.9555,12,37.9,1
2025-01,Retail,Seoul,Marketplace,A-Standard,Mass,21221,0.00971,206,245,0.02438,5,3,30046.22,90138.65,62734.15,27404.5,151125.61,2087687.55,-2211408.66,18027.73,0.0092,828.65,0.0299,36,4.15,478,10.0,1.0,0.9841,13,29.2,1
2025-01,Retail,Seoul,Marketplace,A-Standard,Affinity,14670,0.02943,431,497,0.02388,11,15,31238.41,468576.09,330218.61,138357.49,176840.65,810187.01,-848670.18,42597.83,0.0349,16346.72,0.032,42,4.55,634,10.2,0.9785,0.9266,8,27.2,0
2025-01,Retail,Seoul,Marketplace,A-Standard,VIP,12401,0.02409,298,392,0.04111,16,22,31346.48,689622.47,467504.3,222118.17,116538.79,203853.38,-98274.0,43101.4,0.0346,23893.27,0.0449,55,4.61,453,6.4,0.9529,0.9312,14,26.2,0
2025-01,Retail,Seoul,Marketplace,B-Pro,Mass,15816,0.01679,265,312,0.02933,9,7,43127.07,301889.48,186468.23,115421.24,145194.04,2424523.05,-2454295.84,33543.28,0.0277,8362.37,0.0288,53,4.0,791,10.1,0.9116,1.0,17,46.2,2
2025-01,Retail,Seoul,Marketplace,B-Pro,Affinity,14734,0.02745,404,453,0.02455,11,6,45679.05,274074.28,183665.2,90409.08,146780.0,2068128.29,-2124499.21,24915.84,0.0387,10594.32,0.0252,44,3.76,23,4.4,0.9725,0.9556,18,29.0,0
2025-01,Retail,Seoul,Marketplace,B-Pro,VIP,19692,0.02509,493,582,0.02788,16,26,44339.43,1152825.12,756292.73,396532.39,224199.41,2518027.22,-2345694.24,72051.57,0.0467,53780.25,0.0224,20,4.45,829,9.5,0.9726,0.8823,22,35.1,1
2025-01,Retail,Seoul,Marketplace,C-Ultra,Mass,13339,0.02695,359,466,0.02155,10,10,68184.3,681842.96,391546.05,290296.9,204053.37,2205654.96,-2119411.43,68184.3,0.0183,12462.62,0.0358,51,4.49,361,8.1,0.9667,0.9304,8,39.1,0
2025-01,Retail,Seoul,Marketplace,C-Ultra,Affinity,15129,0.02246,339,399,0.02235,8,10,66967.71,669677.13,422358.91,247318.22,122025.35,742473.95,-617181.08,83709.64,0.0309,20724.31,0.0231,46,3.97,912,9.1,1.0,0.9351,0,17.8,2
2025-01,Retail,Seoul,Marketplace,C-Ultra,VIP,14771,0.02578,380,456,0.03432,15,20,72116.62,1442332.39,867519.97,574812.42,135645.86,1960232.82,-1521066.26,96155.49,0.0181,26085.86,0.0313,36,4.15,619,9.9,0.9626,0.9239,19,16.6,0
2025-01,Retail,Seoul,Marketplace,D-Home,Mass,12974,0.02184,283,325,0.02321,7,6,56854.0,341123.99,220169.3,120954.69,113611.89,1571894.97,-1564552.16,48732.0,0.0467,15929.88,0.0522,38,3.86,596,6.0,0.9478,0.9775,14,24.1,0
2025-01,Retail,Seoul,Marketplace,D-Home,Affinity,18209,0.02856,520,582,0.02563,14,25,53410.44,1335260.91,808796.59,526464.32,202009.77,2164228.69,-1839774.14,95375.78,0.022,29431.62,0.0444,41,4.1,847,8.6,0.9906,0.9037,17,29.7,0
2025-01,Retail,Seoul,Marketplace,D-Home,VIP,13424,0.02921,392,444,0.03297,14,22,54427.05,1197395.03,742157.89,455237.14,237833.32,452908.51,-235504.69,85528.22,0.0198,23716.68,0.0355,50,4.28,773,7.9,0.9682,1.0,12,30.8,0
2025-01,Retail,Seoul,Marketplace,E-Office,Mass,16781,0.0283,474,604,0.01434,8,6,58293.93,349763.59,206408.44,143355.15,177788.82,1374727.88,-1409161.54,43720.45,0.0262,9153.14,0.0374,27,4.91,490,9.2,1.0,0.9082,11,33.0,1
2025-01,Retail,Seoul,Marketplace,E-Office,Affinity,15709,0.0295,463,573,0.02399,13,20,61376.01,1227520.3,722109.5,505410.8,234257.0,1599685.67,-1328531.88,94424.64,0.0333,40894.65,0.0404,64,3.98,532,5.8,0.9278,0.9739,5,35.7,0
2025-01,Retail,Seoul,Marketplace,E-Office,VIP,10574,0.01649,174,203,0.01966,3,4,60989.87,243959.47,160222.78,83736.7,83266.32,2608139.56,-2607669.19,81319.82,0.0414,10098.25,0.0345,50,4.26,242,9.7,0.9375,0.9229,19,21.5,0
2025-01,Retail,Seoul,Marketplace,F-Outdoor,Mass,16432,0.03619,594,667,0.02856,19,12,62688.34,752260.07,481191.27,271068.8,152159.22,1672147.94,-1553238.36,39592.64,0.0322,24259.76,0.0319,64,4.57,442,5.8,0.9348,0.9573,7,22.1,0
2025-01,Retail,Seoul,Marketplace,F-Outdoor,Affinity,13998,0.02281,319,419,0.02058,8,12,63760.29,765123.43,474189.33,290934.1,133816.22,876306.29,-719188.42,95640.43,0.0166,12697.54,0.0202,34,4.43,438,3.9,0.9561,0.8918,6,23.7,2
2025-01,Retail,Seoul,Marketplace,F-Outdoor,VIP,17436,0.02468,430,477,0.02982,14,15,64882.52,973237.84,573605.5,399632.34,148023.91,2218329.27,-1966720.84,69516.99,0.0195,18937.84,0.0229,36,3.74,693,6.8,0.9412,0.937,25,21.4,1
2025-01,Retail,Seoul,App,A-Standard,Mass,9641,0.02059,198,228,0.02317,5,6,29355.97,176135.84,115023.09,61112.75,65487.42,1385091.92,-1389466.59,35227.17,0.0409,7210.87,0.0303,54,5.0,388,6.5,1.0,0.9152,7,24.0,0
2025-01,Retail,Seoul,App,A-Standard,Affinity,10382,0.02629,272,315,0.03209,10,16,28866.96,461871.37,322513.21,139358.16,91186.59,91830.71,-43659.14,46187.14,0.0117,5412.2,0.04,23,4.35,514,8.8,0.9672,0.9547,11,55.1,1
2025-01,Retail,Seoul,App,A-Standard,VIP,9796,0.02549,249,303,0.01986,6,7,30292.82,212049.74,140630.17,71419.57,107435.01,515727.02,-551742.46,35341.62,0.0271,5748.35,0.0125,40,4.35,558,9.1,0.918,0.9213,11,24.3,2
2025-01,Retail,Seoul,App,B-Pro,Mass,12391,0.02832,350,418,0.01981,8,9,45112.82,406015.41,253365.45,152649.96,152892.2,192951.46,-193193.7,50751.93,0.0302,12245.8,0.0374,36,4.85,884,6.6,0.9145,0.993,24,23.1,0
2025-01,Retail,Seoul,App,B-Pro,Affinity,10699,0.01951,208,237,0.01812,4,4,46484.02,185936.07,123701.29,62234.79,98124.04,56600.89,-92490.14,46484.02,0.0417,7761.31,0.0282,32,4.51,45,7.6,0.9262,0.9405,17,18.0,4
2025-01,Retail,Seoul,App,B-Pro,VIP,13922,0.02577,358,469,0.02898,13,15,44841.39,672620.88,451520.46,221100.41,145284.06,772548.11,-696731.76,51740.07,0.0455,30618.69,0.0252,55,4.76,757,3.9,0.9557,0.9453,10,29.8,1
2025-01,Retail,Seoul,App,C-Ultra,Mass,10004,0.02974,297,354,0.02026,7,7,73193.61,512355.28,287763.9,224591.38,109559.65,1938324.05,-1823292.32,73193.61,0.0376,19252.17,0.0483,51,4.49,380,2.7,0.9677,1.0,16,33.7,0
2025-01,Retail,Seoul,App,C-Ultra,Affinity,10682,0.01887,201,223,0.02591,5,4,66772.78,267091.13,161149.24,105941.89,124570.81,2769904.18,-2788533.11,53418.23,0.0255,6800.63,0.0265,52,3.92,760,4.7,0.9339,0.9775,18,44.6,0
2025-01,Retail,Seoul,App,C-Ultra,VIP,13598,0.02196,298,338,0.0265,8,7,67230.65,470614.55,298613.82,172000.73,148847.8,1810848.02,-1787695.1,58826.82,0.0357,16782.57,0.0215,30,4.5,633,10.3,0.9663,0.9821,3,21.6,0
2025-01,Retail,Seoul,App,D-Home,Mass,11589,0.02178,252,310,0.0307,9,13,54431.01,707603.15,466466.7,241136.45,136327.22,113997.68,-9188.44,78622.57,0.0465,32897.08,0.044,48,4.16,241,8.2,0.9113,0.9369,19,17.7,1
2025-01,Retail,Seoul,App,D-Home,Affinity,12823,0.02788,357,399,0.03837,15,30,54722.25,1641667.39,1085208.67,556458.72,194001.26,2837825.51,-2475368.06,109444.49,0.009,14856.78,0.0321,39,4.04,830,5.3,0.9771,0.9271,12,21.5,0
2025-01,Retail,Seoul,App,D-Home,VIP,9118,0.02875,262,284,0.03125,8,10,54831.42,548314.18,343195.19,205118.99,125525.86,1055376.49,-975783.36,68539.27,0.043,23551.68,0.0165,47,4.24,587,5.4,0.9308,0.9046,17,37.0,0
2025-01,Retail,Seoul,App,E-Office,Mass,9717,0.02817,273,337,0.01286,4,6,58356.26,350137.58,215447.41,134690.17,115283.17,493006.96,-473599.96,87534.4,0.0525,18398.31,0.0472,26,4.43,468,7.6,0.9482,0.9544,10,34.7,0
2025-01,Retail,Seoul,App,E-Office,Affinity,12692,0.02976,377,502,0.0258,12,22,58174.57,1279840.64,804182.85,475657.79,190850.69,337517.94,-52710.85,106653.39,0.0411,52597.67,0.0191,55,3.91,639,5.2,0.9606,0.8901,11,18.6,0
2025-01,Retail,Seoul,App,E-Office,VIP,10144,0.03053,309,351,0.02172,7,12,57549.41,690592.87,452557.48,238035.39,78709.41,602753.59,-443427.6,98656.12,0.0259,17919.0,0.0357,51,4.43,172,3.6,0.9635,0.9335,14,32.2,0
2025-01,Retail,Seoul,App,F-Outdoor,Mass,14441,0.01838,265,318,0.01437,4,6,64397.75,386386.48,236482.23,149904.25,119282.3,2025028.2,-1994406.25,96596.62,0.0363,14011.29,0.0482,48,4.24,398,8.1,0.9489,0.9488,18,24.2,0
2025-01,Retail,Seoul,App,F-Outdoor,Affinity,14739,0.026,383,478,0.01544,7,9,67509.18,607582.6,392998.63,214583.96,196611.06,2930307.95,-2912335.05,86797.51,0.0242,14720.29,0.0352,34,4.02,240,10.2,1.0,0.9686,13,33.6,0
2025-01,Retail,Seoul,App,F-Outdoor,VIP,10123,0.03085,312,357,0.03218,11,16,64865.22,1037843.57,656517.53,381326.04,135236.4,1930989.72,-1684900.08,94349.42,0.0258,26750.43,0.035,52,4.16,816,8.0,1.0,0.8381,10,26.7,2
2025-01,Retail,Busan,Direct,A-Standard,Mass,8648,0.02998,259,338,0.02143,7,10,30314.07,303140.65,204754.95,98385.7,95946.41,136861.74,-134422.44,43305.81,0.011,3326.96,0.0292,39,3.8,374,6.8,0.9338,0.9236,1,27.1,0
2025-01,Retail,Busan,Direct,A-Standard,Affinity,9241,0.02481,229,253,0.02599,6,11,29231.54,321546.93,217084.09,104462.84,67066.45,188632.66,-151236.27,53591.16,0.0602,19354.06,0.0339,46,3.99,708,3.8,0.9581,0.9235,15,21.0,1
2025-01,Retail,Busan,Direct,A-Standard,VIP,9992,0.04188,418,463,0.03716,17,34,30969.34,1052957.54,743523.24,309434.3,170879.59,1502847.12,-1364292.41,61938.68,0.0397,41759.52,0.0387,28,4.35,71,7.8,0.9867,0.8777,12,38.4,0
2025-01,Retail,Busan,Direct,B-Pro,Mass,7278,0.02213,161,173,0.01829,3,2,46701.85,93403.7,60438.24,32965.46,58813.71,1378266.81,-1404115.06,31134.57,0.0412,3849.92,0.0217,76,4.13,428,7.9,0.9386,0.8669,19,35.5,3
2025-01,Retail,Busan,Direct,B-Pro,Affinity,11629,0.02373,275,362,0.02532,9,11,44205.98,486265.8,303798.48,182467.33,75489.23,2439401.87,-2332423.77,54029.53,0.0347,16862.86,0.0287,59,4.23,218,8.3,0.9979,0.9542,12,16.9,1
2025-01,Retail,Busan,Direct,B-Pro,VIP,7727,0.02636,203,222,0.03644,8,10,44164.03,441640.27,279742.84,161897.42,102306.08,2135453.35,-2075862.01,55205.03,0.0339,14978.18,0.0223,23,4.73,510,5.0,0.9455,0.9837,12,41.1,0
2025-01,Retail,Busan,Direct,C-Ultra,Mass,9624,0.02355,226,287,0.02708,7,10,71431.55,714315.53,435755.69,278559.84,89437.27,1181004.04,-991881.47,102045.08,0.0373,26673.37,0.0435,55,4.39,553,10.1,0.9911,0.9222,22,37.1,2
2025-01,Retail,Busan,Direct,C-Ultra,Affinity,7131,0.02329,166,184,0.03313,6,7,69199.7,484397.89,285628.67,198769.22,69149.89,217552.27,-87932.94,80732.98,0.0211,10216.34,0.0357,40,4.07,710,7.2,0.9472,0.8679,1,34.3,0
2025-01,Retail,Busan,Direct,C-Ultra,VIP,9168,0.03184,291,377,0.02308,8,8,71443.28,571546.27,358132.27,213414.0,129803.08,97015.15,-13404.23,71443.28,0.0816,46612.09,0.0214,50,4.47,399,6.9,0.9237,0.9374,20,24.6,2
2025-01,Retail,Busan,Direct,D-Home,Mass,9177,0.02062,189,210,0.0378,7,13,53981.09,701754.13,467837.06,233917.06,104562.74,2154930.81,-2025576.48,100250.59,0.032,22429.96,0.022,33,4.41,276,8.1,0.9508,0.9234,10,33.9,0
2025-01,Retail,Busan,Direct,D-Home,Affinity,11228,0.01998,224,246,0.02079,5,8,54168.26,433346.05,280376.3,152969.75,92325.32,1473867.46,-1413223.02,86669.21,0.0204,8841.14,0.022,16,4.16,792,8.3,0.985,0.9635,10,31.4,0
2025-01,Retail,Busan,Direct,D-Home,VIP,10617,0.02885,306,338,0.02535,8,12,56758.12,681097.45,425817.42,255280.04,165988.53,184676.95,-95385.45,85137.18,0.015,10195.05,0.0288,61,3.66,452,6.0,0.9465,0.9372,7,19.1,0
2025-01,Retail,Busan,Direct,E-Office,Mass,10925,0.01886,206,260,0.02262,5,4,58067.57,232270.29,148081.05,84189.24,85949.56,2237998.34,-2239758.66,46454.06,0.0697,16197.65,0.0379,24,4.26,416,5.3,0.9933,0.9334,14,34.9,3
2025-01,Retail,Busan,Direct,E-Office,Affinity,10118,0.02846,287,340,0.03386,11,18,59015.0,1062269.95,686854.52,375415.42,70132.41,1310095.1,-1004812.09,96570.0,0.0478,50749.71,0.0239,32,4.24,525,4.6,0.9912,0.9816,14,40.8,0
2025-01,Retail,Busan,Direct,E-Office,VIP,7889,0.02023,159,170,0.02534,4,5,57477.97,287389.85,184105.43,103284.43,89864.51,2025389.86,-2011969.93,71847.46,0.0297,8532.52,0.032,40,4.15,968,6.6,0.9873,0.8822,9,26.8,0
2025-01,Retail,Busan,Direct,F-Outdoor,Mass,10315,0.01575,162,208,0.02781,5,7,64210.31,449472.19,262042.16,187430.03,92151.42,1492475.24,-1397196.62,89894.44,0.03,13493.26,0.0324,49,4.19,613,8.4,0.9679,0.9467,6,35.4,1
2025-01,Retail,Busan,Direct,F-Outdoor,Affinity,7644,0.02108,161,196,0.02141,4,6,65351.54,392109.27,236615.03,155494.24,75244.63,2169703.57,-2089453.97,98027.32,0.0606,23776.86,0.0297,42,4.97,754,7.8,0.9313,0.9959,18,22.9,0
2025-01,Retail,Busan,Direct,F-Outdoor,VIP,7327,0.02487,182,233,0.02649,6,7,67108.9,469762.33,293068.38,176693.95,89007.72,1898872.48,-1811186.25,78293.72,0.0255,11955.77,0.0363,32,3.95,846,8.9,0.9754,0.8994,5,21.9,0
2025-01,Retail,Busan,Partner,A-Standard,Mass,7284,0.01899,138,170,0.01896,3,5,29027.86,145139.3,102826.69,42312.6,43435.11,80803.57,-81926.07,48379.77,0.0499,7239.83,0.0326,23,4.64,256,6.3,0.9252,0.9406,6,30.2,0
2025-01,Retail,Busan,Partner,A-Standard,Affinity,8191,0.01857,152,174,0.03246,5,6,29847.25,179083.48,123676.36,55407.12,74546.31,890951.61,-910090.8,35816.7,0.0421,7547.34,0.0392,39,3.76,386,10.4,0.9858,0.8431,27,27.0,0
2025-01,Retail,Busan,Partner,A-Standard,VIP,7974,0.02623,209,222,0.02706,6,6,31103.25,186619.48,121789.5,64829.97,111133.47,1634285.98,-1680589.48,31103.25,0.0207,3857.09,0.0282,54,4.51,438,7.5,0.9522,0.9472,22,26.6,0
2025-01,Retail,Busan,Partner,B-Pro,Mass,8314,0.02625,218,272,0.01506,4,5,46541.64,232708.22,152366.84,80341.37,94177.75,1246281.98,-1260118.36,58177.05,0.0367,8548.35,0.037,57,3.69,541,8.3,0.9648,0.9689,9,34.8,1
2025-01,Retail,Busan,Partner,B-Pro,Affinity,7863,0.02244,176,223,0.02431,5,8,46130.54,369044.34,228630.6,140413.74,96554.89,1226511.97,-1182653.11,73808.87,0.002,725.21,0.0334,64,4.25,517,6.0,0.9517,0.9033,11,16.7,1
2025-01,Retail,Busan,Partner,B-Pro,VIP,7191,0.01729,124,136,0.01857,2,3,45500.29,136500.87,84856.4,51644.47,59868.31,1616902.08,-1625125.93,68250.44,0.037,5051.42,0.0354,38,4.52,730,3.9,0.9349,0.9388,21,33.3,2
2025-01,Retail,Busan,Partner,C-Ultra,Mass,6718,0.03501,235,266,0.02108,5,8,71882.79,575062.35,330789.73,244272.61,51497.37,1198856.98,-1006081.74,115012.47,0.0239,13745.84,0.041,58,4.39,483,4.9,0.9384,0.9604,12,23.3,0
2025-01,Retail,Busan,Partner,C-Ultra,Affinity,8410,0.01674,140,155,0.0221,3,3,71585.49,214756.48,136169.4,78587.08,55682.0,2255138.28,-2232233.19,71585.49,0.0279,5981.94,0.0471,64,4.31,505,3.4,0.9028,1.0,24,28.2,3
2025-01,Retail,Busan,Partner,C-Ultra,VIP,9054,0.01782,161,207,0.03748,7,4,70382.3,281529.22,174781.03,106748.19,94659.95,812872.63,-800784.4,40218.46,0.0421,11855.54,0.0279,16,4.18,653,5.9,1.0,0.8514,20,30.4,0
2025-01,Retail,Busan,Partner,D-Home,Mass,8756,0.028,245,271,0.02455,6,8,52473.3,419786.4,257746.53,162039.87,82881.34,1927339.83,-1848181.31,69964.4,0.0348,14589.12,0.0383,31,4.29,763,9.8,0.9458,0.8952,15,25.9,1
2025-01,Retail,Busan,Partner,D-Home,Affinity,8094,0.0262,212,225,0.02614,5,8,54002.06,432016.47,263389.22,168627.25,112189.5,2906777.31,-2850339.55,86403.29,0.0433,18727.07,0.0274,50,4.45,561,7.7,0.9948,0.8893,7,36.1,0
2025-01,Retail,Busan,Partner,D-Home,VIP,8646,0.01861,160,175,0.03268,5,5,57502.02,287510.12,190053.82,97456.3,63943.53,2936970.34,-2903457.57,57502.02,0.035,10072.52,0.0232,38,4.9,430,5.7,0.9825,0.9148,12,17.9,0
2025-01,Retail,Busan,Partner,E-Office,Mass,7145,0.01973,140,160,0.02552,4,6,57603.54,345621.22,223202.79,122418.43,94208.55,1173490.59,-1145280.71,86405.3,0.0239,8270.85,0.0317,42,4.34,547,8.9,0.981,0.8721,12,29.5,0
2025-01,Retail,Busan,Partner,E-Office,Affinity,7219,0.02252,162,200,0.018,3,2,58176.77,116353.54,73141.9,43211.63,75886.02,2916223.33,-2948897.72,38784.51,0.0292,3395.68,0.0378,32,4.34,768,7.6,0.918,0.9073,15,26.1,0
2025-01,Retail,Busan,Partner,E-Office,VIP,7509,0.02883,216,232,0.03068,7,11,61251.29,673764.24,442278.8,231485.45,122038.17,2530072.38,-2420625.1,96252.03,0.0262,17635.66,0.026,34,3.76,585,2.5,0.9524,0.9187,2,31.1,0
2025-01,Retail,Busan,Partner,F-Outdoor,Mass,7543,0.02429,183,196,0.02778,5,7,65963.88,461747.18,299560.63,162186.55,92355.69,77419.12,-7588.26,92349.44,0.0483,22300.46,0.0408,54,4.57,523,7.4,0.9792,0.9665,18,41.8,0
2025-01,Retail,Busan,Partner,F-Outdoor,Affinity,8592,0.0293,251,326,0.02971,9,12,61780.62,741367.48,460394.66,280972.81,119402.77,2005130.34,-1843560.29,82374.16,0.0365,27025.03,0.0284,48,4.06,0,5.9,0.9197,0.8954,8,25.0,2
2025-01,Retail,Busan,Partner,F-Outdoor,VIP,9200,0.02971,273,306,0.0151,4,2,62662.89,125325.78,80725.66,44600.12,118455.51,1538390.92,-1612246.31,31331.44,0.0489,6133.16,0.0415,50,4.29,633,5.5,1.0,0.9264,11,30.2,0
2025-01,Retail,Busan,Marketplace,A-Standard,Mass,11291,0.02798,315,410,0.01599,6,9,28994.71,260952.38,180558.33,80394.05,165462.52,1016521.83,-1101590.3,43492.06,0.0363,9477.71,0.038,59,4.33,704,7.3,1.0,0.9313,15,21.0,0
2025-01,Retail,Busan,Marketplace,A-Standard,Affinity,14684,0.02329,342,383,0.03053,11,15,31033.96,465509.33,303066.96,162442.38,214404.76,2859363.09,-2911325.47,42319.03,0.0465,21638.38,0.0405,44,4.15,434,6.6,0.9709,0.9734,9,13.0,0
2025-01,Retail,Busan,Marketplace,A-Standard,VIP,11937,0.02084,248,268,0.02766,7,7,30806.34,215644.38,153002.84,62641.54,109767.12,1934857.29,-1981982.87,30806.34,0.0232,5005.13,0.0249,29,3.96,710,6.2,1.0,0.9526,0,30.8,1
2025-01,Retail,Busan,Marketplace,B-Pro,Mass,11400,0.00957,109,122,0.02435,2,3,45909.43,137728.28,92432.88,45295.4,51838.97,2604807.91,-2611351.48,68864.14,0.0106,1466.19,0.044,61,3.9,496,6.3,0.977,0.9438,14,23.9,5
2025-01,Retail,Busan,Marketplace,B-Pro,Affinity,10133,0.02557,259,328,0.02654,8,10,45771.55,457715.45,302593.48,155121.97,159365.28,2474802.43,-2479045.74,57214.43,0.0522,23883.07,0.008,48,3.82,146,4.1,0.8958,0.9924,10,20.4,1
2025-01,Retail,Busan,Marketplace,B-Pro,VIP,9936,0.02901,288,366,0.03396,12,14,45641.31,638978.41,396026.32,242952.08,134902.29,1390855.18,-1282805.39,53248.2,0.026,16596.35,0.021,26,4.44,818,8.0,0.9794,0.8874,3,27.3,2
2025-01,Retail,Busan,Marketplace,C-Ultra,Mass,12441,0.03189,396,433,0.02194,9,11,67006.14,737067.54,446492.76,290574.77,104239.25,759831.99,-573496.46,81896.39,0.06,44216.49,0.0437,40,4.7,565,6.0,0.9903,0.925,12,15.1,1
2025-01,Retail,Busan,Marketplace,C-Ultra,Affinity,11218,0.02579,289,305,0.03388,10,12,70412.33,844947.96,511014.31,333933.65,163377.25,200498.81,-29942.4,84494.8,0.0659,55679.59,0.021,40,4.2,440,5.9,0.9738,0.9353,18,35.4,0
2025-01,Retail,Busan,Marketplace,C-Ultra,VIP,10671,0.03666,391,467,0.03243,15,23,69365.77,1595412.66,941260.8,654151.85,204926.45,2128052.28,-1678826.88,106360.84,0.0379,60407.29,0.0192,31,4.09,569,9.3,0.9268,0.8836,7,26.4,0
2025-01,Retail,Busan,Marketplace,D-Home,Mass,14979,0.01989,297,316,0.01869,5,6,55528.01,333168.06,220101.73,113066.33,161730.67,775047.04,-823711.38,66633.61,0.0335,11154.21,0.0495,45,4.28,497,7.5,0.9913,0.9379,13,24.6,1
2025-01,Retail,Busan,Marketplace,D-Home,Affinity,13308,0.02896,385,444,0.03177,14,13,56433.0,733628.98,451717.41,281911.57,123708.33,96447.49,61755.76,52402.07,0.0224,16420.01,0.0381,48,3.86,491,7.4,0.9914,0.9002,3,26.5,0
2025-01,Retail,Busan,Marketplace,D-Home,VIP,10371,0.02883,298,363,0.01957,7,6,53893.09,323358.55,197402.39,125956.16,140681.97,1092232.48,-1106958.29,46194.08,0.0367,11866.43,0.0377,31,4.44,849,7.9,1.0,0.9561,19,32.9,0
2025-01,Retail,Busan,Marketplace,E-Office,Mass,10359,0.01717,177,212,0.02626,5,8,58987.53,471900.24,304745.09,167155.15,111919.59,2806343.05,-2751107.5,94380.05,0.0737,34801.48,0.0233,48,4.36,828,7.1,0.9696,1.0,12,27.8,0
2025-01,Retail,Busan,Marketplace,E-Office,Affinity,9452,0.02634,248,282,0.02639,7,9,60109.69,540987.21,331908.83,209078.38,100401.0,2384152.66,-2275475.27,77283.89,0.0225,12178.54,0.0265,51,4.24,784,9.7,0.9515,0.995,3,27.2,0
2025-01,Retail,Busan,Marketplace,E-Office,VIP,11117,0.02784,309,383,0.03728,14,16,62393.89,998302.25,596728.64,401573.6,128148.42,512541.29,-239116.11,71307.3,0.0584,58347.09,0.0389,53,4.35,757,7.3,0.9483,0.8456,15,19.5,0
2025-01,Retail,Busan,Marketplace,F-Outdoor,Mass,12300,0.02978,366,410,0.01695,6,9,67658.4,608925.64,353290.48,255635.15,172320.64,754930.95,-671616.44,101487.61,0.0285,17345.81,0.042,25,4.39,80,7.3,0.9259,0.9989,10,21.3,0
2025-01,Retail,Busan,Marketplace,F-Outdoor,Affinity,10250,0.03844,394,523,0.01881,9,13,65336.42,849373.4,529376.93,319996.47,131759.79,794944.79,-606708.11,94374.82,0.0457,38849.83,0.043,41,4.12,809,6.0,0.9675,0.9791,10,25.3,1
2025-01,Retail,Busan,Marketplace,F-Outdoor,VIP,13471,0.02823,380,411,0.03751,15,14,64681.44,905540.13,536404.74,369135.39,153321.09,1633165.76,-1417351.47,60369.34,0.0358,32424.11,0.0455,46,4.06,268,8.6,0.986,0.9765,3,25.2,1
2025-01,Retail,Busan,App,A-Standard,Mass,8130,0.01979,160,185,0.0279,5,7,30802.25,215615.73,142874.61,72741.12,101445.18,847665.46,-876369.52,43123.15,0.0173,3733.67,0.0238,29,4.23,554,9.9,0.9554,0.9335,12,36.9,0
2025-01,Retail,Busan,App,A-Standard,Affinity,8975,0.02251,202,236,0.00941,2,2,28727.83,57455.66,40554.87,16900.79,98098.73,1274947.15,-1356145.1,28727.83,0.0217,1244.28,0.0224,41,4.19,585,5.2,0.9632,0.989,0,29.5,0
2025-01,Retail,Busan,App,A-Standard,VIP,8376,0.0176,147,156,0.03165,4,4,29602.91,118411.62,83381.13,35030.49,61603.57,1339977.56,-1366550.63,29602.91,0.0077,906.33,0.0192,42,4.41,329,10.1,0.9816,1.0,8,28.5,1
2025-01,Retail,Busan,App,B-Pro,Mass,8715,0.01891,164,217,0.02772,6,5,46853.41,234267.03,144723.01,89544.03,64923.53,2380850.4,-2356229.9,39044.51,0.0305,7136.48,0.0229,47,4.63,520,3.5,0.9625,0.9644,16,31.6,1
2025-01,Retail,Busan,App,B-Pro,Affinity,9306,0.01587,147,193,0.02626,5,5,46609.39,233046.95,146925.69,86121.27,63409.22,1017308.43,-994596.39,46609.39,0.0201,4680.18,0.0324,39,4.11,398,7.3,0.9733,0.9974,8,14.0,0
2025-01,Retail,Busan,App,B-Pro,VIP,7876,0.03831,301,321,0.03487,11,12,42855.39,514264.63,337426.07,176838.56,89058.3,1281557.35,-1193777.09,46751.33,0.0286,14698.98,0.0305,31,4.2,1028,6.0,0.93,0.9598,7,33.2,0
2025-01,Retail,Busan,App,C-Ultra,Mass,8049,0.02584,208,225,0.01336,3,4,69574.72,278298.86,159477.31,118821.55,87368.92,1365714.82,-1334262.18,92766.29,0.0298,8294.31,0.0579,36,4.64,766,5.7,0.966,0.8795,12,34.7,0
2025-01,Retail,Busan,App,C-Ultra,Affinity,7593,0.02465,187,213,0.01771,3,4,72849.66,291398.63,181958.33,109440.3,103437.57,54957.28,-48954.56,97132.88,0.0095,2781.05,0.0235,26,4.18,872,8.7,0.9931,0.8783,16,27.4,0
2025-01,Retail,Busan,App,C-Ultra,VIP,7780,0.02549,198,238,0.031,7,11,71694.62,788640.8,481511.23,307129.57,119942.54,900387.79,-713200.75,112662.97,0.0179,14115.94,0.0283,47,3.23,274,7.0,0.994,0.968,7,31.4,0
2025-01,Retail,Busan,App,D-Home,Mass,9139,0.01706,155,197,0.02012,3,2,54294.73,108589.46,66225.89,42363.57,96137.32,796939.94,-850713.69,36196.49,0.0688,7472.95,0.0306,33,4.4,624,4.4,0.9399,0.8279,9,33.0,0
2025-01,Retail,Busan,App,D-Home,Affinity,5420,0.02919,158,167,0.03317,5,7,55049.08,385343.59,245511.28,139832.31,88025.35,720881.26,-669074.3,77068.72,0.0495,19073.34,0.0433,36,4.18,653,6.0,0.9444,0.9475,11,28.2,4
2025-01,Retail,Busan,App,D-Home,VIP,7699,0.02827,217,283,0.03585,10,12,55911.16,670933.86,432140.65,238793.21,75677.39,2192787.24,-2029671.42,67093.39,0.0423,28397.86,0.0404,35,4.16,539,6.3,0.9555,0.9048,11,33.2,2
2025-01,Retail,Busan,App,E-Office,Mass,9888,0.01835,181,237,0.02012,4,8,58494.53,467956.2,305045.88,162910.33,73136.66,1028118.38,-938344.71,116989.05,0.0614,28719.3,0.0306,26,3.58,310,9.0,0.9544,0.8947,14,31.9,0
2025-01,Retail,Busan,App,E-Office,Affinity,8279,0.03813,315,347,0.03833,13,13,62581.04,813553.53,484900.55,328652.98,129993.43,2659205.3,-2460545.75,62581.04,0.0454,36946.54,0.0297,43,4.35,752,7.6,0.9218,0.9323,13,25.0,3
2025-01,Retail,Busan,App,E-Office,VIP,8022,0.02977,238,261,0.02101,5,7,57121.69,399851.86,252582.07,147269.8,140297.56,279430.64,-272458.4,79970.37,0.0447,17868.95,0.029,40,3.92,413,6.4,0.9947,0.9139,9,30.3,2
2025-01,Retail,Busan,App,F-Outdoor,Mass,8197,0.0293,240,302,0.022,6,8,64326.16,514609.3,303455.99,211153.3,137121.17,2401076.92,-2327044.79,85768.22,0.011,5644.58,0.0268,35,4.21,652,8.2,0.9622,0.9619,19,29.2,0
2025-01,Retail,Busan,App,F-Outdoor,Affinity,6747,0.0272,183,222,0.02699,5,8,67009.41,536075.25,316770.26,219305.0,47703.25,2618290.13,-2446688.39,107215.05,0.0366,19635.64,0.0264,23,4.89,717,7.0,0.9361,0.863,11,45.1,2
2025-01,Retail,Busan,App,F-Outdoor,VIP,7740,0.02784,215,270,0.03391,9,13,64753.08,841790.1,509481.36,332308.74,79863.21,2139140.16,-1886694.63,93532.23,0.0348,29325.82,0.0323,63,4.51,584,6.8,1.0,0.957,20,26.4,0
2025-01,Online,Seoul,Direct,A-Standard,Mass,13395,0.03185,426,491,0.02279,11,10,30842.44,308424.37,216169.72,92254.66,127705.88,625375.41,-660826.63,28038.58,0.0573,17687.27,0.0267,36,4.43,51,5.2,0.962,0.9222,23,33.0,0
2025-01,Online,Seoul,Direct,A-Standard,Affinity,12128,0.01936,234,254,0.02879,7,8,29457.72,235661.72,163347.99,72313.74,138896.71,2300132.47,-2366715.44,33665.96,0.03,7063.27,0.0374,44,4.01,483,5.9,0.9678,0.8504,25,29.4,2
2025-01,Online,Seoul,Direct,A-Standard,VIP,11083,0.02588,286,332,0.03908,12,18,29911.92,538414.57,366349.53,172065.04,125042.72,2999668.13,-2952645.82,44867.88,0.0095,5141.68,0.0246,22,4.32,78,8.7,0.9316,0.891,0,20.0,4
2025-01,Online,Seoul,Direct,B-Pro,Mass,14122,0.01307,184,195,0.02011,3,3,47140.99,141422.96,88869.96,52553.01,81796.4,2480901.77,-2510145.16,47140.99,0.0397,5609.69,0.0544,37,4.72,641,7.6,0.9723,0.916,10,25.8,2
2025-01,Online,Seoul,Direct,B-Pro,Affinity,12866,0.02961,380,428,0.02431,10,16,44014.08,704225.21,455115.22,249109.99,120335.28,1991878.39,-1863103.67,70422.52,0.0393,27702.97,0.0363,58,4.84,630,8.7,0.9865,1.0,5,20.6,0
2025-01,Online,Seoul,Direct,B-Pro,VIP,13392,0.01542,206,265,0.02288,6,4,44681.37,178725.47,114930.39,63795.08,99130.38,2274466.18,-2309801.48,29787.58,0.0504,9011.98,0.0192,54,3.74,556,5.4,0.9695,0.8936,14,12.4,0
2025-01,Online,Seoul,Direct,C-Ultra,Mass,13175,0.0294,387,414,0.02099,8,10,73111.59,731115.85,443289.58,287826.28,114944.13,1980282.61,-1807400.46,91389.48,0.0365,26671.62,0.0451,46,4.41,726,6.5,0.9267,0.9493,17,34.4,0
2025-01,Online,Seoul,Direct,C-Ultra,Affinity,12803,0.0216,276,298,0.01854,5,6,68457.5,410745.01,241462.51,169282.49,113636.68,1820956.27,-1765310.45,82149.0,0.0235,9656.68,0.0497,63,4.18,552,4.6,0.9908,0.9245,19,10.8,2
2025-01,Online,Seoul,Direct,C-Ultra,VIP,15131,0.02007,303,346,0.02594,8,8,67653.64,541229.12,344029.3,197199.82,133174.25,1625450.71,-1561425.14,67653.64,0.0343,18537.89,0.0292,39,4.67,528,3.6,0.9485,0.9746,15,24.2,1
2025-01,Online,Seoul,Direct,D-Home,Mass,17058,0.01851,315,387,0.03337,12,19,56938.89,1081838.88,668548.21,413290.68,218769.38,953405.97,-758884.68,90153.24,0.0427,46246.51,0.0429,40,4.65,718,10.5,0.9989,0.9055,12,25.0,0
2025-01,Online,Seoul,Direct,D-Home,Affinity,15104,0.02282,344,398,0.02306,9,11,57047.21,627519.32,399843.92,227675.4,144611.35,2235773.21,-2152709.16,69724.37,0.0714,44775.57,0.0347,56,4.19,614,4.5,0.9437,0.9526,3,14.9,0
2025-01,Online,Seoul,Direct,D-Home,VIP,11643,0.0235,273,319,0.03514,11,13,54765.87,711956.29,447516.69,264439.6,83568.14,1099324.87,-918453.41,64723.3,0.0355,25267.34,0.0272,20,4.87,993,3.5,0.9905,0.96,17,29.8,4
2025-01,Online,Seoul,Direct,E-Office,Mass,12443,0.03081,383,416,0.01847,7,13,60197.84,782571.97,512441.19,270130.78,165682.57,837620.47,-733172.26,111796.0,0.0486,38003.36,0.0439,27,4.01,360,6.6,0.9273,0.9575,6,27.4,0
2025-01,Online,Seoul,Direct,E-Office,Affinity,9675,0.0241,233,305,0.02769,8,9,59489.47,535405.19,323895.9,211509.29,67508.77,1940578.27,-1796577.75,66925.65,0.0271,14525.97,0.0406,43,3.95,1068,8.7,0.9817,0.884,25,33.8,0
2025-01,Online,Seoul,Direct,E-Office,VIP,13096,0.0295,386,508,0.02297,11,15,57509.55,862643.23,536635.06,326008.17,169943.72,1012535.31,-856470.86,78422.11,0.0335,28931.68,0.005,37,4.54,965,7.4,0.9711,0.9815,14,29.2,0
2025-01,Online,Seoul,Direct,F-Outdoor,Mass,13505,0.02391,322,357,0.01874,6,13,63753.97,828801.65,505299.53,323502.12,163073.57,1222063.02,-1061634.47,138133.61,0.0233,19310.84,0.0415,40,4.18,386,7.1,0.9683,0.9829,13,29.6,3
2025-01,Online,Seoul,Direct,F-Outdoor,Affinity,13801,0.0285,393,446,0.02757,12,15,66856.3,1002844.45,642407.23,360437.23,206668.14,2849173.51,-2695404.42,83570.37,0.0223,22399.27,0.0191,49,3.83,770,6.4,0.9753,0.9614,5,25.8,0
2025-01,Online,Seoul,Direct,F-Outdoor,VIP,14685,0.02957,434,551,0.02497,13,16,62641.29,1002260.72,611224.82,391035.9,218337.76,758475.68,-585777.54,77096.98,0.0294,29463.96,0.0307,47,5.0,961,7.3,0.9915,0.8972,15,15.2,1
2025-01,Online,Seoul,Partner,A-Standard,Mass,10457,0.02438,254,307,0.01514,4,5,29204.35,146021.77,99845.26,46176.51,136256.86,2931973.36,-3022053.71,36505.44,0.0519,7576.49,0.0372,60,3.62,1311,7.1,0.9087,0.908,13,32.2,1
2025-01,Online,Seoul,Partner,A-Standard,Affinity,10690,0.02861,305,345,0.03429,11,17,31114.49,528946.34,356643.53,172302.81,163108.49,1926473.25,-1917278.93,48086.03,0.0415,21948.97,0.0426,40,3.76,955,10.9,0.9962,0.9314,12,20.2,2
2025-01,Online,Seoul,Partner,A-Standard,VIP,11956,0.02618,313,389,0.02722,10,12,28682.36,344188.37,230556.01,113632.36,161919.1,854802.48,-903089.22,34418.84,0.0223,7691.66,0.0252,30,3.87,475,4.6,0.9867,0.9228,0,19.8,2
2025-01,Online,Seoul,Partner,B-Pro,Mass,10236,0.02799,286,368,0.02909,10,12,45387.51,544650.15,368814.06,175836.09,152469.3,1884789.44,-1861422.65,54465.02,0.0264,14370.69,0.0479,55,3.51,822,3.4,0.9144,0.9119,13,27.2,0
2025-01,Online,Seoul,Partner,B-Pro,Affinity,9126,0.03136,286,338,0.02197,7,10,45334.23,453342.34,306990.44,146351.9,102131.48,1797733.89,-1753513.47,64763.19,0.0192,8690.6,0.0391,48,4.34,547,7.8,0.9391,0.8547,8,40.2,0
2025-01,Online,Seoul,Partner,B-Pro,VIP,11299,0.02263,255,268,0.02199,5,6,46033.7,276202.19,186752.21,89449.98,140693.43,2655869.04,-2707112.49,55240.44,0.072,19879.55,0.0195,40,4.36,635,9.3,1.0,0.9557,14,33.2,0
2025-01,Online,Seoul,Partner,C-Ultra,Mass,13744,0.02865,393,480,0.02187,10,16,72076.18,1153218.92,699318.87,453900.05,162083.58,255692.98,36123.49,115321.89,0.0315,36338.36,0.0623,25,4.2,356,10.6,0.9556,0.9498,18,15.9,0
2025-01,Online,Seoul,Partner,C-Ultra,Affinity,12715,0.02023,257,294,0.02389,7,8,73401.92,587215.37,350068.59,237146.77,81694.86,2933343.54,-2777891.63,83887.91,0.0223,13100.01,0.0321,54,3.9,392,7.9,0.9942,0.9059,20,31.5,0
2025-01,Online,Seoul,Partner,C-Ultra,VIP,13205,0.03775,498,639,0.02895,18,29,67452.64,1956126.54,1163250.34,792876.2,243091.8,1598364.04,-1048579.64,108673.7,0.0189,36884.38,0.0459,27,4.59,473,7.8,0.9583,0.9354,8,49.0,0
2025-01,Online,Seoul,Partner,D-Home,Mass,11045,0.02604,287,303,0.02677,8,6,53757.39,322544.35,200108.73,122435.62,101291.24,887724.71,-866580.34,40318.04,0.0622,20074.93,0.0262,32,4.46,556,5.9,0.912,0.913,4,22.8,0
2025-01,Online,Seoul,Partner,D-Home,Affinity,11723,0.0223,261,297,0.02225,6,7,56337.13,394359.89,260144.84,134215.06,90936.06,2269607.22,-2226328.23,65726.65,0.0409,16121.61,0.0288,54,4.95,153,4.3,0.9864,0.9364,15,18.5,0
2025-01,Online,Seoul,Partner,D-Home,VIP,9182,0.02227,204,219,0.01937,4,5,52294.34,261471.69,161267.35,100204.34,130576.9,1849073.85,-1879446.42,65367.92,0.0566,14811.53,0.0229,41,4.49,382,8.8,0.9474,0.9263,20,22.1,1
2025-01,Online,Seoul,Partner,E-Office,Mass,10885,0.02014,219,237,0.0262,6,4,57925.63,231702.53,143606.3,88096.23,78095.82,1264796.3,-1254795.89,38617.09,0.0394,9122.15,0.0466,38,4.35,693,6.7,0.9596,0.9074,3,36.0,0
2025-01,Online,Seoul,Partner,E-Office,Affinity,10219,0.02454,250,268,0.02683,7,5,59890.57,299452.87,185038.25,114414.62,145421.3,1098228.33,-1129235.01,42778.98,0.0308,9214.07,0.0389,16,4.74,876,7.9,0.976,0.9439,10,35.4,0
2025-01,Online,Seoul,Partner,E-Office,VIP,9488,0.02701,256,269,0.03628,9,15,57480.84,862212.65,562948.99,299263.66,118348.55,162360.46,18554.66,95801.41,0.05,43128.66,0.0181,48,4.75,364,9.0,0.9969,0.8922,16,23.8,1
2025-01,Online,Seoul,Partner,F-Outdoor,Mass,11600,0.03247,376,421,0.01527,6,6,63191.45,379148.68,232637.25,146511.43,135372.44,2420165.36,-2409026.37,63191.45,0.035,13274.16,0.0277,29,4.21,623,6.1,0.9593,0.9678,12,25.1,0
2025-01,Online,Seoul,Partner,F-Outdoor,Affinity,11970,0.03414,408,444,0.02877,12,19,62026.25,1178498.69,731476.8,447021.89,129804.01,750871.61,-433653.72,98208.22,0.0159,18762.89,0.0304,42,4.72,418,9.0,0.9554,0.9558,7,27.0,0
2025-01,Online,Seoul,Partner,F-Outdoor,VIP,14937,0.01682,251,323,0.03442,11,19,62986.87,1196750.61,759294.77,437455.84,140364.89,1561247.53,-1264156.58,108795.51,0.0479,57378.44,0.0482,37,4.78,519,5.9,0.9519,0.9521,12,30.7,0
2025-01,Online,Seoul,Marketplace,A-Standard,Mass,13813,0.02116,292,340,0.0301,10,13,30546.83,397108.82,260401.37,136707.45,133605.97,710637.69,-707536.21,39710.88,0.066,26194.24,0.0469,35,4.41,721,7.9,0.978,0.967,7,23.2,0
2025-01,Online,Seoul,Marketplace,A-Standard,Affinity,19406,0.03672,712,855,0.02884,24,40,30302.49,1212099.8,857982.99,354116.81,387357.78,733701.42,-766942.39,50504.16,0.0439,53217.14,0.026,31,4.45,958,4.3,0.9845,0.9376,10,40.4,1
2025-01,Online,Seoul,Marketplace,A-Standard,VIP,17830,0.01643,292,319,0.04069,12,16,30917.53,494680.5,331660.76,163019.73,128433.02,267004.87,-232418.16,41223.37,0.0383,18947.08,0.0251,24,4.88,468,10.6,0.9745,0.9607,20,21.6,0
2025-01,Online,Seoul,Marketplace,B-Pro,Mass,17794,0.0245,435,492,0.0306,15,19,46266.56,879064.71,600258.41,278806.3,225409.32,816560.41,-763163.42,58604.31,0.0398,35023.93,0.026,55,4.73,401,5.7,1.0,0.9619,18,45.7,0
2025-01,Online,Seoul,Marketplace,B-Pro,Affinity,17887,0.0264,472,606,0.03846,23,28,46905.72,1313360.04,826327.95,487032.1,272385.09,3093507.06,-2878860.06,57102.61,0.0251,32942.83,0.0348,52,4.19,795,10.1,0.9606,0.9408,12,17.5,1
2025-01,Online,Seoul,Marketplace,B-Pro,VIP,18713,0.019,355,449,0.03713,16,21,46952.1,985994.1,608202.74,377791.36,221536.83,1188526.79,-1032272.26,61624.63,0.0231,22795.96,0.0239,53,4.37,760,7.8,0.9596,0.9794,9,29.2,1
2025-01,Online,Seoul,Marketplace,C-Ultra,Mass,16902,0.03107,525,626,0.03236,20,12,69283.0,831395.99,469948.79,361447.21,268101.32,862124.56,-768778.68,41569.8,0.0286,23805.14,0.0302,52,4.2,628,6.9,0.9456,0.9759,0,30.5,0
2025-01,Online,Seoul,Marketplace,C-Ultra,Affinity,19435,0.02533,492,585,0.02385,13,23,69129.29,1589973.63,924053.64,665920.0,156444.67,769111.74,-259636.41,122305.66,0.037,58855.71,0.0374,34,3.98,1084,7.1,0.9753,0.9649,17,38.3,4
2025-01,Online,Seoul,Marketplace,C-Ultra,VIP,16110,0.0179,288,381,0.02221,8,5,67903.71,339518.56,197982.97,141535.6,151149.66,343510.45,-353124.5,42439.82,0.048,16292.82,0.0113,51,3.7,740,5.8,0.9889,0.9919,18,20.2,0
2025-01,Online,Seoul,Marketplace,D-Home,Mass,16094,0.03756,604,646,0.0256,16,19,55282.45,1050366.55,641644.46,408722.09,274497.74,1934463.97,-1800239.61,65647.91,0.0286,30018.73,0.0294,54,4.17,460,10.3,1.0,0.9159,26,32.5,2
2025-01,Online,Seoul,Marketplace,D-Home,Affinity,14918,0.00931,138,148,0.02693,3,5,53536.32,267681.59,180952.5,86729.09,75474.11,1120965.44,-1109710.45,89227.2,0.0389,10414.09,0.0286,53,4.52,716,8.4,1.0,0.8845,18,35.0,2
2025-01,Online,Seoul,Marketplace,D-Home,VIP,15845,0.01477,233,278,0.02717,7,5,54721.28,273606.39,174012.59,99593.8,112017.9,1776857.19,-1789281.28,39086.63,0.0321,8781.14,0.0259,43,4.26,840,5.5,0.9416,0.9431,19,36.2,2
2025-01,Online,Seoul,Marketplace,E-Office,Mass,17516,0.01965,344,439,0.02475,10,14,62211.04,870954.58,549901.02,321053.56,190700.21,1335604.64,-1205251.29,87095.46,0.0272,23720.62,0.0314,48,4.56,879,8.5,0.9827,0.9727,0,19.0,0
2025-01,Online,Seoul,Marketplace,E-Office,Affinity,18708,0.02973,556,655,0.02609,17,24,59822.66,1435743.78,911873.61,523870.17,219577.86,1355675.08,-1051382.78,84455.52,0.043,61719.96,0.0309,33,4.23,282,9.9,1.0,0.9075,0,32.0,0
2025-01,Online,Seoul,Marketplace,E-Office,VIP,15435,0.02313,357,448,0.02887,12,13,58698.15,763076.01,497571.19,265504.82,170469.33,1177243.47,-1082207.98,63589.67,0.044,33538.41,0.0353,34,4.76,666,6.3,0.9728,0.9527,14,18.0,0
2025-01,Online,Seoul,Marketplace,F-Outdoor,Mass,17891,0.02108,377,431,0.02915,12,16,62182.34,994917.51,639521.28,355396.24,160449.03,2656637.91,-2461690.7,82909.79,0.0521,51848.38,0.0409,61,3.8,863,3.9,0.9567,0.9277,12,31.4,0
2025-01,Online,Seoul,Marketplace,F-Outdoor,Affinity,14768,0.01851,273,307,0.0209,6,8,67459.03,539672.25,324581.08,215091.17,152932.03,705041.03,-642881.88,89945.37,0.0426,22972.63,0.0373,31,4.19,426,4.3,0.9753,0.896,14,29.4,3
2025-01,Online,Seoul,Marketplace,F-Outdoor,VIP,16538,0.03212,531,613,0.03427,21,26,64800.87,1684822.7,969104.12,715718.58,264871.24,841353.62,-390506.28,80229.65,0.0382,64366.73,0.0369,35,4.47,790,8.3,0.9793,0.893,2,35.9,0
2025-01,Online,Seoul,App,A-Standard,Mass,14948,0.02945,440,569,0.02371,13,10,30971.04,309710.36,207856.64,101853.72,139385.58,1155572.95,-1193104.81,23823.87,0.0465,14403.28,0.0358,41,4.06,447,5.0,0.9329,0.8957,3,33.0,1
2025-01,Online,Seoul,App,A-Standard,Affinity,12620,0.0309,389,469,0.02683,12,21,28786.73,604521.3,425297.31,179223.99,109756.93,2881563.83,-2812096.77,50376.78,0.0383,23139.83,0.0398,45,4.65,520,7.7,0.9471,0.9498,12,35.3,2
2025-01,Online,Seoul,App,A-Standard,VIP,11294,0.01516,171,182,0.03037,5,8,30247.86,241982.92,164988.22,76994.7,84893.74,604367.19,-612266.22,48396.58,0.0383,9271.25,0.0294,25,4.69,591,6.9,1.0,0.9363,8,22.3,0
2025-01,Online,Seoul,App,B-Pro,Mass,11985,0.02335,279,317,0.02781,8,10,46249.51,462495.07,292123.5,170371.57,167284.35,1655482.9,-1652395.68,57811.88,0.0174,8035.84,0.0322,42,4.03,392,5.5,0.9376,0.957,8,15.1,0
2025-01,Online,Seoul,App,B-Pro,Affinity,13493,0.02565,346,436,0.02047,8,12,44801.14,537613.66,341396.93,196216.73,151793.05,1028956.55,-984532.87,67201.71,0.0354,19040.79,0.0218,54,4.48,1074,8.0,1.0,0.9079,17,23.2,0
2025-01,Online,Seoul,App,B-Pro,VIP,18299,0.03194,584,647,0.02228,14,14,46527.85,651389.91,430865.59,220524.32,194115.48,816298.84,-789890.0,46527.85,0.0266,17297.19,0.0336,59,4.59,1027,7.1,0.9604,0.911,18,27.7,1
2025-01,Online,Seoul,App,C-Ultra,Mass,14249,0.01427,203,227,0.01992,4,5,70604.76,353023.79,223026.01,129997.78,94518.26,265118.64,-229639.12,88255.95,0.0126,4436.71,0.0505,41,4.91,918,10.4,0.9594,1.0,12,31.3,0
2025-01,Online,Seoul,App,C-Ultra,Affinity,12256,0.01772,217,240,0.03954,9,13,67976.58,883695.58,534143.68,349551.9,120952.46,770671.25,-542071.8,98188.4,0.0384,33906.26,0.0196,26,3.63,1024,5.7,0.9677,0.9503,21,33.7,1
2025-01,Online,Seoul,App,C-Ultra,VIP,13423,0.02523,338,367,0.03336,12,14,68183.88,954574.38,608770.07,345804.31,95445.14,228065.05,22294.11,79547.87,0.0168,16079.54,0.0274,43,5.0,531,7.9,0.9321,0.9243,3,27.7,0
2025-01,Online,Seoul,App,D-Home,Mass,13474,0.01557,209,249,0.02818,7,4,55246.27,220985.06,140938.97,80046.09,110609.02,427879.59,-458442.52,31569.29,0.0361,7978.14,0.0565,70,4.16,740,7.4,0.9856,0.9594,8,38.9,1
2025-01,Online,Seoul,App,D-Home,Affinity,13217,0.02449,323,367,0.01952,7,9,56570.03,509130.23,318988.07,190142.15,195515.69,200871.58,-206245.11,72732.89,0.0121,6166.82,0.0258,39,4.8,493,6.6,0.9232,0.9096,0,29.4,4
2025-01,Online,Seoul,App,D-Home,VIP,13873,0.02765,383,502,0.02742,13,22,55370.72,1218155.92,810831.72,407324.2,153146.86,1613295.8,-1359118.46,93704.3,0.028,34149.45,0.0372,34,4.35,787,7.5,0.9468,0.9178,21,26.5,3
2025-01,Online,Seoul,App,E-Office,Mass,17514,0.02747,481,596,0.02761,16,26,60144.43,1563755.2,936355.61,627399.59,182600.94,2168896.01,-1724097.36,97734.7,0.0705,110305.98,0.0468,57,4.45,653,6.4,0.9435,0.8643,14,21.3,5
2025-01,Online,Seoul,App,E-Office,Affinity,12984,0.03084,400,470,0.02275,10,15,60434.74,906521.11,573032.26,333488.85,107378.62,1599297.35,-1373187.12,90652.11,0.0237,21486.38,0.0363,54,4.02,444,7.1,0.9308,0.9476,21,28.3,0
2025-01,Online,Seoul,App,E-Office,VIP,13936,0.01471,204,258,0.02774,7,10,58582.69,585826.85,381839.78,203987.07,67192.07,620786.34,-483991.34,83689.55,0.0438,25649.43,0.0243,75,3.93,747,3.6,1.0,0.9616,9,26.3,0
2025-01,Online,Seoul,App,F-Outdoor,Mass,18353,0.03167,581,616,0.02323,14,17,62053.15,1054903.61,678802.06,376101.56,241715.59,1358389.33,-1224003.36,75350.26,0.0145,15315.1,0.0308,30,4.62,519,6.4,0.8876,0.9536,15,34.3,0
2025-01,Online,Seoul,App,F-Outdoor,Affinity,13004,0.02105,273,311,0.0203,6,9,65778.65,592007.84,355596.99,236410.85,143570.85,1948418.43,-1855578.43,98667.97,0.0194,11490.94,0.0419,41,4.78,519,7.1,0.9859,0.9237,11,26.2,0
2025-01,Online,Seoul,App,F-Outdoor,VIP,12287,0.02526,310,373,0.04224,15,29,65833.6,1909174.29,1109131.15,800043.15,161330.25,746116.68,-107403.78,127278.29,0.038,72461.77,0.041,42,3.86,850,9.7,1.0,0.8935,6,9.9,3
2025-01,Online,Busan,Direct,A-Standard,Mass,8623,0.03414,294,362,0.01517,5,5,29440.91,147204.53,100902.84,46301.69,107656.5,2708313.57,-2769668.37,29440.91,0.0201,2958.36,0.0286,44,3.52,1036,5.8,0.9737,0.9043,14,36.2,1
2025-01,Online,Busan,Direct,A-Standard,Affinity,9991,0.02043,204,245,0.02118,5,8,31465.12,251720.99,167641.61,84079.38,77347.72,2169793.2,-2163061.54,50344.2,0.0244,6146.38,0.0419,55,4.0,53,7.3,0.9799,0.8826,22,27.3,3
2025-01,Online,Busan,Direct,A-Standard,VIP,10304,0.03854,397,520,0.02491,12,17,29611.09,503388.61,356478.1,146910.51,98841.23,2232191.19,-2184121.91,41949.05,0.0266,13365.13,0.0333,34,3.87,540,7.2,0.8896,0.9108,22,16.0,0
2025-01,Online,Busan,Direct,B-Pro,Mass,8752,0.03459,302,329,0.02474,8,15,44138.04,662070.62,426111.62,235959.0,103232.88,1220347.18,-1087621.06,82758.83,0.0416,27541.65,0.0399,43,3.65,751,6.5,0.9258,0.9175,14,24.5,3
2025-01,Online,Busan,Direct,B-Pro,Affinity,8305,0.0292,242,268,0.02543,6,5,46302.98,231514.9,156642.89,74872.01,115402.01,1551029.57,-1591559.56,38585.82,0.032,7408.32,0.0504,41,4.39,302,4.5,0.9851,0.9854,9,17.5,0
2025-01,Online,Busan,Direct,B-Pro,VIP,10314,0.03109,320,359,0.02572,9,10,45560.05,455600.54,307650.01,147950.53,93222.31,68655.26,-13927.04,50622.28,0.042,19119.22,0.027,47,4.82,838,4.8,0.9338,0.9277,18,34.7,2
2025-01,Online,Busan,Direct,C-Ultra,Mass,9862,0.02695,265,331,0.01653,5,6,69309.41,415856.46,247836.95,168019.51,80629.44,1794508.96,-1707118.89,83171.29,0.0447,18584.57,0.0242,50,4.52,546,5.7,0.9686,0.9231,8,21.6,0
2025-01,Online,Busan,Direct,C-Ultra,Affinity,10712,0.02285,244,277,0.03319,9,14,71655.67,1003179.41,593421.88,409757.53,55946.4,1345443.47,-991632.33,111464.38,0.0467,46840.97,0.0234,39,4.52,310,8.4,0.9611,0.9258,23,28.2,2
2025-01,Online,Busan,Direct,C-Ultra,VIP,9391,0.02499,234,304,0.0281,8,9,66687.19,600184.73,376615.47,223569.26,90565.29,2317304.08,-2184300.11,75023.09,0.0424,25455.73,0.0384,23,3.85,451,5.8,0.9545,0.9147,23,30.8,0
2025-01,Online,Busan,Direct,D-Home,Mass,12430,0.02292,284,309,0.01886,5,3,57218.33,171654.98,104236.96,67418.03,130772.51,2342624.07,-2405978.55,34331.0,0.048,8240.95,0.0244,43,4.37,586,5.2,0.9649,0.9521,29,32.2,0
2025-01,Online,Busan,Direct,D-Home,Affinity,10303,0.02322,239,279,0.00677,1,2,54415.14,108830.29,72732.82,36097.47,90270.03,406718.37,-460890.94,108830.29,0.0389,4228.78,0.0382,59,3.94,431,5.6,0.9625,0.8671,11,32.0,2
2025-01,Online,Busan,Direct,D-Home,VIP,10188,0.02788,284,377,0.0312,11,17,56170.17,954892.93,592209.67,362683.25,144453.37,3046123.22,-2827893.34,86808.45,0.0458,43763.76,0.0242,36,4.99,1100,9.2,0.9726,0.9308,19,38.2,1
2025-01,Online,Busan,Direct,E-Office,Mass,11801,0.0285,336,422,0.01842,7,11,61819.98,680019.81,445794.08,234225.73,178986.07,941489.57,-886249.91,97145.69,0.0496,33740.11,0.0423,32,4.31,30,9.2,0.9629,0.9023,12,29.4,0
2025-01,Online,Busan,Direct,E-Office,Affinity,8306,0.02548,211,251,0.03474,8,12,59249.93,710999.13,440378.39,270620.74,92472.36,2571032.89,-2392884.51,88874.89,0.0293,20816.53,0.0346,39,3.75,34,8.7,0.9614,0.9104,13,31.0,1
2025-01,Online,Busan,Direct,E-Office,VIP,9964,0.02395,238,254,0.02161,5,4,57121.23,228484.91,135521.72,92963.19,123827.52,2831288.0,-2862152.33,45696.98,0.0353,8073.41,0.0277,46,4.01,1105,6.1,0.9176,0.9844,7,25.1,0
2025-01,Online,Busan,Direct,F-Outdoor,Mass,13370,0.02377,317,420,0.01747,7,11,62844.56,691290.17,442962.08,248328.1,199800.72,2446098.3,-2397570.93,98755.74,0.0577,39871.46,0.0575,36,4.32,825,3.9,0.9299,0.9374,15,41.8,0
2025-01,Online,Busan,Direct,F-Outdoor,Affinity,10173,0.03011,306,332,0.01886,6,8,61946.8,495574.42,286921.23,208653.19,150024.41,2269055.59,-2210426.81,82595.74,0.0322,15961.22,0.0345,44,4.1,627,12.0,0.957,0.9241,11,26.2,2
2025-01,Online,Busan,Direct,F-Outdoor,VIP,11949,0.02728,325,402,0.02709,10,21,64077.51,1345627.76,809861.78,535765.98,128835.32,819192.85,-412262.2,134562.78,0.0427,57467.31,0.0257,22,4.52,190,3.9,0.9607,0.8561,10,22.9,0
2025-01,Online,Busan,Partner,A-Standard,Mass,7750,0.02861,221,254,0.01844,4,5,28776.31,143881.54,102396.22,41485.32,56008.42,2213585.76,-2228108.86,35970.39,0.0473,6805.29,0.0384,70,4.39,666,7.9,0.9894,0.8913,18,34.6,0
2025-01,Online,Busan,Partner,A-Standard,Affinity,6656,0.02032,135,150,0.02561,3,5,31353.81,156769.05,108730.58,48038.47,49613.75,2520157.13,-2521732.41,52256.35,0.0329,5159.08,0.0348,63,4.4,833,7.7,0.8946,0.9505,6,35.7,2
2025-01,Online,Busan,Partner,A-Standard,VIP,7612,0.02498,190,212,0.04044,8,9,30056.16,270505.4,190854.56,79650.85,74910.6,1624341.87,-1619601.63,33813.18,0.0459,12416.45,0.0205,42,4.15,479,4.5,1.0,0.9123,16,23.6,0
2025-01,Online,Busan,Partner,B-Pro,Mass,8044,0.02562,206,220,0.02471,5,7,46734.28,327139.96,216854.49,110285.47,106461.24,1262607.6,-1258783.36,65427.99,0.0464,15191.95,0.0312,43,4.6,685,7.3,0.9589,0.9621,9,29.3,3
2025-01,Online,Busan,Partner,B-Pro,Affinity,9575,0.01986,190,240,0.03787,9,13,44863.53,583225.83,363700.0,219525.83,93374.41,2098754.5,-1972603.08,64802.87,0.0319,18589.21,0.025,45,4.17,403,6.3,0.9598,0.9742,2,23.5,3
2025-01,Online,Busan,Partner,B-Pro,VIP,11038,0.02257,249,320,0.0344,11,20,43848.04,876960.84,547782.61,329178.23,166688.95,2503333.41,-2340844.12,79723.71,0.0276,24165.24,0.0343,65,4.44,790,9.0,0.9486,0.841,17,24.4,0
2025-01,Online,Busan,Partner,C-Ultra,Mass,6794,0.02682,182,204,0.01921,3,5,69181.24,345906.21,204231.78,141674.43,98483.64,461245.14,-418054.35,115302.07,0.0447,15466.56,0.0408,64,3.83,390,5.3,0.9284,0.9326,10,36.7,0
2025-01,Online,Busan,Partner,C-Ultra,Affinity,8395,0.01872,157,175,0.02728,4,3,69827.07,209481.21,129860.76,79620.44,59061.68,2386190.3,-2365631.54,52370.3,0.0123,2579.81,0.0371,53,4.45,1091,9.5,0.9459,0.9492,14,13.5,2
2025-01,Online,Busan,Partner,C-Ultra,VIP,9615,0.02963,284,323,0.02918,9,10,67065.88,670658.81,418167.44,252491.38,107509.43,1911763.55,-1766781.6,74517.65,0.0113,7593.26,0.0269,26,4.2,910,9.0,0.9937,0.9465,13,19.8,0
2025-01,Online,Busan,Partner,D-Home,Mass,8819,0.0207,182,241,0.03278,7,8,52952.92,423623.37,275589.65,148033.71,55062.07,1977417.7,-1884446.05,60517.62,0.0459,19425.19,0.0245,46,4.2,408,7.7,0.963,0.9042,11,18.8,0
2025-01,Online,Busan,Partner,D-Home,Affinity,8927,0.03073,274,346,0.03247,11,18,56524.23,1017436.21,658499.13,358937.08,153623.37,1082937.87,-877624.16,92494.2,0.0514,52257.48,0.0227,33,3.09,695,11.6,0.9321,0.9267,10,20.1,1
2025-01,Online,Busan,Partner,D-Home,VIP,10140,0.02475,250,268,0.03223,8,6,53298.31,319789.88,207363.04,112426.84,95140.32,1954459.21,-1937172.69,39973.73,0.0282,9024.12,0.0501,51,4.17,750,5.5,0.9286,0.9249,10,36.1,0
2025-01,Online,Busan,Partner,E-Office,Mass,11140,0.01498,166,178,0.02303,4,5,58473.32,292366.58,186991.26,105375.32,96680.41,244665.88,-235970.97,73091.64,0.0638,18665.72,0.0648,48,4.36,628,8.2,0.9454,0.9123,24,29.8,0
2025-01,Online,Busan,Partner,E-Office,Affinity,6481,0.02721,176,202,0.02922,5,5,60147.68,300738.4,184043.38,116695.02,93561.77,2716562.56,-2693429.3,60147.68,0.0183,5506.59,0.0386,49,4.39,307,8.5,0.9776,0.9771,5,43.9,0
2025-01,Online,Busan,Partner,E-Office,VIP,7373,0.02925,215,234,0.02637,6,6,60061.5,360369.02,233775.05,126593.96,56575.44,2926334.59,-2856316.07,60061.5,0.0471,16956.01,0.041,24,4.68,766,6.9,0.963,0.892,19,27.2,2
2025-01,Online,Busan,Partner,F-Outdoor,Mass,8714,0.03238,282,337,0.01925,6,10,67745.47,677454.69,395971.24,281483.45,67855.43,2268451.87,-2054823.84,112909.11,0.0338,22919.71,0.0434,43,4.71,753,5.5,0.9698,0.9574,4,41.0,2
2025-01,Online,Busan,Partner,F-Outdoor,Affinity,9211,0.03392,312,334,0.02299,7,12,62554.41,750652.91,460690.58,289962.33,149290.9,2289923.37,-2149251.94,107236.13,0.022,16517.92,0.0418,32,4.36,864,11.0,0.9247,0.9779,24,26.2,0
2025-01,Online,Busan,Partner,F-Outdoor,VIP,9918,0.03472,344,372,0.02897,10,13,67590.55,878677.21,547821.61,330855.6,185643.56,175067.32,-29855.28,87867.72,0.0172,15147.93,0.0223,43,4.0,479,7.0,0.99,0.8522,5,22.0,2
2025-01,Online,Busan,Marketplace,A-Standard,Mass,12466,0.02385,297,353,0.02038,7,9,29435.28,264917.53,187363.99,77553.54,119093.34,483816.64,-525356.43,37845.36,0.0304,8042.68,0.0272,26,4.63,542,3.9,0.954,0.8925,4,24.3,0
2025-01,Online,Busan,Marketplace,A-Standard,Affinity,10975,0.01987,218,267,0.00722,1,1,29895.1,29895.1,20543.39,9351.71,60640.39,18391.26,-69679.94,29895.1,0.0088,262.6,0.0341,71,4.37,300,8.8,0.9605,0.9255,0,26.7,0
2025-01,Online,Busan,Marketplace,A-Standard,VIP,15083,0.02758,415,471,0.02721,12,18,31300.32,563405.67,365503.53,197902.14,131487.09,2737478.37,-2671063.31,46950.47,0.0235,13248.58,0.0363,52,4.76,844,7.5,0.9568,0.9503,19,38.9,0
2025-01,Online,Busan,Marketplace,B-Pro,Mass,10547,0.02949,311,413,0.03607,14,20,46366.44,927328.87,585185.2,342143.66,168022.53,1617323.5,-1443202.36,66237.78,0.0435,40323.42,0.054,51,4.86,647,9.0,0.9546,0.9703,16,27.6,0
2025-01,Online,Busan,Marketplace,B-Pro,Affinity,9633,0.03251,313,395,0.02828,11,14,45668.52,639359.27,402676.3,236682.97,63928.51,256029.92,-83275.46,58123.57,0.043,27498.63,0.039,45,4.41,586,8.1,0.9276,0.9677,6,30.5,0
2025-01,Online,Busan,Marketplace,B-Pro,VIP,14893,0.01786,265,283,0.04319,12,15,42789.55,641843.24,401615.72,240227.53,108659.97,2282256.14,-2150688.59,53486.94,0.0464,29801.97,0.025,33,4.28,654,8.0,0.9588,0.8379,11,21.6,1
2025-01,Online,Busan,Marketplace,C-Ultra,Mass,15653,0.03548,555,632,0.02491,15,27,71187.83,1922071.54,1089719.98,832351.56,237144.08,2803441.5,-2208234.01,128138.1,0.0511,98150.36,0.0288,35,3.73,607,7.7,0.9519,0.9092,13,21.4,3
2025-01,Online,Busan,Marketplace,C-Ultra,Affinity,12964,0.02253,292,341,0.03077,10,9,67342.57,606083.11,356087.28,249995.83,173621.24,1229995.99,-1153621.4,60608.31,0.0372,22518.43,0.0369,65,3.73,792,2.2,0.9577,0.9087,23,3.5,0
2025-01,Online,Busan,Marketplace,C-Ultra,VIP,12503,0.02532,316,367,0.03938,14,22,71336.52,1569403.39,963413.62,605989.76,117638.35,890993.2,-402641.78,112100.24,0.0453,71071.7,0.0392,39,4.12,111,6.2,0.9609,0.9859,7,31.3,2
2025-01,Online,Busan,Marketplace,D-Home,Mass,16888,0.01385,233,271,0.02755,7,9,56524.52,508720.68,310108.46,198612.21,139277.93,640417.05,-581082.77,72674.38,0.0163,8282.18,0.0372,29,4.16,599,8.9,0.9723,1.0,8,29.0,1
2025-01,Online,Busan,Marketplace,D-Home,Affinity,12007,0.02796,335,395,0.02549,10,10,57487.02,574870.21,387903.31,186966.9,110731.31,468867.89,-392632.29,57487.02,0.0323,18596.29,0.0418,45,4.21,530,9.7,0.9653,0.8844,10,26.5,0
2025-01,Online,Busan,Marketplace,D-Home,VIP,14483,0.02376,344,416,0.02857,11,14,56240.3,787364.24,507057.78,280306.45,134059.34,2672061.32,-2525814.21,71578.57,0.0293,23098.65,0.0422,41,4.61,415,4.8,0.9547,0.9659,24,21.2,0
2025-01,Online,Busan,Marketplace,E-Office,Mass,11706,0.02784,325,366,0.02118,7,10,59458.76,594587.56,349368.8,245218.75,118478.77,2794835.06,-2668095.07,84941.08,0.0499,29640.67,0.0494,72,4.36,772,4.0,0.9595,0.961,10,15.4,3
2025-01,Online,Busan,Marketplace,E-Office,Affinity,13507,0.02426,327,399,0.02726,10,7,57416.18,401913.29,247387.63,154525.67,103820.74,976689.13,-925984.21,40191.33,0.0266,10678.79,0.0622,31,4.08,580,8.1,0.9102,0.9065,5,21.8,0
2025-01,Online,Busan,Marketplace,E-Office,VIP,11011,0.04003,440,477,0.03732,17,31,57536.06,1783617.83,1153169.48,630448.36,203665.57,3257174.94,-2830392.15,104918.7,0.0454,81064.77,0.0265,28,3.89,655,7.6,0.9418,0.8532,11,16.9,1
2025-01,Online,Busan,Marketplace,F-Outdoor,Mass,14963,0.02226,333,360,0.02253,8,9,67540.34,607863.09,366021.76,241841.33,123666.8,2074455.41,-1956280.88,75982.89,0.0453,27511.25,0.0621,39,4.48,460,10.8,0.948,0.9455,0,27.8,0
2025-01,Online,Busan,Marketplace,F-Outdoor,Affinity,12960,0.02645,342,415,0.02999,12,17,66983.52,1138719.9,675759.77,462960.13,92228.6,2812207.96,-2441476.42,94893.32,0.0343,39091.9,0.0381,27,4.0,399,5.3,0.9091,0.8894,17,24.0,3
2025-01,Online,Busan,Marketplace,F-Outdoor,VIP,11518,0.02641,304,334,0.03051,10,18,66496.11,1196930.0,724706.91,472223.08,110145.66,3245326.31,-2883248.88,119693.0,0.0528,63151.32,0.0108,41,4.5,904,8.6,0.9736,0.9407,13,15.6,0
2025-01,Online,Busan,App,A-Standard,Mass,9409,0.02971,279,340,0.01812,6,9,28949.06,260541.5,169058.43,91483.07,114937.53,2922737.11,-2946191.57,43423.58,0.0303,7895.15,0.0154,40,4.31,908,3.8,0.9334,0.9307,20,32.1,0
2025-01,Online,Busan,App,A-Standard,Affinity,10239,0.02179,223,275,0.02095,5,5,29026.64,145133.19,99779.51,45353.68,72672.83,595586.03,-622905.18,29026.64,0.0583,8465.25,0.0626,49,4.07,234,7.4,0.9654,0.9236,21,20.6,0
2025-01,Online,Busan,App,A-Standard,VIP,8903,0.03042,270,328,0.03677,12,20,29881.37,597627.35,388074.6,209552.75,107082.23,1566951.71,-1464481.19,49802.28,0.025,14937.22,0.03,60,3.98,580,6.2,0.9353,0.9576,21,42.0,2
2025-01,Online,Busan,App,B-Pro,Mass,8497,0.0216,183,224,0.0248,5,5,43904.75,219523.75,138700.77,80822.98,77910.94,240452.0,-237539.97,43904.75,0.0174,3820.19,0.0142,22,4.73,715,9.2,0.968,0.985,2,22.4,0
2025-01,Online,Busan,App,B-Pro,Affinity,8459,0.0172,145,175,0.03299,5,4,43381.73,173526.9,108877.32,64649.58,63350.49,1463831.76,-1462532.66,34705.38,0.0144,2493.45,0.0314,31,3.96,346,7.4,0.9268,0.8985,4,26.0,0
2025-01,Online,Busan,App,B-Pro,VIP,10180,0.0281,286,362,0.02682,9,9,44910.77,404196.94,273986.21,130210.73,148009.2,2844399.23,-2862197.7,44910.77,0.0005,218.56,0.0207,51,4.1,751,7.3,0.9528,0.9427,16,17.7,2
2025-01,Online,Busan,App,C-Ultra,Mass,9101,0.01602,145,183,0.01503,2,3,71930.52,215791.57,132055.73,83735.84,94527.25,638984.1,-649775.5,107895.78,0.037,7991.67,0.0179,35,4.0,673,9.3,0.9194,0.8829,16,30.7,3
2025-01,Online,Busan,App,C-Ultra,Affinity,13262,0.0302,400,471,0.01802,8,8,72953.91,583631.24,370131.43,213499.81,126485.95,1291619.09,-1204605.24,72953.91,0.0166,9674.05,0.0247,53,4.02,335,9.9,0.9792,0.8967,18,20.1,0
2025-01,Online,Busan,App,C-Ultra,VIP,10957,0.0306,335,380,0.01766,6,6,71544.19,429265.16,243752.63,185512.52,94437.09,421905.2,-330829.77,71544.19,0.0497,21314.58,0.037,50,4.11,461,6.0,0.9977,0.9195,12,31.7,1
2025-01,Online,Busan,App,D-Home,Mass,10413,0.02294,238,259,0.02257,5,9,53215.66,478940.9,297657.57,181283.32,107472.73,960070.0,-886259.4,95788.18,0.0532,25479.84,0.0381,34,4.9,551,10.6,0.9595,0.9468,11,22.2,0
2025-01,Online,Busan,App,D-Home,Affinity,13714,0.02309,316,348,0.03309,11,21,56520.65,1186933.75,784158.03,402775.72,128820.84,1234654.41,-960699.52,107903.07,0.0423,50222.01,0.0346,45,4.11,530,5.5,0.9671,0.9283,15,21.5,0
2025-01,Online,Busan,App,D-Home,VIP,11508,0.02828,325,373,0.0175,6,7,56929.75,398508.25,260680.63,137827.62,162814.64,1409357.61,-1434344.63,66418.04,0.0374,14918.98,0.0354,39,3.82,816,6.4,0.9994,0.9914,11,28.6,7
2025-01,Online,Busan,App,E-Office,Mass,10525,0.01854,195,243,0.02403,5,4,58415.13,233660.51,148345.32,85315.19,109374.43,2104371.87,-2128431.11,46732.1,0.0472,11020.12,0.0202,39,3.99,709,5.0,0.9116,0.9631,13,16.2,2
2025-01,Online,Busan,App,E-Office,Affinity,9786,0.0218,213,227,0.02379,5,8,61842.03,494736.28,313631.36,181104.92,68820.94,493258.14,-380974.16,98947.26,0.033,16333.76,0.0221,44,4.31,270,5.4,0.9813,0.9677,20,17.0,0
2025-01,Online,Busan,App,E-Office,VIP,7610,0.02387,181,230,0.02262,5,10,61010.51,610105.13,355792.07,254313.06,54325.06,387362.68,-187374.68,122021.03,0.0568,34680.71,0.0389,49,4.09,55,5.4,0.9405,0.9486,21,26.7,1
2025-01,Online,Busan,App,F-Outdoor,Mass,9890,0.02696,266,341,0.02797,9,11,61779.83,679578.17,413209.76,266368.41,130405.57,2572399.55,-2436436.71,75508.69,0.0327,22251.25,0.0429,39,4.8,575,6.7,0.9299,0.903,11,12.9,0
2025-01,Online,Busan,App,F-Outdoor,Affinity,9073,0.026,235,307,0.02514,7,12,67265.5,807186.0,475556.82,331629.17,72850.42,1735889.24,-1477110.49,115312.29,0.0379,30586.1,0.0339,30,4.53,719,5.7,0.9907,0.9795,17,26.6,0
2025-01,Online,Busan,App,F-Outdoor,VIP,8747,0.02254,197,261,0.03742,9,17,65884.8,1120041.62,663165.88,456875.74,79976.59,1427018.96,-1050119.81,124449.07,0.038,42570.86,0.0277,22,4.45,510,6.5,0.9625,0.8951,13,35.1,0
2025-02,Retail,Seoul,Direct,A-Standard,Mass,10380,0.02116,219,246,0.03158,7,8,29222.06,233776.52,162427.97,71348.55,84788.37,29817.98,-43257.8,33396.65,0.0315,7354.52,0.0332,54,4.36,563,5.1,0.9251,0.9019,16,35.9,1
2025-02,Retail,Seoul,Direct,A-Standard,Affinity,12575,0.03096,389,418,0.02057,8,11,30298.85,333287.38,216731.37,116556.01,166849.01,1199723.67,-1250016.67,41660.92,0.0227,7576.54,0.0436,41,4.03,859,10.5,0.9834,0.904,7,22.2,4
2025-02,Retail,Seoul,Direct,A-Standard,VIP,14018,0.02683,376,480,0.02158,10,17,31039.95,527679.18,358863.48,168815.7,192228.19,2716709.17,-2740121.66,52767.92,0.0375,19804.29,0.0118,44,4.34,567,6.3,0.9412,0.9538,14,23.3,2
2025-02,Retail,Seoul,Direct,B-Pro,Mass,14201,0.02542,361,410,0.0333,13,13,45339.62,589415.0,390261.65,199153.35,222537.14,243773.6,-267157.39,45339.62,0.0347,20476.93,0.0373,50,4.51,693,8.5,0.9917,0.9065,10,23.8,0
2025-02,Retail,Seoul,Direct,B-Pro,Affinity,9408,0.02461,231,297,0.02497,7,12,44070.77,528849.22,325845.96,203003.26,141919.49,2787317.5,-2726233.73,75549.89,0.0673,35591.41,0.019,38,4.3,677,6.3,1.0,0.9388,18,24.1,0
2025-02,Retail,Seoul,Direct,B-Pro,VIP,10893,0.02994,326,345,0.03122,10,15,43911.67,658675.09,449574.23,209100.86,112118.87,1843453.42,-1746471.43,65867.51,0.0446,29358.1,0.026,37,4.35,518,4.8,0.9705,0.9303,13,32.9,1
2025-02,Retail,Seoul,Direct,C-Ultra,Mass,15369,0.02222,341,433,0.02487,10,8,72754.29,582034.28,358987.59,223046.7,152383.63,447228.59,-376565.52,58203.43,0.0355,20678.86,0.0294,39,4.12,316,7.2,0.9508,0.955,19,27.0,0
2025-02,Retail,Seoul,Direct,C-Ultra,Affinity,10898,0.01787,194,210,0.02804,5,6,72716.33,436297.99,251251.69,185046.3,126357.57,3066569.57,-3007880.83,87259.6,0.0648,28271.63,0.0279,39,4.16,570,9.6,0.9652,0.9634,19,27.5,0
2025-02,Retail,Seoul,Direct,C-Ultra,VIP,10769,0.02516,270,289,0.04217,12,21,68944.26,1447829.48,924794.78,523034.71,82843.6,1715378.04,-1275186.93,120652.46,0.0634,91809.36,0.0177,46,4.3,637,7.0,0.925,0.8999,12,34.0,1
2025-02,Retail,Seoul,Direct,D-Home,Mass,12160,0.02761,335,404,0.01609,6,8,55745.21,445961.72,276964.53,168997.19,166577.45,2127493.64,-2125073.89,74326.95,0.0365,16299.51,0.034,52,4.7,514,7.6,0.9548,0.9016,13,21.0,0
2025-02,Retail,Seoul,Direct,D-Home,Affinity,11576,0.02375,274,313,0.02915,9,12,54141.06,649692.73,438804.08,210888.65,82518.81,1989640.92,-1861271.09,72188.08,0.0386,25048.25,0.0411,51,3.89,393,8.3,0.9544,0.9937,6,13.5,1
2025-02,Retail,Seoul,Direct,D-Home,VIP,12654,0.02269,287,342,0.02513,8,12,57053.21,684638.46,424292.16,260346.3,145258.0,491677.94,-376589.63,85579.81,0.071,48622.95,0.033,53,4.36,801,8.3,0.9358,0.9621,7,28.7,2
2025-02,Retail,Seoul,Direct,E-Office,Mass,13846,0.01381,191,239,0.02701,6,7,57788.27,404517.92,265199.19,139318.73,124136.03,260976.02,-245793.32,67419.65,0.0329,13290.13,0.0145,46,3.86,473,8.4,0.9043,0.899,6,43.3,0
2025-02,Retail,Seoul,Direct,E-Office,Affinity,10856,0.0265,287,350,0.02997,10,14,59789.7,837055.76,537700.5,299355.26,108678.94,2909842.14,-2719165.82,83705.58,0.0349,29217.08,0.036,33,3.66,317,9.8,0.9334,0.9128,14,33.4,0
2025-02,Retail,Seoul,Direct,E-Office,VIP,10828,0.01619,175,187,0.02191,4,4,62128.29,248513.15,146221.84,102291.31,97262.62,2313777.33,-2308748.64,62128.29,0.0654,16244.59,0.0354,41,4.78,1001,8.4,0.9648,0.9589,16,26.5,0
2025-02,Retail,Seoul,Direct,F-Outdoor,Mass,13838,0.02493,344,434,0.02242,9,10,63985.0,639850.02,373076.1,266773.92,128341.62,202405.5,-63973.2,71094.45,0.0244,15614.51,0.0389,38,3.76,54,6.7,0.91,0.9575,13,31.7,3
2025-02,Retail,Seoul,Direct,F-Outdoor,Affinity,11434,0.02108,241,292,0.02182,6,4,67372.14,269488.54,156281.63,113206.91,101198.92,2934656.37,-2922648.37,44914.76,0.0297,8003.26,0.0282,32,4.14,352,5.3,0.9251,0.942,10,23.4,3
2025-02,Retail,Seoul,Direct,F-Outdoor,VIP,15823,0.02579,408,496,0.02788,13,22,64337.8,1415431.6,886947.99,528483.61,119341.94,1899126.61,-1489984.94,108879.35,0.0393,55678.81,0.0262,25,4.43,785,8.7,0.941,0.869,9,31.2,0
2025-02,Retail,Seoul,Partner,A-Standard,Mass,11805,0.02718,320,414,0.03335,13,11,29941.46,329356.04,230687.27,98668.77,167155.74,2404690.33,-2473177.29,25335.08,0.0583,19194.15,0.0382,60,3.98,476,7.5,0.9095,0.9111,13,15.5,0
2025-02,Retail,Seoul,Partner,A-Standard,Affinity,13744,0.02451,336,395,0.01127,4,3,31470.59,94411.76,61363.44,33048.32,116622.09,1246961.81,-1330535.58,23602.94,0.0174,1647.23,0.0479,12,3.76,678,6.8,0.9948,0.9283,12,21.7,0
2025-02,Retail,Seoul,Partner,A-Standard,VIP,12521,0.02089,261,327,0.02296,7,8,30772.74,246181.91,170857.57,75324.34,108230.3,2264423.53,-2297329.5,35168.84,0.0217,5341.47,0.0355,54,4.05,323,6.8,0.9054,0.8842,8,28.5,0
2025-02,Retail,Seoul,Partner,B-Pro,Mass,11909,0.03575,425,554,0.0339,18,14,47062.62,658876.74,434453.31,224423.43,147218.79,139090.28,-61885.64,36604.26,0.0225,14803.84,0.0427,40,4.41,684,5.2,0.9837,0.9618,12,34.4,0
2025-02,Retail,Seoul,Partner,B-Pro,Affinity,7830,0.0158,123,131,0.03444,4,6,46684.11,280104.69,187486.18,92618.51,35322.73,790216.22,-732920.45,70026.17,0.0497,13911.88,0.0269,53,4.53,435,9.9,0.9445,0.8202,12,27.3,0
2025-02,Retail,Seoul,Partner,B-Pro,VIP,10232,0.01302,133,171,0.02635,4,8,45244.84,361958.7,225347.85,136610.85,65666.45,76946.02,-6001.62,90489.68,0.0078,2820.64,0.0267,45,3.59,701,3.7,1.0,0.9782,4,32.4,3
2025-02,Retail,Seoul,Partner,C-Ultra,Mass,9138,0.03835,350,385,0.02453,9,11,68335.85,751694.4,433501.36,318193.03,84602.23,1951274.0,-1717683.2,83521.6,0.042,31578.17,0.0365,55,3.96,97,9.2,0.9485,0.9643,20,21.8,2
2025-02,Retail,Seoul,Partner,C-Ultra,Affinity,10394,0.02332,242,322,0.02692,8,5,66520.42,332602.12,187782.77,144819.35,140509.94,629280.64,-624971.23,41575.26,0.0477,15855.21,0.0344,53,4.21,420,8.3,0.9809,0.9046,11,31.6,0
2025-02,Retail,Seoul,Partner,C-Ultra,VIP,11151,0.02604,290,348,0.01953,6,7,70138.77,490971.39,283397.44,207573.95,92834.41,729998.07,-615258.52,81828.57,0.0314,15406.39,0.0274,27,4.54,352,5.5,0.9587,0.8665,13,37.5,0
2025-02,Retail,Seoul,Partner,D-Home,Mass,8346,0.03365,280,302,0.01799,5,5,56103.76,280518.79,174225.78,106293.01,121776.48,2423834.94,-2439318.41,56103.76,0.0269,7542.12,0.0379,66,3.63,568,8.8,0.9598,0.9299,15,24.9,0
2025-02,Retail,Seoul,Partner,D-Home,Affinity,13126,0.02157,283,349,0.03476,12,24,54997.28,1319934.6,889222.4,430712.2,156085.71,2408969.71,-2134343.22,109994.55,0.0145,19073.18,0.0425,57,4.39,671,9.9,0.9658,0.9515,7,38.6,0
2025-02,Retail,Seoul,Partner,D-Home,VIP,8678,0.02338,202,228,0.03449,7,10,56966.92,569669.18,357660.95,212008.22,104707.47,2115671.42,-2008370.66,81381.31,0.0399,22704.56,0.0509,35,4.38,465,11.4,0.9448,0.973,8,18.2,0
2025-02,Retail,Seoul,Partner,E-Office,Mass,8867,0.02227,197,262,0.03489,9,11,62518.21,687700.34,424800.58,262899.76,89402.89,225583.17,-52086.3,76411.15,0.0287,19726.88,0.0392,17,4.34,545,6.2,1.0,0.9113,10,21.3,0
2025-02,Retail,Seoul,Partner,E-Office,Affinity,9942,0.0277,275,329,0.02336,7,9,59139.63,532256.63,312220.45,220036.17,169622.35,1686646.05,-1636232.23,76036.66,0.0321,17102.14,0.0421,55,3.95,813,7.4,0.9887,0.9082,7,50.9,0
2025-02,Retail,Seoul,Partner,E-Office,VIP,10376,0.03067,318,376,0.01592,5,7,59204.14,414428.95,265043.48,149385.47,136326.15,2204385.39,-2191326.08,82885.79,0.0613,25420.81,0.0209,60,4.41,835,9.5,1.0,0.9246,0,29.3,0
2025-02,Retail,Seoul,Partner,F-Outdoor,Mass,12443,0.01651,205,263,0.02113,5,6,64079.09,384474.56,227577.92,156896.64,108765.97,1909927.05,-1861796.38,76894.91,0.032,12308.0,0.0454,59,4.14,651,6.6,0.933,0.9251,11,40.8,0
2025-02,Retail,Seoul,Partner,F-Outdoor,Affinity,9135,0.03378,308,358,0.01678,6,7,63190.21,442331.5,279688.6,162642.9,130770.44,1517475.21,-1485602.75,73721.92,0.0416,18400.7,0.0409,36,3.83,244,7.5,0.989,1.0,10,37.6,6
2025-02,Retail,Seoul,Partner,F-Outdoor,VIP,11740,0.03064,359,418,0.02686,11,17,62729.32,1066398.45,691798.02,374600.43,117406.48,1345073.96,-1087880.01,96945.31,0.0164,17535.76,0.0235,49,4.0,499,6.8,0.9352,0.9543,9,23.7,0
2025-02,Retail,Seoul,Marketplace,A-Standard,Mass,16483,0.02554,420,527,0.01867,9,9,28506.4,256557.57,178349.51,78208.06,225336.39,2975347.13,-3122475.47,28506.4,0.0462,11843.38,0.0343,53,3.94,464,2.0,0.9621,0.8896,10,34.9,1
2025-02,Retail,Seoul,Marketplace,A-Standard,Affinity,22621,0.0248,560,639,0.02075,13,26,31080.26,808086.69,567000.82,241085.87,249776.7,2678316.58,-2687007.41,62160.51,0.0375,30332.33,0.0236,43,3.77,399,5.8,0.917,0.8793,11,26.6,1
2025-02,Retail,Seoul,Marketplace,A-Standard,VIP,19073,0.03121,595,692,0.02358,16,22,28703.9,631485.81,420124.86,211360.95,143430.54,2024741.45,-1956811.05,39467.86,0.022,13883.34,0.0436,16,4.3,435,6.2,0.9543,0.9466,15,16.0,1
2025-02,Retail,Seoul,Marketplace,B-Pro,Mass,16681,0.02461,410,521,0.01768,9,12,45393.73,544724.77,349139.36,195585.42,213195.74,560061.03,-577671.35,60524.97,0.0131,7128.38,0.0357,59,4.35,199,9.3,0.975,0.9613,5,36.7,1
2025-02,Retail,Seoul,Marketplace,B-Pro,Affinity,14252,0.03142,447,556,0.02825,15,21,43757.46,918906.65,592437.54,326469.1,228950.91,1734399.02,-1636880.82,61260.44,0.0327,30040.09,0.0267,40,4.33,311,7.4,0.9574,0.9421,10,33.5,1
2025-02,Retail,Seoul,Marketplace,B-Pro,VIP,18283,0.03476,635,764,0.02139,16,29,47177.14,1368137.18,919067.07,449070.11,177944.84,1167818.8,-896693.53,85508.57,0.0423,57910.81,0.0338,37,3.84,517,9.6,0.9859,1.0,11,22.9,0
2025-02,Retail,Seoul,Marketplace,C-Ultra,Mass,17110,0.02719,465,564,0.02112,11,11,72770.96,800480.53,510116.93,290363.6,228354.87,2805042.38,-2743033.65,72770.96,0.0332,26554.04,0.0471,31,4.12,597,7.4,0.9472,0.9322,8,27.7,1
2025-02,Retail,Seoul,Marketplace,C-Ultra,Affinity,14615,0.02996,437,479,0.03222,15,20,66650.76,1333015.28,835520.63,497494.64,172824.13,520517.48,-195846.97,88867.69,0.0039,5202.12,0.0371,51,4.04,465,7.9,0.9382,0.9304,17,31.6,0
2025-02,Retail,Seoul,Marketplace,C-Ultra,VIP,12623,0.02055,259,312,0.02843,8,9,70043.26,630389.3,383757.49,246631.81,141042.86,1564735.22,-1459146.27,78798.66,0.0262,16496.54,0.0391,55,4.69,887,5.4,0.9148,0.9542,20,33.3,0
2025-02,Retail,Seoul,Marketplace,D-Home,Mass,14839,0.0262,388,438,0.01043,4,4,53230.21,212920.86,143834.45,69086.4,128465.79,2008194.48,-2067573.87,53230.21,0.0153,3251.74,0.04,44,4.2,500,6.1,0.9359,0.913,12,17.0,0
2025-02,Retail,Seoul,Marketplace,D-Home,Affinity,16579,0.01388,230,287,0.01894,5,5,57037.43,285187.13,183687.35,101499.78,137590.23,2094260.73,-2130351.18,57037.43,0.0434,12369.42,0.0148,19,3.62,511,6.4,0.9393,0.9215,9,27.6,2
2025-02,Retail,Seoul,Marketplace,D-Home,VIP,16958,0.02357,399,435,0.03862,16,17,54317.02,923389.37,588041.64,335347.74,109470.65,149587.86,76289.22,57711.84,0.0482,44502.25,0.0144,12,3.95,658,6.9,0.9341,0.879,22,22.4,0
2025-02,Retail,Seoul,Marketplace,E-Office,Mass,16234,0.0327,530,603,0.02153,12,23,62278.23,1432399.34,939219.22,493180.12,121636.88,890629.8,-519086.56,119366.61,0.0409,58617.95,0.0285,55,4.45,384,6.2,1.0,0.948,13,31.1,0
2025-02,Retail,Seoul,Marketplace,E-Office,Affinity,15126,0.01743,263,332,0.02642,8,11,62211.47,684326.17,431881.62,252444.55,95919.82,2059995.45,-1903470.72,85540.77,0.0237,16251.5,0.0492,34,4.31,549,3.5,0.9556,0.9423,11,25.5,0
2025-02,Retail,Seoul,Marketplace,E-Office,VIP,15883,0.02,317,355,0.03274,11,9,59975.79,539782.1,339525.92,200256.18,112490.41,614700.27,-526934.5,49071.1,0.042,22691.49,0.0308,35,4.23,404,5.8,0.9884,0.9454,19,20.2,2
2025-02,Retail,Seoul,Marketplace,F-Outdoor,Mass,14505,0.02642,383,463,0.03126,14,23,66984.71,1540648.38,916361.92,624286.46,138243.93,1841722.17,-1355679.64,110046.31,0.0152,23399.73,0.0392,58,3.97,469,6.4,0.9327,0.9303,7,36.3,0
2025-02,Retail,Seoul,Marketplace,F-Outdoor,Affinity,17969,0.02166,389,504,0.03356,16,26,62369.52,1621607.49,962165.9,659441.59,198051.79,2363013.69,-1901623.89,101350.47,0.0414,67197.29,0.0367,47,4.54,325,4.6,0.957,1.0,10,28.7,0
2025-02,Retail,Seoul,Marketplace,F-Outdoor,VIP,17548,0.02376,416,553,0.02355,13,17,64986.95,1104778.17,694988.67,409789.5,150428.59,2882794.83,-2623433.92,84982.94,0.0439,48504.36,0.0319,57,4.8,636,5.9,0.9738,0.9445,16,29.9,0
2025-02,Retail,Seoul,App,A-Standard,Mass,11099,0.02026,224,253,0.02536,6,12,29636.18,355634.14,236032.72,119601.42,104772.5,2326219.13,-2311390.21,59272.36,0.0452,16083.2,0.0331,52,3.83,781,10.2,0.979,0.9725,13,36.9,0
2025-02,Retail,Seoul,App,A-Standard,Affinity,12547,0.02333,292,359,0.03089,11,14,28733.05,402262.74,273426.34,128836.39,134595.19,2524538.71,-2530297.51,36569.34,0.0008,340.93,0.02,45,4.44,579,4.2,0.9005,0.9367,5,19.9,0
2025-02,Retail,Seoul,App,A-Standard,VIP,13525,0.01496,202,266,0.02422,6,10,29696.99,296969.89,203575.81,93394.08,139169.0,2576934.3,-2622709.22,49494.98,0.0426,12661.92,0.0347,31,4.03,49,6.8,0.9887,0.8782,12,27.9,2
2025-02,Retail,Seoul,App,B-Pro,Mass,12844,0.0272,349,411,0.0201,8,8,43571.5,348571.98,228692.9,119879.08,203682.4,701219.2,-785022.52,43571.5,0.049,17086.09,0.0444,48,4.29,790,4.6,0.9755,0.9944,13,18.7,1
2025-02,Retail,Seoul,App,B-Pro,Affinity,11026,0.00852,93,109,0.03048,3,2,45490.51,90981.01,58623.89,32357.12,62212.33,2417446.27,-2447301.48,30327.0,0.0284,2586.03,0.0289,27,4.25,458,3.0,0.9645,0.9551,14,18.2,1
2025-02,Retail,Seoul,App,B-Pro,VIP,9197,0.03347,307,327,0.02651,8,9,45275.08,407475.7,261003.73,146471.97,129395.21,123926.56,-106849.79,50934.46,0.0665,27087.21,0.0252,36,4.88,511,7.7,0.9795,0.9395,14,36.1,0
2025-02,Retail,Seoul,App,C-Ultra,Mass,11595,0.00837,97,114,0.02627,2,2,71717.17,143434.34,91342.25,52092.09,86110.67,1942168.8,-1976187.37,71717.17,0.0227,3255.3,0.0467,58,4.52,426,4.5,0.9942,0.9181,9,38.5,1
2025-02,Retail,Seoul,App,C-Ultra,Affinity,12272,0.02365,290,360,0.02684,9,12,70412.0,844944.03,487767.53,357176.5,184176.29,1982843.17,-1809842.97,93882.67,0.0265,22419.75,0.0252,45,4.31,538,9.8,0.9556,0.9485,16,32.2,2
2025-02,Retail,Seoul,App,C-Ultra,VIP,9905,0.02805,277,367,0.01702,6,6,69417.3,416503.81,254586.15,161917.66,140921.87,1155099.19,-1134103.4,69417.3,0.0365,15188.2,0.0286,45,3.91,421,5.3,0.9577,0.9961,12,31.8,0
2025-02,Retail,Seoul,App,D-Home,Mass,10842,0.02661,288,344,0.01862,6,9,55484.27,499358.41,303519.61,195838.8,165872.61,2728709.86,-2698743.67,83226.4,0.0499,24917.57,0.0328,38,4.71,653,8.5,0.9704,0.9294,26,38.7,2
2025-02,Retail,Seoul,App,D-Home,Affinity,10788,0.037,399,437,0.02533,11,18,55505.3,999095.32,661358.41,337736.92,130660.92,2946813.3,-2739737.3,90826.85,0.0239,23858.72,0.0333,25,3.69,536,11.0,0.9544,0.8822,13,36.9,0
2025-02,Retail,Seoul,App,D-Home,VIP,13982,0.02097,293,370,0.02891,10,8,55277.23,442217.87,285704.95,156512.92,79761.19,1448893.88,-1372142.15,44221.79,0.0367,16249.91,0.0416,36,4.42,557,8.0,0.9724,0.9103,13,40.2,0
2025-02,Retail,Seoul,App,E-Office,Mass,9921,0.01791,177,206,0.01863,3,5,61844.85,309224.26,200564.21,108660.05,51446.72,223829.9,-166616.57,103074.75,0.0397,12283.03,0.0359,27,4.25,733,7.4,0.9475,0.9396,14,25.8,0
2025-02,Retail,Seoul,App,E-Office,Affinity,10248,0.01139,116,145,0.02677,3,3,59269.23,177807.7,106618.93,71188.77,49966.8,1772551.71,-1751329.74,59269.23,0.0311,5529.89,0.0293,39,4.05,673,9.1,0.928,0.9516,14,25.1,2
2025-02,Retail,Seoul,App,E-Office,VIP,14386,0.02564,368,441,0.02947,12,13,59551.73,774172.49,494786.82,279385.67,148548.74,2336855.22,-2206018.29,64514.37,0.0484,37456.66,0.0322,15,4.4,431,7.1,0.986,0.9426,4,30.9,0
2025-02,Retail,Seoul,App,F-Outdoor,Mass,10064,0.02723,274,332,0.02006,6,7,65114.94,455804.57,265211.77,190592.8,137845.61,1564840.24,-1512093.05,75967.43,0.0276,12583.52,0.0545,38,4.03,589,6.7,0.9529,0.9564,1,31.5,2
2025-02,Retail,Seoul,App,F-Outdoor,Affinity,8780,0.02181,191,243,0.02271,5,6,62574.88,375449.28,217884.59,157564.69,81431.11,523526.24,-447392.66,75089.86,0.0609,22859.6,0.0176,38,4.26,776,8.8,0.9511,0.9309,14,24.8,0
2025-02,Retail,Seoul,App,F-Outdoor,VIP,13257,0.02135,283,324,0.03151,10,11,63123.03,694353.34,402806.37,291546.97,125568.11,917166.13,-751187.26,69435.33,0.0255,17694.38,0.0242,40,3.79,853,5.4,0.9986,0.9998,0,28.3,0
2025-02,Retail,Busan,Direct,A-Standard,Mass,10511,0.03459,363,390,0.03031,11,14,30179.29,422510.09,294137.79,128372.31,149639.26,346709.73,-367976.68,38410.01,0.0295,12446.14,0.0298,32,4.51,653,8.8,0.9652,0.9962,4,38.7,0
2025-02,Retail,Busan,Direct,A-Standard,Affinity,9797,0.02077,203,226,0.02138,4,5,30973.9,154869.51,105253.25,49616.26,52192.99,621166.85,-623743.58,38717.38,0.0401,6211.36,0.0402,45,4.62,521,9.3,0.9557,0.9225,16,8.3,3
2025-02,Retail,Busan,Direct,A-Standard,VIP,8347,0.0339,282,298,0.03079,9,9,29380.38,264423.4,171412.58,93010.82,122955.47,2360003.87,-2389948.52,29380.38,0.0323,8541.14,0.0203,52,3.8,629,9.5,0.9639,0.9269,11,24.3,0
2025-02,Retail,Busan,Direct,B-Pro,Mass,9856,0.02728,268,347,0.02534,8,17,45160.81,767733.83,507106.49,260627.34,148262.52,2973290.66,-2860925.83,95966.73,0.0215,16544.19,0.0519,30,3.41,563,6.8,0.9218,0.8899,2,31.7,0
2025-02,Retail,Busan,Direct,B-Pro,Affinity,9649,0.01997,192,209,0.02248,4,8,43095.58,344764.64,232646.77,112117.87,68012.85,2369020.84,-2324915.82,86191.16,0.0238,8198.17,0.0413,61,4.25,352,7.0,0.9794,0.9428,15,18.9,0
2025-02,Retail,Busan,Direct,B-Pro,VIP,9248,0.02854,263,344,0.03549,12,14,44753.64,626551.01,388463.11,238087.9,126904.6,1383937.67,-1272754.36,52212.58,0.0164,10247.07,0.028,34,3.61,521,7.7,0.9416,0.9617,5,33.5,3
2025-02,Retail,Busan,Direct,C-Ultra,Mass,8006,0.01687,135,156,0.01667,2,3,72023.12,216069.35,134302.03,81767.32,65565.34,1711080.49,-1694878.52,108034.67,0.0161,3478.93,0.0099,61,4.42,477,7.7,0.9124,0.9163,5,41.1,0
2025-02,Retail,Busan,Direct,C-Ultra,Affinity,9379,0.01915,179,234,0.0241,5,6,71327.61,427965.69,246141.25,181824.44,50684.11,1046794.64,-915654.31,85593.14,0.0449,19226.85,0.0165,48,4.88,220,8.1,0.9121,0.9512,13,20.3,0
2025-02,Retail,Busan,Direct,C-Ultra,VIP,11556,0.0319,368,444,0.02925,12,8,66740.14,533921.15,317816.47,216104.68,79681.34,1447728.19,-1311304.85,44493.43,0.0206,11009.76,0.0252,40,4.34,130,9.8,0.8937,0.9909,9,37.4,5
2025-02,Retail,Busan,Direct,D-Home,Mass,10918,0.03499,381,429,0.02659,11,18,56773.18,1021917.16,660169.04,361748.12,122364.47,3097269.96,-2857886.31,92901.56,0.0206,21029.38,0.0464,45,4.95,546,10.2,0.9706,1.0,14,25.8,2
2025-02,Retail,Busan,Direct,D-Home,Affinity,8614,0.0345,297,376,0.01945,7,10,55089.58,550895.82,342255.77,208640.04,176410.25,966739.65,-934509.86,78699.4,0.026,14327.64,0.0271,22,4.56,582,6.3,0.9475,0.9854,9,29.5,3
2025-02,Retail,Busan,Direct,D-Home,VIP,7890,0.01865,147,155,0.03553,5,6,52975.44,317852.61,214480.4,103372.22,77118.64,1845942.49,-1819688.91,63570.52,0.0364,11581.1,0.0384,38,4.0,895,7.2,0.9434,0.9493,13,40.6,0
2025-02,Retail,Busan,Direct,E-Office,Mass,7554,0.03349,253,302,0.0289,8,10,61828.55,618285.5,405496.41,212789.1,92589.71,1793579.86,-1673380.47,77285.69,0.0426,26328.8,0.0283,36,4.57,723,5.3,0.9634,0.8956,16,30.2,2
2025-02,Retail,Busan,Direct,E-Office,Affinity,11547,0.03594,414,520,0.02139,11,16,60258.15,964130.42,577061.25,387069.16,134034.03,603400.61,-350365.48,87648.22,0.0323,31161.48,0.0407,31,4.69,550,5.4,0.9621,0.9625,20,45.4,0
2025-02,Retail,Busan,Direct,E-Office,VIP,8886,0.02619,232,244,0.02251,5,6,61353.37,368120.25,227237.23,140883.01,114189.55,1125782.48,-1099089.02,73624.05,0.0422,15518.52,0.0247,46,5.0,442,10.2,0.9774,0.9371,3,33.4,0
2025-02,Retail,Busan,Direct,F-Outdoor,Mass,8242,0.01885,155,183,0.03376,6,7,66322.71,464258.94,297787.17,166471.77,94494.79,642639.93,-570662.96,77376.49,0.0313,14538.52,0.0654,48,4.35,385,3.8,1.0,0.9765,15,31.8,3
2025-02,Retail,Busan,Direct,F-Outdoor,Affinity,9671,0.01751,169,186,0.02524,4,6,66976.75,401860.48,255576.89,146283.59,77108.8,1107409.86,-1038235.07,100465.12,0.0113,4550.8,0.0345,58,4.15,640,7.3,0.9876,0.9247,17,32.9,3
2025-02,Retail,Busan,Direct,F-Outdoor,VIP,8940,0.02397,214,278,0.01469,4,6,64472.79,386836.75,228388.36,158448.39,72901.18,814728.43,-729181.22,96709.19,0.0446,17255.09,0.0444,27,4.57,502,7.9,0.958,0.8832,8,38.3,3
2025-02,Retail,Busan,Partner,A-Standard,Mass,9522,0.01876,178,199,0.02519,5,7,29610.69,207274.8,140779.58,66495.22,97263.96,300263.22,-331031.96,41454.96,0.0492,10190.72,0.0401,33,4.29,338,6.8,0.9848,0.9466,10,31.5,2
2025-02,Retail,Busan,Partner,A-Standard,Affinity,6659,0.02076,138,155,0.02768,4,5,30128.88,150644.41,105149.76,45494.65,74426.04,2209023.16,-2237954.55,37661.1,0.0307,4619.51,0.0291,50,4.32,819,9.1,0.9291,0.8849,8,12.3,0
2025-02,Retail,Busan,Partner,A-Standard,VIP,6821,0.03144,214,234,0.03124,7,10,29972.08,299720.8,196165.8,103555.0,105773.82,95197.93,-97416.75,42817.26,0.0085,2554.41,0.0308,25,4.51,374,4.7,0.9749,0.8673,7,16.6,0
2025-02,Retail,Busan,Partner,B-Pro,Mass,8818,0.03057,269,328,0.01395,4,5,46337.4,231687.0,153717.59,77969.41,91975.55,1563768.69,-1577774.83,57921.75,0.0309,7161.72,0.035,36,4.02,348,5.9,0.9703,0.8683,13,26.5,1
2025-02,Retail,Busan,Partner,B-Pro,Affinity,10648,0.02824,300,330,0.02762,9,6,45224.74,271348.41,169273.36,102075.05,89458.89,1722354.07,-1709737.91,30149.82,0.0096,2604.05,0.0357,46,3.94,240,6.0,0.9679,0.9995,19,23.2,0
2025-02,Retail,Busan,Partner,B-Pro,VIP,6501,0.03593,233,305,0.0262,7,8,45808.33,366466.63,234222.54,132244.09,85809.45,83717.85,-37283.21,52352.38,0.0127,4662.91,0.0096,47,3.45,556,8.8,0.9595,0.8879,14,24.7,1
2025-02,Retail,Busan,Partner,C-Ultra,Mass,7444,0.01933,143,163,0.01889,3,4,68335.15,273340.59,171936.52,101404.08,78929.38,824002.63,-801527.93,91113.53,0.0407,11132.52,0.0369,36,4.22,732,2.9,0.9845,0.9615,14,26.0,1
2025-02,Retail,Busan,Partner,C-Ultra,Affinity,5766,0.02291,132,149,0.02588,3,5,72182.07,360910.35,226016.91,134893.45,47451.66,1053962.81,-966521.03,120303.45,0.0439,15844.85,0.0441,22,4.51,466,6.6,0.9892,0.9242,4,24.5,0
2025-02,Retail,Busan,Partner,C-Ultra,VIP,8416,0.02353,197,212,0.0195,4,5,70589.84,352949.22,220607.49,132341.74,58395.45,2460187.03,-2386240.74,88237.31,0.0773,27289.82,0.0372,39,4.7,802,8.1,0.9027,0.9345,5,44.5,0
2025-02,Retail,Busan,Partner,D-Home,Mass,7322,0.02041,149,190,0.03376,6,10,55524.71,555247.11,346139.26,209107.84,66152.78,1777855.18,-1634900.12,92541.18,0.0327,18147.89,0.0365,46,4.43,722,6.5,0.9262,0.9026,11,28.9,0
2025-02,Retail,Busan,Partner,D-Home,Affinity,7001,0.01395,97,113,0.02202,2,1,53510.59,53510.59,34751.84,18758.75,57101.51,2112452.05,-2150794.81,26755.3,0.0324,1736.04,0.0379,33,4.17,458,6.8,0.9337,0.917,14,42.2,2
2025-02,Retail,Busan,Partner,D-Home,VIP,5757,0.02047,117,141,0.03655,5,5,55485.18,277425.91,181582.41,95843.5,62834.3,1126274.86,-1093265.66,55485.18,0.0542,15036.05,0.0406,66,3.99,614,6.5,0.9565,0.8601,10,21.6,0
2025-02,Retail,Busan,Partner,E-Office,Mass,6453,0.02534,163,183,0.01518,2,1,61933.74,61933.74,39918.64,22015.1,55548.57,1275769.66,-1309303.13,30966.87,0.0192,1191.95,0.0523,32,3.76,390,7.2,0.9479,0.9099,21,35.2,0
2025-02,Retail,Busan,Partner,E-Office,Affinity,9144,0.02303,210,270,0.02266,6,10,58267.09,582670.92,339976.74,242694.18,115038.77,1389256.95,-1261601.55,97111.82,0.0291,16952.74,0.0216,38,4.16,240,12.5,0.9942,0.9016,21,28.4,0
2025-02,Retail,Busan,Partner,E-Office,VIP,6127,0.01776,108,126,0.03182,4,4,62825.79,251303.16,159032.66,92270.49,32162.8,606928.12,-546820.43,62825.79,0.0361,9070.65,0.0337,41,3.98,705,7.4,0.9951,0.9369,10,29.6,0
2025-02,Retail,Busan,Partner,F-Outdoor,Mass,7899,0.01638,129,145,0.03293,4,4,62859.57,251438.27,144431.92,107006.35,44034.18,2937676.7,-2874704.53,62859.57,0.0366,9209.0,0.0339,52,4.21,592,6.3,0.9844,0.9189,18,37.3,2
2025-02,Retail,Busan,Partner,F-Outdoor,Affinity,8342,0.0171,142,162,0.01916,3,3,64788.32,194364.96,117249.76,77115.2,87962.8,788159.21,-799006.81,64788.32,0.0447,8695.29,0.0373,24,4.98,739,7.7,0.9515,0.9693,12,29.7,0
2025-02,Retail,Busan,Partner,F-Outdoor,VIP,8498,0.01809,153,176,0.02361,4,5,67171.06,335855.29,194132.43,141722.86,46689.31,778530.5,-683496.95,83963.82,0.0188,6320.27,0.0244,42,4.56,679,8.2,0.9871,0.968,6,19.2,1
2025-02,Retail,Busan,Marketplace,A-Standard,Mass,11686,0.02921,341,392,0.01785,6,6,29869.35,179216.09,120590.03,58626.06,170962.86,1928436.69,-2040773.49,29869.35,0.03,5377.93,0.0512,36,4.11,607,5.7,0.9621,0.9397,4,17.8,0
2025-02,Retail,Busan,Marketplace,A-Standard,Affinity,15181,0.02102,319,355,0.03023,10,12,31429.96,377159.5,249302.86,127856.64,142871.09,684729.46,-699743.91,37715.95,0.0506,19068.71,0.0292,27,4.26,384,6.7,0.9664,0.8639,20,37.7,0
2025-02,Retail,Busan,Marketplace,A-Standard,VIP,11761,0.02137,251,307,0.03217,9,11,28920.08,318120.85,214359.64,103761.21,82377.67,307655.85,-286272.3,35346.76,0.032,10185.27,0.0231,51,3.83,171,11.0,0.9533,0.962,7,29.6,4
2025-02,Retail,Busan,Marketplace,B-Pro,Mass,9382,0.02261,212,239,0.03001,7,9,43681.66,393134.95,256521.15,136613.8,109872.27,871925.24,-845183.71,56162.14,0.0116,4557.92,0.0356,57,3.73,595,5.9,0.9837,0.8811,17,18.0,2
2025-02,Retail,Busan,Marketplace,B-Pro,Affinity,9972,0.01844,183,218,0.03802,8,7,46607.48,326252.34,202473.48,123778.86,83856.38,1999650.84,-1959728.35,40781.54,0.0084,2733.46,0.0395,50,4.31,1025,6.9,0.9891,0.9458,8,30.3,1
2025-02,Retail,Busan,Marketplace,B-Pro,VIP,9078,0.02507,227,279,0.02753,7,11,42998.57,472984.3,309070.64,163913.66,123191.71,2945045.85,-2904323.9,67569.19,0.019,9001.9,0.024,42,3.93,796,6.3,0.9663,0.9513,19,40.4,0
2025-02,Retail,Busan,Marketplace,C-Ultra,Mass,14619,0.02362,345,378,0.03096,11,17,70722.87,1202288.74,759024.87,443263.87,146485.29,2555661.01,-2258882.43,109298.98,0.0491,59040.15,0.0435,42,4.61,776,6.4,0.9388,0.8701,0,32.3,2
2025-02,Retail,Busan,Marketplace,C-Ultra,Affinity,12076,0.01803,217,241,0.01949,4,2,72645.39,145290.79,90312.95,54977.83,125036.48,1311745.11,-1381803.75,36322.7,0.0246,3569.96,0.0585,38,4.27,826,5.4,0.973,0.9847,14,30.4,0
2025-02,Retail,Busan,Marketplace,C-Ultra,VIP,10052,0.02968,298,372,0.02178,8,12,70270.05,843240.64,480876.17,362364.47,88519.94,1421572.57,-1147728.04,105405.08,0.0424,35755.29,0.0269,60,4.49,300,7.1,1.0,0.9116,28,15.1,2
2025-02,Retail,Busan,Marketplace,D-Home,Mass,13702,0.01744,238,262,0.03621,9,14,53697.43,751763.96,484488.32,267275.63,129379.15,2860335.89,-2722439.41,83529.33,0.0225,16892.05,0.0484,47,3.66,771,5.5,1.0,0.9124,19,35.7,0
2025-02,Retail,Busan,Marketplace,D-Home,Affinity,9136,0.02668,243,279,0.03434,9,12,55048.01,660576.09,407206.52,253369.57,93946.42,2312675.18,-2153252.03,73397.34,0.0426,28116.0,0.0121,41,4.68,441,8.7,1.0,0.9391,8,32.7,0
2025-02,Retail,Busan,Marketplace,D-Home,VIP,13892,0.01695,235,295,0.02265,6,5,56726.08,283630.41,184563.0,99067.41,112218.93,355393.08,-368544.59,47271.73,0.0068,1935.26,0.0554,43,4.11,825,5.1,0.9384,0.9323,5,31.2,0
2025-02,Retail,Busan,Marketplace,E-Office,Mass,11537,0.02726,314,418,0.03615,15,24,58767.86,1410428.64,827440.4,582988.24,119824.4,1157979.29,-694815.45,94028.58,0.0482,68043.23,0.0426,32,4.26,446,6.1,0.9465,0.8595,16,30.6,0
2025-02,Retail,Busan,Marketplace,E-Office,Affinity,12544,0.02098,263,327,0.0264,8,9,57479.16,517312.4,311761.68,205550.72,150614.16,289474.17,-234537.61,64664.05,0.0296,15310.49,0.03,40,4.63,796,8.3,0.9457,0.9315,19,30.9,4
2025-02,Retail,Busan,Marketplace,E-Office,VIP,9818,0.01566,153,189,0.0211,3,1,60253.13,60253.13,36423.45,23829.68,69704.56,712739.36,-758614.24,20084.38,0.0384,2313.42,0.0256,39,4.36,563,9.4,0.9093,0.9651,9,28.5,0
2025-02,Retail,Busan,Marketplace,F-Outdoor,Mass,11089,0.02389,264,311,0.02385,7,7,62232.12,435624.87,271759.0,163865.87,126407.68,539108.37,-501650.18,62232.12,0.0236,10268.85,0.0356,8,4.46,784,5.4,0.9555,0.8777,2,38.4,0
2025-02,Retail,Busan,Marketplace,F-Outdoor,Affinity,8678,0.01953,169,224,0.02008,4,5,62694.75,313473.74,182363.01,131110.73,62368.13,2292691.87,-2223949.27,78368.44,0.0294,9200.47,0.0285,43,4.64,1064,10.9,0.9388,0.9509,14,42.3,1
2025-02,Retail,Busan,Marketplace,F-Outdoor,VIP,9140,0.02341,213,243,0.03202,7,8,64586.7,516693.63,304672.41,212021.22,116205.26,2194051.17,-2098235.21,73813.38,0.0415,21444.09,0.0187,47,3.87,844,5.4,0.9415,0.9639,6,20.4,4
2025-02,Retail,Busan,App,A-Standard,Mass,7510,0.02067,155,170,0.02739,4,6,29540.31,177241.88,124103.21,53138.68,77881.54,531066.92,-555809.79,44310.47,0.0227,4024.48,0.0439,26,3.78,328,8.5,0.9399,0.9403,25,33.8,0
2025-02,Retail,Busan,App,A-Standard,Affinity,9467,0.02481,234,251,0.01649,4,5,29886.48,149432.42,103523.27,45909.15,133275.81,686902.27,-774268.92,37358.11,0.0408,6097.15,0.0272,36,4.65,494,4.0,0.9772,0.9359,15,22.6,1
2025-02,Retail,Busan,App,A-Standard,VIP,8199,0.03164,259,312,0.03436,10,9,29891.08,269019.73,189397.64,79622.09,97485.24,1789358.37,-1807221.53,26901.97,0.0,0.0,0.0306,28,4.59,634,5.8,0.9807,0.9101,13,20.9,0
2025-02,Retail,Busan,App,B-Pro,Mass,8870,0.01517,134,158,0.02338,3,4,44101.21,176404.82,109392.18,67012.64,72448.99,955406.63,-960842.97,58801.61,0.0349,6162.94,0.0419,25,3.76,761,3.9,0.9787,1.0,16,14.5,0
2025-02,Retail,Busan,App,B-Pro,Affinity,9518,0.02313,220,245,0.02642,6,5,43350.31,216751.53,143851.99,72899.54,117502.72,1039763.59,-1084366.77,36125.25,0.0481,10416.0,0.0259,41,3.93,233,6.1,0.934,0.9158,13,14.2,3
2025-02,Retail,Busan,App,B-Pro,VIP,9726,0.02769,269,299,0.02693,8,7,44333.8,310336.61,210029.11,100307.5,112223.31,946171.57,-958087.39,38792.08,0.0384,11926.16,0.0303,49,3.87,792,8.5,0.9549,0.9561,2,36.2,2
2025-02,Retail,Busan,App,C-Ultra,Mass,10677,0.02734,291,386,0.02117,8,13,71084.66,924100.56,540964.71,383135.85,110678.81,550899.59,-278442.54,115512.57,0.0311,28721.08,0.0492,66,3.88,237,5.8,0.9705,0.9829,7,28.6,5
2025-02,Retail,Busan,App,C-Ultra,Affinity,8761,0.01615,141,184,0.02621,4,7,68090.44,476633.11,273831.23,202801.87,97595.19,2790300.77,-2685094.09,119158.28,0.0781,37241.2,0.0215,29,3.75,429,4.7,0.9345,0.9123,6,39.0,0
2025-02,Retail,Busan,App,C-Ultra,VIP,8663,0.02671,231,303,0.02907,8,11,66588.95,732478.43,424317.92,308160.51,90399.0,1483627.6,-1265866.09,91559.8,0.0469,34389.5,0.0142,54,3.71,724,7.4,0.9585,0.883,20,38.9,2
2025-02,Retail,Busan,App,D-Home,Mass,7450,0.02964,220,256,0.01478,3,4,56804.64,227218.56,151292.57,75925.99,52807.99,1009042.76,-985924.75,75739.52,0.0463,10529.71,0.0434,51,5.0,390,9.0,1.0,0.9137,8,20.5,0
2025-02,Retail,Busan,App,D-Home,Affinity,7895,0.02107,166,183,0.03819,6,8,53063.53,424508.23,282727.04,141781.2,88345.92,279600.55,-226165.27,70751.37,0.0402,17078.34,0.0314,48,4.36,661,8.7,0.9369,0.8781,15,20.0,0
2025-02,Retail,Busan,App,D-Home,VIP,5923,0.03649,216,231,0.03006,6,9,53751.53,483763.78,292591.47,191172.31,98699.04,1446337.22,-1353863.95,80627.3,0.0152,7370.18,0.0373,35,3.87,250,5.5,0.9826,0.9442,12,34.2,0
2025-02,Retail,Busan,App,E-Office,Mass,9549,0.02305,220,268,0.02599,6,9,61700.41,555303.68,354484.66,200819.02,52812.27,1519005.68,-1370998.94,92550.61,0.0234,13000.79,0.0206,48,4.49,381,5.0,0.9746,0.9538,25,32.9,4
2025-02,Retail,Busan,App,E-Office,Affinity,10936,0.01732,189,219,0.01975,4,5,57544.0,287720.02,189160.18,98559.84,73815.61,532699.05,-507954.82,71930.01,0.0175,5048.83,0.042,15,3.92,524,4.3,0.9521,0.9908,16,27.5,0
2025-02,Retail,Busan,App,E-Office,VIP,8098,0.01512,122,135,0.03559,4,7,58563.84,409946.9,251322.22,158624.68,66525.44,660926.52,-568827.28,102486.73,0.0305,12504.27,0.012,16,3.81,847,7.4,0.9807,1.0,9,22.6,1
2025-02,Retail,Busan,App,F-Outdoor,Mass,7598,0.02406,182,200,0.02103,4,5,63162.71,315813.54,201089.65,114723.89,75814.95,1664278.54,-1625369.59,78953.39,0.0085,2694.9,0.0382,28,4.09,530,3.3,0.9766,0.9987,16,12.8,0
2025-02,Retail,Busan,App,F-Outdoor,Affinity,9117,0.0162,147,180,0.02891,5,4,61823.46,247293.85,159878.42,87415.43,90139.63,2408698.36,-2411422.56,49458.77,0.0333,8234.74,0.0449,22,4.12,300,7.6,0.977,1.0,19,37.5,1
2025-02,Retail,Busan,App,F-Outdoor,VIP,6368,0.03335,212,265,0.0231,6,9,63629.88,572668.89,368998.18,203670.71,104019.13,402182.96,-302531.38,95444.81,0.0538,30830.27,0.0275,26,3.69,230,6.7,0.9733,0.8846,11,27.9,2
2025-02,Online,Seoul,Direct,A-Standard,Mass,12826,0.02378,305,326,0.01825,5,7,30531.34,213719.36,140293.0,73426.36,122963.79,45973.31,-95510.74,42743.87,0.0111,2368.22,0.0345,55,4.82,566,6.3,0.9485,0.9871,12,33.0,0
2025-02,Online,Seoul,Direct,A-Standard,Affinity,16125,0.02634,424,456,0.01901,8,16,30279.45,484471.16,339679.97,144791.19,210295.07,743660.95,-809164.83,60558.9,0.039,18870.81,0.0119,52,3.91,716,9.9,0.9452,0.8916,10,28.4,1
2025-02,Online,Seoul,Direct,A-Standard,VIP,9537,0.03402,324,406,0.03445,13,21,30738.97,645518.35,444863.78,200654.57,110751.93,585298.69,-495396.05,49655.26,0.0544,35129.21,0.0198,44,4.04,545,3.1,0.9143,0.8894,1,34.0,1
2025-02,Online,Seoul,Direct,B-Pro,Mass,10936,0.0302,330,359,0.02714,9,14,45671.67,639403.38,394209.31,245194.07,109898.07,1338794.94,-1203498.94,71044.82,0.0297,18973.67,0.0381,7,4.01,1179,6.5,0.9432,1.0,10,25.3,0
2025-02,Online,Seoul,Direct,B-Pro,Affinity,14166,0.02983,422,480,0.02394,11,18,43943.95,790991.1,512179.21,278811.89,95893.58,619702.49,-436784.19,71908.28,0.0313,24732.7,0.0416,52,4.06,950,8.4,1.0,0.913,5,34.4,0
2025-02,Online,Seoul,Direct,B-Pro,VIP,14640,0.01787,261,295,0.03125,9,15,45124.53,676867.98,432518.77,244349.21,86532.11,2052325.58,-1894508.48,75207.55,0.0297,20103.21,0.0365,63,3.68,574,5.0,0.9399,0.9292,7,23.6,0
2025-02,Online,Seoul,Direct,C-Ultra,Mass,12152,0.02424,294,313,0.03089,9,9,68836.87,619531.8,347344.99,272186.82,132881.29,1953057.77,-1813752.25,68836.87,0.0341,21130.52,0.0305,54,3.62,486,7.7,0.8779,0.9556,16,31.7,0
2025-02,Online,Seoul,Direct,C-Ultra,Affinity,13439,0.01837,246,305,0.02813,8,14,71236.26,997307.62,561310.11,435997.51,159075.12,1853836.97,-1576914.58,124663.45,0.0262,26178.56,0.0318,63,4.37,721,9.0,0.9688,0.9551,8,36.0,2
2025-02,Online,Seoul,Direct,C-Ultra,VIP,12939,0.02512,325,357,0.03314,11,15,72151.69,1082275.29,625460.3,456815.0,113710.18,2412517.67,-2069412.85,98388.66,0.052,56329.36,0.0344,30,3.33,934,13.4,0.9816,0.9134,13,24.5,1
2025-02,Online,Seoul,Direct,D-Home,Mass,15352,0.02787,427,524,0.02709,14,18,55552.17,999939.04,670387.39,329551.65,93292.96,1733215.79,-1496957.1,71424.22,0.0274,27398.39,0.0386,36,4.41,510,3.0,0.944,0.9173,12,33.1,3
2025-02,Online,Seoul,Direct,D-Home,Affinity,12273,0.01851,227,281,0.01581,4,4,57216.41,228865.64,140590.29,88275.35,107321.99,713734.23,-732780.88,57216.41,0.0352,8052.44,0.0454,59,3.91,854,7.4,0.996,0.9765,16,32.8,1
2025-02,Online,Seoul,Direct,D-Home,VIP,12363,0.02079,257,290,0.03957,11,12,55870.44,670445.26,408865.25,261580.01,122857.67,1695557.26,-1556834.92,60949.57,0.0164,10969.92,0.0458,36,4.3,640,7.4,0.9535,0.9542,13,14.2,1
2025-02,Online,Seoul,Direct,E-Office,Mass,11399,0.03516,400,430,0.01804,7,12,62306.47,747677.68,472213.45,275464.23,218074.18,1518831.04,-1461440.99,106811.1,0.0464,34664.17,0.0451,19,4.64,627,5.6,0.977,0.9444,14,35.2,0
2025-02,Online,Seoul,Direct,E-Office,Affinity,14494,0.02064,299,358,0.0328,11,11,59828.17,658109.9,394746.68,263363.22,85512.88,1598255.67,-1420405.33,59828.17,0.0411,27027.54,0.0333,52,4.11,159,11.8,0.9291,0.9398,13,31.7,1
2025-02,Online,Seoul,Direct,E-Office,VIP,16161,0.02218,358,436,0.03572,15,21,60830.47,1277439.97,752444.91,524995.06,123820.03,1014663.56,-613488.52,85162.66,0.0361,46149.5,0.0201,31,4.53,654,5.5,0.9271,0.9519,0,31.4,0
2025-02,Online,Seoul,Direct,F-Outdoor,Mass,10632,0.02386,253,270,0.02966,8,8,61981.54,495852.33,298106.88,197745.45,123535.51,704261.69,-630051.75,61981.54,0.0404,20008.41,0.0295,57,4.19,630,5.9,0.9871,0.9559,12,36.4,2
2025-02,Online,Seoul,Direct,F-Outdoor,Affinity,13277,0.01542,204,222,0.03273,7,9,67684.82,609163.37,359357.18,249806.2,115164.34,1839264.96,-1704623.1,87023.34,0.0402,24494.69,0.0234,47,5.0,406,7.9,0.9988,0.8882,21,34.8,3
2025-02,Online,Seoul,Direct,F-Outdoor,VIP,12274,0.02795,343,413,0.02166,8,8,65020.12,520160.99,313797.64,206363.35,147085.1,653752.83,-594474.58,65020.12,0.0209,10861.29,0.0336,36,3.59,760,10.1,0.9901,0.8799,10,31.3,0
2025-02,Online,Seoul,Partner,A-Standard,Mass,9189,0.03112,285,376,0.02919,10,13,31340.48,407426.27,264404.83,143021.43,86543.69,1808917.21,-1752439.47,40742.63,0.0028,1158.81,0.0443,51,4.4,546,7.5,0.9038,0.9099,19,30.3,4
2025-02,Online,Seoul,Partner,A-Standard,Affinity,10085,0.02447,246,320,0.01847,5,3,30171.25,90513.75,60470.08,30043.67,86693.63,1419860.98,-1476510.95,18102.75,0.0443,4009.37,0.0302,36,4.31,735,6.2,0.9854,0.9324,1,33.0,1
2025-02,Online,Seoul,Partner,A-Standard,VIP,11776,0.02927,344,365,0.02735,9,16,29126.33,466021.26,330844.24,135177.02,107851.44,2989809.08,-2962483.5,51780.14,0.0381,17753.86,0.025,18,4.04,348,7.6,0.9315,0.9331,20,24.8,0
2025-02,Online,Seoul,Partner,B-Pro,Mass,11945,0.01642,196,214,0.02122,4,5,45148.78,225743.88,146675.2,79068.67,57857.82,2149073.98,-2127863.13,56435.97,0.0508,11473.09,0.0249,43,4.07,380,7.9,0.9977,0.9423,8,18.5,1
2025-02,Online,Seoul,Partner,B-Pro,Affinity,13107,0.02421,317,370,0.03262,12,22,45801.1,1007624.14,663917.28,343706.86,137443.79,2556505.55,-2350242.48,83968.68,0.0276,27848.69,0.0236,39,4.39,314,8.2,0.9098,0.9341,7,26.5,3
2025-02,Online,Seoul,Partner,B-Pro,VIP,14585,0.02877,419,487,0.03877,18,10,44315.07,443150.72,295723.79,147426.93,158094.09,834199.64,-844866.8,24619.48,0.0626,27737.48,0.0159,24,4.0,520,7.4,0.9706,0.9222,14,34.5,0
2025-02,Online,Seoul,Partner,C-Ultra,Mass,8902,0.02188,194,251,0.01967,4,4,71078.57,284314.29,171984.74,112329.55,86070.51,2881378.26,-2855119.22,71078.57,0.044,12496.91,0.0268,65,4.53,674,3.3,0.9719,0.9907,4,25.2,5
2025-02,Online,Seoul,Partner,C-Ultra,Affinity,12244,0.01283,157,178,0.02202,3,4,67114.26,268457.06,152640.3,115816.76,83956.33,1254322.42,-1222461.99,89485.69,0.0214,5742.54,0.0323,48,4.51,1206,4.1,0.9163,0.9696,14,22.1,1
2025-02,Online,Seoul,Partner,C-Ultra,VIP,9545,0.01575,150,166,0.02882,4,5,69795.86,348979.32,221291.73,127687.59,57331.52,1767514.75,-1697158.69,87244.83,0.0372,12965.3,0.0255,49,3.91,693,13.0,0.911,0.9951,22,21.4,1
2025-02,Online,Seoul,Partner,D-Home,Mass,12320,0.01992,245,276,0.01401,3,5,53383.28,266916.41,165733.38,101183.03,128332.17,2643436.52,-2670585.66,88972.14,0.0193,5156.96,0.0423,62,4.23,446,9.4,0.9023,1.0,10,27.6,0
2025-02,Online,Seoul,Partner,D-Home,Affinity,14494,0.01877,272,299,0.02545,7,8,52940.9,423527.17,276985.47,146541.7,129818.27,1465647.04,-1448923.61,60503.88,0.0534,22617.27,0.0445,42,3.99,218,9.7,0.9448,0.944,22,49.3,4
2025-02,Online,Seoul,Partner,D-Home,VIP,15598,0.03028,472,505,0.02549,12,11,53929.9,593228.91,371548.19,221680.72,226520.12,2694949.14,-2699788.54,49435.74,0.0505,29968.33,0.0252,64,4.05,698,3.8,0.9557,0.8356,12,25.7,4
2025-02,Online,Seoul,Partner,E-Office,Mass,11320,0.02834,320,356,0.02038,7,8,57488.84,459910.74,287793.66,172117.08,90045.65,1753764.46,-1671693.03,65701.53,0.0221,10157.81,0.0217,42,3.98,900,4.2,0.9316,0.8915,23,40.8,0
2025-02,Online,Seoul,Partner,E-Office,Affinity,10674,0.0375,400,462,0.02876,13,16,61956.98,991311.71,606547.62,384764.09,181500.46,2584241.69,-2380978.06,76254.75,0.0276,27407.5,0.0374,31,4.1,840,11.2,0.9228,0.9051,21,11.3,0
2025-02,Online,Seoul,Partner,E-Office,VIP,13136,0.02183,286,372,0.044,16,19,57939.53,1100851.01,707941.27,392909.74,99704.87,2999460.21,-2706255.34,68803.19,0.0059,6445.17,0.005,45,4.09,637,6.7,0.9208,0.9538,14,38.7,1
2025-02,Online,Seoul,Partner,F-Outdoor,Mass,8187,0.02859,234,277,0.02727,7,8,65458.16,523665.26,333774.78,189890.48,97732.21,752006.94,-659848.67,74809.32,0.0487,25514.08,0.0334,38,4.5,347,9.6,0.9639,0.9643,17,34.0,0
2025-02,Online,Seoul,Partner,F-Outdoor,Affinity,9934,0.0318,315,402,0.02334,9,13,62934.35,818146.57,494684.5,323462.07,90133.46,2679925.7,-2446597.09,90905.17,0.0439,35948.46,0.0413,50,4.28,1026,7.6,0.9758,0.9299,13,20.5,0
2025-02,Online,Seoul,Partner,F-Outdoor,VIP,12543,0.03407,427,506,0.02468,12,14,62816.73,879434.18,553500.99,325933.18,159311.95,932686.11,-766064.87,73286.18,0.0637,56036.33,0.0327,58,3.99,1047,8.0,0.9329,0.9199,20,27.8,1
2025-02,Online,Seoul,Marketplace,A-Standard,Mass,12620,0.03285,414,495,0.02496,12,14,30031.06,420434.88,299239.91,121194.98,179660.1,90276.18,-148741.3,35036.24,0.0514,21622.39,0.0466,43,5.0,0,6.0,1.0,0.9136,9,25.1,1
2025-02,Online,Seoul,Marketplace,A-Standard,Affinity,18656,0.02959,552,673,0.03208,21,18,30527.1,549487.71,370903.04,178584.67,144940.46,1142677.78,-1109033.56,26166.08,0.0362,19910.94,0.0214,31,4.35,998,6.9,1.0,1.0,20,26.0,0
2025-02,Online,Seoul,Marketplace,A-Standard,VIP,20184,0.02532,511,625,0.03518,21,19,30172.32,573274.09,388756.82,184517.27,193497.31,731117.39,-740097.42,27298.77,0.0254,14545.09,0.036,30,3.57,495,2.4,1.0,0.9602,10,3.4,1
2025-02,Online,Seoul,Marketplace,B-Pro,Mass,20357,0.0231,470,577,0.03553,20,36,46772.87,1683823.18,1065179.89,618643.29,277379.6,403298.07,-62034.38,84191.16,0.063,106130.26,0.0331,53,4.34,773,8.1,0.9257,0.9132,13,24.3,0
2025-02,Online,Seoul,Marketplace,B-Pro,Affinity,20139,0.0272,547,708,0.01571,11,17,46595.38,792121.46,504330.77,287790.69,244695.41,2762734.38,-2719639.1,72011.04,0.0294,23289.97,0.0328,56,3.7,702,5.8,0.9145,0.8891,20,41.1,2
2025-02,Online,Seoul,Marketplace,B-Pro,VIP,15739,0.02866,451,499,0.02893,14,20,43663.74,873274.71,571596.31,301678.41,177970.7,1849429.18,-1725721.47,62376.77,0.017,14865.56,0.0275,36,3.65,731,8.0,0.9627,0.9967,16,30.7,1
2025-02,Online,Seoul,Marketplace,C-Ultra,Mass,17571,0.01777,312,340,0.02311,7,10,71048.01,710480.05,419122.99,291357.06,146638.93,1259195.6,-1114477.47,101497.15,0.032,22748.7,0.0477,68,3.69,607,5.4,0.9558,0.8484,15,30.4,1
2025-02,Online,Seoul,Marketplace,C-Ultra,Affinity,13837,0.02818,389,466,0.02356,10,12,69581.21,834974.55,520593.78,314380.77,216058.09,2367043.6,-2268720.91,83497.45,0.0337,28123.44,0.0298,40,4.3,747,6.7,0.9697,0.8993,36,35.9,1
2025-02,Online,Seoul,Marketplace,C-Ultra,VIP,21632,0.01976,427,527,0.01566,8,12,69535.24,834422.88,481778.18,352644.71,103382.86,556126.93,-306865.08,104302.86,0.0319,26638.56,0.0341,31,4.14,766,7.0,0.9404,0.9383,15,20.2,1
2025-02,Online,Seoul,Marketplace,D-Home,Mass,15497,0.02559,396,510,0.02192,11,18,52602.75,946849.51,585937.69,360911.82,139716.07,2795612.35,-2574416.6,86077.23,0.0476,45047.2,0.0396,30,4.37,632,9.3,0.9967,0.9338,15,25.1,2
2025-02,Online,Seoul,Marketplace,D-Home,Affinity,16024,0.03184,510,625,0.0306,19,28,53141.62,1487965.32,907107.32,580858.0,213578.96,1622656.37,-1255377.34,78313.96,0.0175,26060.98,0.03,51,4.6,820,10.3,0.9239,0.9119,5,21.9,0
2025-02,Online,Seoul,Marketplace,D-Home,VIP,19674,0.02231,438,558,0.0341,19,37,56753.01,2099861.3,1296612.21,803249.1,131892.68,2742098.65,-2070742.23,110519.02,0.0553,116225.16,0.0321,53,4.75,606,5.7,0.9779,0.9324,21,30.0,0
2025-02,Online,Seoul,Marketplace,E-Office,Mass,17478,0.03268,571,741,0.02442,18,26,57421.03,1492946.7,878605.89,614340.81,227590.63,2930219.51,-2543469.33,82941.48,0.041,61153.29,0.0299,50,4.37,904,7.5,0.9676,0.9832,16,31.9,1
2025-02,Online,Seoul,Marketplace,E-Office,Affinity,16066,0.02226,357,382,0.03016,11,15,60185.17,902777.62,530399.58,372378.04,163355.25,494540.15,-285517.36,82070.69,0.0,0.0,0.0411,38,4.49,304,5.6,1.0,0.9528,7,16.3,0
2025-02,Online,Seoul,Marketplace,E-Office,VIP,16413,0.02968,487,561,0.01951,10,8,57727.3,461818.39,283164.73,178653.66,230303.66,1966570.76,-2018220.76,46181.84,0.0341,15744.93,0.031,41,3.98,545,4.9,0.9386,0.899,6,28.1,3
2025-02,Online,Seoul,Marketplace,F-Outdoor,Mass,20476,0.03219,659,752,0.02475,18,25,67612.08,1690302.09,989384.69,700917.4,383677.62,1485478.0,-1168238.21,93905.67,0.031,52391.1,0.0333,43,4.53,808,7.4,0.9884,1.0,23,22.8,2
2025-02,Online,Seoul,Marketplace,F-Outdoor,Affinity,12768,0.0149,190,251,0.0283,7,11,67288.48,740173.25,449853.73,290319.52,99919.44,977358.85,-786958.77,105739.04,0.0409,30248.74,0.0285,43,3.98,948,4.8,0.9526,0.9196,13,24.5,1
2025-02,Online,Seoul,Marketplace,F-Outdoor,VIP,14657,0.02424,355,415,0.0339,14,15,66075.49,991132.4,604443.18,386689.23,196475.66,1197765.21,-1007551.65,70795.17,0.0473,46881.41,0.0279,44,4.65,974,8.6,1.0,0.9383,6,30.9,1
2025-02,Online,Seoul,App,A-Standard,Mass,14235,0.03285,467,564,0.02289,12,21,30081.99,631721.7,426649.34,205072.36,152863.51,2907147.73,-2854938.88,52643.48,0.0211,13360.25,0.0239,51,3.93,512,6.9,0.9607,0.8635,4,25.7,0
2025-02,Online,Seoul,App,A-Standard,Affinity,14726,0.02537,373,492,0.02411,11,12,29101.39,349216.72,235238.41,113978.31,143560.38,1164320.29,-1193902.36,31746.97,0.0203,7100.13,0.0246,32,4.22,997,8.3,0.9315,0.9717,12,29.5,0
2025-02,Online,Seoul,App,A-Standard,VIP,9617,0.02588,248,318,0.04249,13,12,29161.21,349934.46,239486.85,110447.61,93402.51,665829.55,-648784.44,26918.04,0.0481,16842.73,0.0259,48,4.17,658,9.3,0.9982,0.9184,23,26.5,0
2025-02,Online,Seoul,App,B-Pro,Mass,13922,0.01565,217,231,0.02686,6,7,43039.81,301278.69,193487.09,107791.6,139562.48,2330766.87,-2362537.75,50213.11,0.0201,6050.67,0.0419,40,4.19,709,4.8,0.9357,0.9581,0,32.9,0
2025-02,Online,Seoul,App,B-Pro,Affinity,12145,0.02879,349,449,0.02568,11,11,45312.5,498437.46,335482.59,162954.88,104599.28,1105696.95,-1047341.36,45312.5,0.0396,19745.22,0.0406,30,4.41,418,6.0,0.9547,0.9258,2,27.7,2
2025-02,Online,Seoul,App,B-Pro,VIP,14480,0.02769,400,487,0.03146,15,13,44421.9,577484.74,386030.35,191454.39,129346.38,989008.88,-926900.87,38498.98,0.0481,27769.4,0.0334,56,4.74,404,5.9,0.9815,0.9113,16,28.5,0
2025-02,Online,Seoul,App,C-Ultra,Mass,12737,0.02138,272,303,0.01353,4,5,70590.75,352953.76,221690.36,131263.4,69037.21,1734012.68,-1671786.49,88238.44,0.0303,10708.26,0.0383,32,4.14,517,6.8,1.0,0.9784,18,30.1,4
2025-02,Online,Seoul,App,C-Ultra,Affinity,13437,0.03661,491,546,0.02544,13,18,72743.98,1309391.64,804338.13,505053.51,238743.97,1898297.26,-1631987.72,100722.43,0.0164,21458.76,0.0439,31,3.86,561,5.5,0.9578,0.8563,8,33.8,2
2025-02,Online,Seoul,App,C-Ultra,VIP,8970,0.01934,173,189,0.02363,4,4,68943.86,275775.45,164907.06,110868.39,89309.35,2168285.2,-2146726.16,68943.86,0.0241,6653.35,0.0314,50,4.69,764,7.0,0.9542,0.9275,6,30.9,2
2025-02,Online,Seoul,App,D-Home,Mass,17659,0.0247,436,578,0.02571,14,28,52492.15,1469780.06,897656.97,572123.09,214393.4,2775165.32,-2417435.63,104984.29,0.0414,60817.61,0.0383,44,4.2,457,9.4,0.9697,0.8738,19,35.0,2
2025-02,Online,Seoul,App,D-Home,Affinity,14525,0.0205,297,347,0.01603,5,6,57620.49,345722.94,231223.0,114499.94,116747.76,576269.62,-578517.44,69144.59,0.0345,11926.16,0.0235,33,3.56,515,5.9,0.9079,1.0,11,32.1,0
2025-02,Online,Seoul,App,D-Home,VIP,12418,0.0279,346,388,0.0305,11,6,52268.82,313612.89,198068.64,115544.26,96553.06,1096246.4,-1077255.2,28510.26,0.044,13787.66,0.02,55,3.91,782,4.8,0.8713,0.8955,4,34.3,0
2025-02,Online,Seoul,App,E-Office,Mass,14773,0.02576,380,443,0.02959,13,17,61164.3,1039793.06,624405.09,415387.97,206977.68,2449074.36,-2240664.07,79984.08,0.0232,24083.85,0.0304,22,3.97,614,8.7,0.9526,0.9014,14,39.0,0
2025-02,Online,Seoul,App,E-Office,Affinity,12545,0.02186,274,365,0.03098,11,17,58896.57,1001241.72,585223.26,416018.46,140908.42,436994.71,-161884.68,91021.97,0.0477,47808.31,0.0434,28,4.25,953,4.6,0.9365,0.9795,10,12.0,1
2025-02,Online,Seoul,App,E-Office,VIP,11158,0.01619,180,229,0.02843,6,8,62323.16,498585.26,318230.9,180354.36,69233.54,3004965.17,-2893844.35,83097.54,0.0162,8072.69,0.0323,61,3.91,449,10.0,0.9957,1.0,17,12.8,0
2025-02,Online,Seoul,App,F-Outdoor,Mass,13703,0.02835,388,440,0.01933,8,9,66068.08,594612.74,346398.0,248214.73,191184.18,1018636.49,-961605.93,74326.59,0.007,4137.39,0.0249,38,4.41,377,6.4,0.9588,0.961,19,27.7,0
2025-02,Online,Seoul,App,F-Outdoor,Affinity,13906,0.03407,473,499,0.02334,11,11,62414.03,686554.33,393900.05,292654.28,243339.84,1729820.0,-1680505.56,62414.03,0.0385,26424.61,0.0189,32,4.61,646,8.2,0.8409,0.8878,14,24.0,0
2025-02,Online,Seoul,App,F-Outdoor,VIP,15800,0.0239,377,446,0.02911,12,9,64652.43,581871.86,346224.31,235647.55,132466.94,54111.83,49068.78,48489.32,0.0448,26083.54,0.0529,20,4.2,585,7.1,0.9565,0.9302,21,19.5,2
2025-02,Online,Busan,Direct,A-Standard,Mass,8534,0.0303,258,306,0.03094,9,13,30984.88,402803.38,284109.87,118693.52,96907.66,1764455.66,-1742669.81,44755.93,0.0259,10432.11,0.0407,48,4.29,671,8.8,0.9764,0.9567,6,30.9,1
2025-02,Online,Busan,Direct,A-Standard,Affinity,8006,0.02289,183,201,0.01494,3,3,30597.29,91791.86,62529.11,29262.75,104973.95,1494907.33,-1570618.52,30597.29,0.0495,4547.12,0.0315,46,4.29,634,6.4,1.0,0.8861,14,29.8,0
2025-02,Online,Busan,Direct,A-Standard,VIP,10286,0.01634,168,192,0.02286,4,4,29425.43,117701.72,81696.14,36005.58,114618.46,2801296.89,-2879909.77,29425.43,0.0415,4881.41,0.0079,63,4.37,664,10.1,0.9642,0.9173,5,23.9,0
2025-02,Online,Busan,Direct,B-Pro,Mass,9492,0.01275,121,150,0.02117,3,3,43501.0,130502.99,82400.48,48102.52,73017.2,1600565.25,-1625479.93,43501.0,0.0782,10199.75,0.0507,49,4.11,728,8.7,0.9617,0.9371,17,22.0,0
2025-02,Online,Busan,Direct,B-Pro,Affinity,11458,0.02461,282,349,0.02068,7,10,43768.55,437685.53,294516.28,143169.25,164341.31,1156559.53,-1177731.58,62526.5,0.0402,17573.42,0.0587,48,3.83,215,5.4,0.9421,0.9713,25,27.0,1
2025-02,Online,Busan,Direct,B-Pro,VIP,9295,0.0268,249,295,0.02585,7,7,44522.41,311656.85,203457.07,108199.79,79515.77,784533.92,-755849.91,44522.41,0.0346,10783.95,0.005,50,4.52,771,8.4,0.9849,0.923,10,31.4,0
2025-02,Online,Busan,Direct,C-Ultra,Mass,11781,0.02132,251,282,0.01889,5,7,67213.1,470491.7,280206.99,190284.72,113448.81,1353208.96,-1276373.05,94098.34,0.0354,16648.1,0.0588,53,4.14,529,5.4,0.8912,0.9233,14,46.9,0
2025-02,Online,Busan,Direct,C-Ultra,Affinity,9096,0.02514,228,292,0.01853,5,8,68416.65,547333.19,342250.61,205082.58,84437.58,1800397.83,-1679752.83,109466.64,0.0124,6800.08,0.0399,55,3.93,262,7.7,0.8884,0.9005,19,29.3,0
2025-02,Online,Busan,Direct,C-Ultra,VIP,11006,0.02407,264,310,0.03393,10,12,70012.3,840147.62,491875.39,348272.23,125134.81,3129982.74,-2906845.32,84014.76,0.0244,20462.66,0.0189,39,4.17,780,11.1,0.9664,0.8831,9,25.8,0
2025-02,Online,Busan,Direct,D-Home,Mass,9516,0.03153,300,329,0.02772,9,12,54262.38,651148.56,421781.6,229366.96,107280.49,3039048.92,-2916962.45,72349.84,0.0398,25886.73,0.0457,37,4.01,87,8.8,0.949,0.8956,17,40.6,0
2025-02,Online,Busan,Direct,D-Home,Affinity,8151,0.03863,314,351,0.02292,8,8,54346.87,434774.99,267360.9,167414.09,98350.43,1064112.89,-995049.23,54346.87,0.0236,10243.1,0.0419,41,3.81,437,6.0,0.9574,0.9172,20,46.6,0
2025-02,Online,Busan,Direct,D-Home,VIP,9139,0.02243,204,227,0.03314,7,10,55528.86,555288.61,364313.15,190975.46,56869.2,1614351.35,-1480245.08,79326.94,0.0228,12659.54,0.0311,51,4.0,891,6.6,0.9566,0.9043,19,5.8,2
2025-02,Online,Busan,Direct,E-Office,Mass,10251,0.02353,241,284,0.02699,7,8,59173.22,473385.79,309755.08,163630.71,140234.83,455408.36,-432012.48,67626.54,0.0099,4708.44,0.0405,29,3.84,724,4.1,0.9529,0.9085,11,22.5,0
2025-02,Online,Busan,Direct,E-Office,Affinity,9149,0.02728,249,267,0.02549,6,9,59069.42,531624.76,343972.77,187651.99,138680.75,2687531.19,-2638559.95,88604.13,0.0298,15821.34,0.0489,29,4.39,563,9.7,0.9208,0.9326,0,31.3,0
2025-02,Online,Busan,Direct,E-Office,VIP,10904,0.00732,79,86,0.02772,2,2,58485.63,116971.25,69228.17,47743.08,65053.83,166628.9,-183939.65,58485.63,0.0384,4492.14,0.0183,28,3.93,618,6.3,0.9643,0.9234,21,24.8,3
2025-02,Online,Busan,Direct,F-Outdoor,Mass,7614,0.02604,198,219,0.02465,5,8,62233.47,497867.78,309043.96,188823.82,118065.32,858934.33,-788175.83,99573.56,0.0454,22588.32,0.027,59,4.21,513,7.2,0.9741,0.9679,14,24.2,1
2025-02,Online,Busan,Direct,F-Outdoor,Affinity,9893,0.02748,271,302,0.02638,7,11,65421.39,719635.24,432578.2,287057.05,128189.69,1914704.48,-1755837.13,102805.03,0.0367,26404.77,0.0323,51,4.41,981,4.9,0.9465,0.9047,2,29.4,0
2025-02,Online,Busan,Direct,F-Outdoor,VIP,12387,0.02675,331,431,0.03245,13,22,66236.87,1457211.14,837305.81,619905.33,174193.32,2133611.33,-1687899.32,112093.16,0.0303,44155.58,0.0374,55,4.32,402,7.5,0.9829,0.9349,5,29.6,2
2025-02,Online,Busan,Partner,A-Standard,Mass,8804,0.02608,229,288,0.0228,6,5,31420.48,157102.42,103651.38,53451.04,122374.71,1925317.26,-1994240.93,26183.74,0.0375,5893.56,0.0098,62,4.67,347,5.1,0.9657,0.947,0,26.6,0
2025-02,Online,Busan,Partner,A-Standard,Affinity,11588,0.02701,312,384,0.02053,7,8,28977.24,231817.92,160149.0,71668.93,96867.06,1061461.87,-1086660.01,33116.85,0.0427,9890.88,0.0404,55,4.31,216,8.3,0.9393,0.8996,0,22.5,0
2025-02,Online,Busan,Partner,A-Standard,VIP,9726,0.024,233,303,0.02129,6,8,31073.54,248588.31,164813.63,83774.68,114351.45,1498554.93,-1529131.7,41431.38,0.0229,5691.75,0.0311,44,4.18,539,5.0,0.9441,0.8543,18,38.9,0
2025-02,Online,Busan,Partner,B-Pro,Mass,8187,0.02213,181,194,0.02125,4,5,44137.26,220686.28,146647.91,74038.37,69910.45,398982.65,-394854.74,55171.57,0.0588,12985.3,0.0428,42,4.16,356,5.2,0.9208,0.9704,3,28.6,0
2025-02,Online,Busan,Partner,B-Pro,Affinity,10972,0.02941,322,341,0.01786,6,6,47035.4,282212.43,173715.73,108496.69,175315.89,133586.47,-200405.66,47035.4,0.0274,7730.76,0.0237,34,4.54,832,6.5,0.9037,0.9244,7,23.6,0
2025-02,Online,Busan,Partner,B-Pro,VIP,9504,0.02032,193,235,0.02179,5,6,44035.32,264211.94,174037.58,90174.36,82120.29,2552420.91,-2544366.85,52842.39,0.0195,5149.91,0.0364,47,4.58,1064,8.8,0.9386,0.9495,22,31.8,0
2025-02,Online,Busan,Partner,C-Ultra,Mass,11235,0.02095,235,249,0.015,3,4,70609.95,282439.81,170884.28,111555.54,121695.37,1955036.75,-1965176.59,94146.6,0.0436,12318.91,0.0603,24,4.63,295,6.2,0.9739,0.8837,0,42.0,0
2025-02,Online,Busan,Partner,C-Ultra,Affinity,9658,0.02037,196,244,0.02586,6,8,71846.81,574774.46,344857.06,229917.41,104215.31,2392993.06,-2267290.96,95795.74,0.0346,19913.75,0.0238,62,4.37,515,7.4,0.9273,0.9259,8,31.3,0
2025-02,Online,Busan,Partner,C-Ultra,VIP,8566,0.0232,198,261,0.03112,8,4,67123.35,268493.39,160371.3,108122.09,102510.09,741442.47,-735830.48,33561.67,0.0164,4395.15,0.0285,46,3.67,760,4.0,1.0,0.9812,12,19.5,3
2025-02,Online,Busan,Partner,D-Home,Mass,9688,0.02871,278,315,0.0255,8,14,52981.2,741736.84,484889.63,256847.22,168659.04,1404189.05,-1316000.88,92717.11,0.0367,27234.95,0.0535,30,4.61,962,7.4,0.9913,0.9429,12,28.9,0
2025-02,Online,Busan,Partner,D-Home,Affinity,8650,0.02534,219,240,0.02483,5,7,52981.17,370868.16,246931.15,123937.01,72598.91,1014682.91,-963344.82,74173.63,0.0366,13572.13,0.0431,19,4.27,739,7.4,0.9685,0.9953,17,32.0,0
2025-02,Online,Busan,Partner,D-Home,VIP,7565,0.02223,168,208,0.03711,7,7,52967.04,370769.27,239868.39,130900.88,90546.89,1842792.55,-1802438.57,52967.04,0.0553,20497.77,0.0237,47,4.05,542,7.3,0.9644,0.8845,6,23.3,0
2025-02,Online,Busan,Partner,E-Office,Mass,7398,0.03587,265,321,0.02173,6,12,61817.55,741810.61,463602.38,278208.22,102535.2,1666133.56,-1490460.54,123635.1,0.0326,24156.79,0.0513,30,4.4,712,6.8,0.9467,0.9512,16,32.2,0
2025-02,Online,Busan,Partner,E-Office,Affinity,9542,0.02969,283,347,0.02405,8,12,59429.33,713151.94,441133.76,272018.18,100873.93,2018234.6,-1847090.35,89143.99,0.0485,34622.49,0.036,35,4.02,958,10.8,0.9574,0.926,18,33.6,0
2025-02,Online,Busan,Partner,E-Office,VIP,6982,0.0352,245,279,0.03814,10,14,60201.11,842815.6,547166.53,295649.07,66103.11,608765.32,-379219.36,84281.56,0.0444,37453.88,0.019,82,3.86,813,6.8,0.9225,0.8907,8,31.7,0
2025-02,Online,Busan,Partner,F-Outdoor,Mass,8058,0.0206,166,189,0.0206,3,4,65699.68,262798.71,166530.69,96268.01,73030.86,527577.17,-504340.02,87599.57,0.0422,11084.56,0.0308,72,3.98,400,8.5,0.9706,0.9697,3,20.1,4
2025-02,Online,Busan,Partner,F-Outdoor,Affinity,8839,0.01981,175,207,0.01805,3,4,66326.43,265305.72,163879.21,101426.51,100039.39,2905309.47,-2903922.35,88435.24,0.0149,3945.68,0.0095,33,4.14,667,6.6,1.0,0.9392,18,31.5,0
2025-02,Online,Busan,Partner,F-Outdoor,VIP,8089,0.01712,138,147,0.01907,2,2,63281.96,126563.91,76618.3,49945.61,62059.49,791120.05,-803233.93,63281.96,0.0239,3023.46,0.0173,25,4.54,309,10.1,0.9665,0.9657,9,29.6,0
2025-02,Online,Busan,Marketplace,A-Standard,Mass,13818,0.01717,237,297,0.0265,7,9,30008.88,270079.91,178402.56,91677.35,73920.8,2032422.82,-2014666.27,38582.84,0.0385,10402.63,0.0249,50,3.76,1048,7.5,0.9538,0.9503,12,31.0,0
2025-02,Online,Busan,Marketplace,A-Standard,Affinity,14863,0.02155,320,342,0.04013,13,19,29762.98,565496.61,375811.02,189685.6,169937.05,1752446.91,-1732698.37,43499.74,0.0214,12084.1,0.0305,56,3.94,449,10.2,0.933,0.9131,2,28.7,0
2025-02,Online,Busan,Marketplace,A-Standard,VIP,12119,0.02061,249,323,0.02915,9,8,29519.34,236154.71,165194.22,70960.48,135713.73,1780591.7,-1845344.94,26239.41,0.0278,6561.96,0.0208,32,3.93,471,7.0,0.953,0.8913,21,40.1,2
2025-02,Online,Busan,Marketplace,B-Pro,Mass,10876,0.01938,210,221,0.02722,6,4,45789.53,183158.11,117598.12,65559.99,72783.58,1253585.32,-1260808.91,30526.35,0.0479,8770.65,0.046,36,4.43,866,4.1,1.0,0.9091,15,32.0,1
2025-02,Online,Busan,Marketplace,B-Pro,Affinity,12557,0.03259,409,451,0.02559,11,10,45618.57,456185.66,281938.65,174247.0,133227.4,1488938.5,-1447918.89,41471.42,0.0477,21761.82,0.0331,54,4.51,885,5.2,0.963,0.9331,11,18.1,0
2025-02,Online,Busan,Marketplace,B-Pro,VIP,14436,0.02722,392,472,0.03363,15,19,44262.64,840990.2,548678.26,292311.94,92173.71,1616872.89,-1416734.66,56066.01,0.0392,32948.31,0.0208,68,4.05,548,5.9,0.967,0.8842,16,27.1,0
2025-02,Online,Busan,Marketplace,C-Ultra,Mass,13398,0.01818,243,261,0.02613,6,7,67719.51,474036.56,302907.93,171128.63,138877.95,118868.45,-86617.77,79006.09,0.0375,17797.8,0.0271,34,4.88,220,2.0,0.9449,0.9289,7,28.1,1
2025-02,Online,Busan,Marketplace,C-Ultra,Affinity,10734,0.02142,229,281,0.02369,6,11,69246.24,761708.68,473890.9,287817.78,103379.29,2911223.41,-2726784.92,126951.45,0.0126,9569.29,0.0341,44,3.67,998,8.6,0.9645,0.9443,11,30.2,2
2025-02,Online,Busan,Marketplace,C-Ultra,VIP,11910,0.02904,345,441,0.04227,18,22,70554.95,1552208.99,982376.17,569832.82,153756.61,959751.39,-543675.18,86233.83,0.0431,66941.48,0.0327,31,3.91,331,5.5,0.9988,0.8961,18,24.0,2
2025-02,Online,Busan,Marketplace,D-Home,Mass,10595,0.02604,275,315,0.03073,9,15,53959.02,809385.3,492285.59,317099.72,125725.2,2256376.64,-2065002.12,89931.7,0.0183,14796.27,0.0158,34,4.21,897,3.4,0.9352,0.9462,14,23.6,2
2025-02,Online,Busan,Marketplace,D-Home,Affinity,14469,0.02885,417,538,0.03442,18,32,55608.06,1779457.86,1083471.1,695986.76,226668.39,777312.93,-307994.55,98858.77,0.0506,89958.52,0.0365,19,4.37,772,7.8,0.9187,0.993,11,34.1,0
2025-02,Online,Busan,Marketplace,D-Home,VIP,11284,0.02289,258,297,0.02866,8,12,55847.67,670172.02,432123.69,238048.33,98425.71,3013806.16,-2874183.55,83771.5,0.0117,7866.68,0.0209,44,4.14,651,3.5,0.9585,0.9501,18,30.2,0
2025-02,Online,Busan,Marketplace,E-Office,Mass,14116,0.02765,390,430,0.02055,8,11,61043.1,671474.05,433658.51,237815.53,195897.84,2199747.14,-2157829.44,83934.26,0.043,28861.16,0.0372,34,4.32,649,6.9,0.9774,0.8967,10,28.4,0
2025-02,Online,Busan,Marketplace,E-Office,Affinity,13959,0.01771,247,277,0.03054,8,7,59614.65,417302.57,271585.11,145717.46,77385.75,2050338.59,-1982006.88,52162.82,0.0079,3282.23,0.031,38,3.66,680,6.2,1.0,0.9483,6,29.5,1
2025-02,Online,Busan,Marketplace,E-Office,VIP,12961,0.02857,370,455,0.03186,14,25,60300.13,1507503.17,986826.64,520676.53,153867.64,2887378.66,-2520569.77,107678.8,0.0589,88741.73,0.0447,47,4.66,641,11.6,1.0,0.893,12,24.0,0
2025-02,Online,Busan,Marketplace,F-Outdoor,Mass,14964,0.0271,405,493,0.02403,11,15,64432.12,966481.78,595187.95,371293.83,150821.38,753343.08,-532870.62,87861.98,0.023,22210.62,0.0467,54,3.95,932,6.2,0.9932,0.9591,4,26.0,0
2025-02,Online,Busan,Marketplace,F-Outdoor,Affinity,15522,0.01727,268,352,0.02843,10,14,63843.17,893804.39,554377.12,339427.27,83820.18,579150.71,-323543.62,89380.44,0.044,39326.64,0.039,55,4.09,706,10.3,0.9561,0.9841,13,30.7,1
2025-02,Online,Busan,Marketplace,F-Outdoor,VIP,13944,0.01433,199,265,0.02263,5,3,65858.43,197575.28,113872.31,83702.98,74619.65,1815232.55,-1806149.23,39515.06,0.0165,3251.26,0.0092,36,4.07,389,7.6,0.9525,0.9362,9,39.2,0
2025-02,Online,Busan,App,A-Standard,Mass,12372,0.02552,315,361,0.02796,10,17,30866.67,524733.36,369700.54,155032.82,131554.42,2456954.32,-2433475.92,52473.34,0.0393,20610.7,0.0422,33,4.26,909,8.0,0.9345,0.8998,3,24.8,1
2025-02,Online,Busan,App,A-Standard,Affinity,10923,0.03421,373,454,0.0161,7,9,30305.35,272748.11,177245.78,95502.33,146723.57,1627939.12,-1679160.36,38964.02,0.0486,13245.21,0.0392,25,4.03,727,7.7,0.996,0.9073,1,28.6,0
2025-02,Online,Busan,App,A-Standard,VIP,8969,0.00826,74,91,0.03136,2,3,29842.48,89527.44,60032.03,29495.4,28346.45,2370069.26,-2368920.31,44763.72,0.0325,2910.75,0.0195,42,4.72,771,6.1,0.9414,0.8763,10,34.2,0
2025-02,Online,Busan,App,B-Pro,Mass,10069,0.01798,181,193,0.01946,3,3,42978.85,128936.55,80510.93,48425.62,88933.62,1358410.57,-1398918.57,42978.85,0.0384,4945.51,0.0558,44,4.53,694,6.4,0.9169,0.877,16,33.7,1
2025-02,Online,Busan,App,B-Pro,Affinity,9312,0.02316,215,246,0.01511,3,3,46878.96,140636.88,94925.3,45711.59,74103.27,1149082.13,-1177473.81,46878.96,0.0326,4591.17,0.0442,45,4.01,1312,6.3,0.9553,0.9552,8,34.4,1
2025-02,Online,Busan,App,B-Pro,VIP,9460,0.02437,230,280,0.02932,8,13,42907.18,557793.37,359868.38,197924.99,77533.7,1269921.97,-1149530.68,69724.17,0.0164,9135.09,0.0262,70,4.52,641,9.1,0.925,0.965,28,33.3,3
2025-02,Online,Busan,App,C-Ultra,Mass,11026,0.03905,430,460,0.02279,10,9,73393.06,660537.54,381821.17,278716.37,145509.53,125646.67,7560.18,66053.75,0.0218,14370.4,0.049,50,3.63,433,6.1,0.9921,0.9715,13,42.5,0
2025-02,Online,Busan,App,C-Ultra,Affinity,7515,0.02489,187,231,0.01741,4,4,73088.37,292353.5,180120.53,112232.97,92077.53,985357.9,-965202.45,73088.37,0.0443,12951.15,0.0188,63,4.35,937,4.2,0.9744,0.8698,14,35.5,0
2025-02,Online,Busan,App,C-Ultra,VIP,7292,0.02672,194,211,0.03132,6,12,72447.95,869375.37,502673.25,366702.12,123550.48,2529719.47,-2286567.83,144895.9,0.034,29581.9,0.0327,33,4.31,944,10.5,0.9729,0.9159,19,29.7,2
2025-02,Online,Busan,App,D-Home,Mass,8636,0.01348,116,127,0.01521,1,1,56154.61,56154.61,35647.31,20507.3,48405.07,862587.99,-890485.75,56154.61,0.0447,2511.5,0.0232,22,4.3,603,8.7,0.9661,0.9588,9,33.4,4
2025-02,Online,Busan,App,D-Home,Affinity,9059,0.01317,119,142,0.03154,4,4,56782.31,227129.26,151615.54,75513.72,80153.16,2776634.04,-2781273.48,56782.31,0.0362,8210.86,0.0341,10,4.47,860,7.1,0.9228,0.9097,21,13.3,0
2025-02,Online,Busan,App,D-Home,VIP,8775,0.02048,179,226,0.03418,7,6,57069.4,342416.41,207865.67,134550.74,78718.98,455456.16,-399624.41,48916.63,0.017,5816.7,0.0403,55,4.11,595,3.6,0.9393,0.9187,10,35.7,0
2025-02,Online,Busan,App,E-Office,Mass,7657,0.02574,197,218,0.0172,3,4,61714.22,246856.87,154124.72,92732.15,116625.9,1092893.12,-1116786.87,82285.62,0.0445,10982.36,0.0388,48,3.96,579,7.0,0.9584,0.9373,10,44.4,0
2025-02,Online,Busan,App,E-Office,Affinity,11687,0.02824,330,386,0.01784,6,8,60026.7,480213.61,314291.38,165922.23,88561.76,1491700.3,-1414339.84,80035.6,0.0169,8120.98,0.0399,31,4.38,81,10.9,0.9789,0.8958,16,26.4,1
2025-02,Online,Busan,App,E-Office,VIP,10456,0.02409,251,265,0.01676,4,7,59995.87,419971.06,270313.24,149657.82,100816.46,2758113.4,-2709272.04,104992.77,0.0265,11140.01,0.0234,52,4.25,482,7.7,0.9269,0.8435,13,28.4,0
2025-02,Online,Busan,App,F-Outdoor,Mass,7810,0.02507,195,224,0.0153,3,5,67504.76,337523.82,211618.9,125904.92,83279.0,1711692.23,-1669066.3,112507.94,0.0258,8710.54,0.0392,51,4.28,860,8.7,0.9477,0.9213,16,28.4,1
2025-02,Online,Busan,App,F-Outdoor,Affinity,12058,0.02411,290,321,0.01322,4,3,61979.72,185939.15,108905.11,77034.04,95877.15,2901160.29,-2920003.4,46484.79,0.0239,4441.98,0.0476,35,4.33,588,2.0,0.9342,0.882,12,43.6,0
2025-02,Online,Busan,App,F-Outdoor,VIP,8575,0.01616,138,148,0.03006,4,4,63468.98,253875.9,158856.19,95019.71,67932.87,1253148.64,-1226061.79,63468.98,0.0403,10226.48,0.0239,52,4.0,764,3.3,0.9958,0.9824,7,26.6,0
2025-03,Retail,Seoul,Direct,A-Standard,Mass,12439,0.01841,229,245,0.02697,6,7,30633.3,214433.1,146207.56,68225.54,133186.27,294786.58,-359747.31,35738.85,0.0254,5453.55,0.0329,31,4.17,404,4.8,0.8999,1.0,8,37.4,1
2025-03,Retail,Seoul,Direct,A-Standard,Affinity,14488,0.02784,403,523,0.02561,13,18,30216.64,543899.54,369896.96,174002.58,199310.18,1269544.65,-1294852.24,41838.43,0.0188,10212.18,0.0352,49,3.94,1024,5.0,0.9226,1.0,3,21.0,4
2025-03,Retail,Seoul,Direct,A-Standard,VIP,12699,0.02918,370,432,0.02936,12,16,29742.41,475878.54,337770.79,138107.75,157187.47,1619067.19,-1638146.91,39656.54,0.0288,13696.87,0.0192,36,3.91,586,6.9,0.9711,0.9211,17,26.1,0
2025-03,Retail,Seoul,Direct,B-Pro,Mass,12688,0.02381,302,329,0.02443,8,6,43550.42,261302.55,161814.67,99487.87,154130.23,1652777.13,-1707419.49,32662.82,0.0223,5831.65,0.0181,68,4.66,779,5.7,0.9681,0.9694,0,35.1,3
2025-03,Retail,Seoul,Direct,B-Pro,Affinity,11374,0.02566,291,343,0.02087,7,7,46833.83,327836.79,220511.13,107325.66,144357.96,2917765.62,-2954797.92,46833.83,0.0415,13604.68,0.0347,29,4.5,790,8.5,1.0,0.9027,11,28.1,1
2025-03,Retail,Seoul,Direct,B-Pro,VIP,14269,0.02032,289,324,0.01812,5,4,46973.15,187892.62,124134.08,63758.54,98139.34,2353143.76,-2387524.56,37578.52,0.0473,8894.7,0.0348,25,4.64,588,9.3,0.9547,0.8825,19,46.0,0
2025-03,Retail,Seoul,Direct,C-Ultra,Mass,9879,0.02716,268,313,0.03189,9,12,72676.56,872118.76,515363.71,356755.05,106996.12,1292561.83,-1042802.91,96902.08,0.0,0.0,0.0315,39,4.15,93,5.2,0.9554,0.9258,9,42.0,0
2025-03,Retail,Seoul,Direct,C-Ultra,Affinity,9385,0.02873,269,311,0.0303,9,11,66845.87,735304.53,465961.82,269342.72,111499.56,120220.15,37623.01,81700.5,0.073,53665.9,0.0303,26,4.63,455,4.0,0.9634,0.9062,15,32.0,0
2025-03,Retail,Seoul,Direct,C-Ultra,VIP,11662,0.0237,276,350,0.02104,7,13,69017.95,897233.29,570670.05,326563.25,152717.32,1807042.05,-1633196.12,128176.18,0.0218,19573.54,0.0187,52,3.91,473,7.5,0.9578,0.969,4,30.4,0
2025-03,Retail,Seoul,Direct,D-Home,Mass,14308,0.02248,321,363,0.02865,10,12,56492.74,677912.89,413102.21,264810.68,137500.95,1830782.44,-1703472.71,67791.29,0.0423,28703.06,0.0391,31,4.75,152,9.2,0.9252,0.9796,18,28.3,0
2025-03,Retail,Seoul,Direct,D-Home,Affinity,15130,0.02642,399,420,0.0283,11,12,54594.3,655131.59,412478.95,242652.65,242939.84,2486380.51,-2486667.71,59557.42,0.0259,16963.63,0.0325,50,4.27,614,8.7,0.883,0.9469,21,33.5,1
2025-03,Retail,Seoul,Direct,D-Home,VIP,13115,0.02799,367,401,0.03176,12,17,54386.09,924563.52,580668.92,343894.6,124118.81,528102.53,-308326.74,77046.96,0.0198,18335.71,0.0369,59,4.04,637,11.1,0.9596,0.903,17,33.0,0
2025-03,Retail,Seoul,Direct,E-Office,Mass,10635,0.03275,348,444,0.01701,7,11,58118.93,639308.28,387645.72,251662.56,151539.29,843135.77,-743012.5,91329.75,0.0268,17158.97,0.0382,44,4.47,1060,5.7,0.9702,0.9321,24,33.3,0
2025-03,Retail,Seoul,Direct,E-Office,Affinity,14605,0.02577,376,396,0.01341,5,10,60946.64,609466.35,370368.31,239098.04,125879.52,892264.38,-779045.86,121893.27,0.0665,40521.99,0.0187,38,4.16,656,7.2,0.9623,0.9137,16,23.6,0
2025-03,Retail,Seoul,Direct,E-Office,VIP,9895,0.02381,235,313,0.02871,8,9,61149.54,550345.9,343712.06,206633.84,79560.5,2446514.78,-2319441.44,68793.24,0.043,23674.66,0.0154,64,4.05,228,4.6,0.9284,0.9072,9,26.5,0
2025-03,Retail,Seoul,Direct,F-Outdoor,Mass,12017,0.02333,280,304,0.02451,7,7,64314.67,450202.68,290270.04,159932.64,108332.58,1082002.4,-1030402.34,64314.67,0.0,0.0,0.0286,29,3.97,772,12.2,0.9778,0.8823,9,5.9,0
2025-03,Retail,Seoul,Direct,F-Outdoor,Affinity,15212,0.02917,443,546,0.02986,16,12,63251.44,759017.31,450491.18,308526.14,142070.98,2210242.31,-2043787.16,47438.58,0.0177,13468.94,0.0346,36,4.02,610,9.0,0.9339,0.968,9,30.7,1
2025-03,Retail,Seoul,Direct,F-Outdoor,VIP,14841,0.02517,373,457,0.02451,11,10,62433.31,624333.07,364149.8,260183.28,180648.21,3020628.17,-2941093.11,56757.55,0.0311,19420.6,0.0528,31,3.88,262,8.2,0.9381,0.8857,15,25.3,4
2025-03,Retail,Seoul,Partner,A-Standard,Mass,10872,0.02351,255,291,0.01928,5,6,29546.67,177280.01,116127.96,61152.05,63049.34,464063.88,-465961.17,35456.0,0.052,9214.34,0.0474,27,4.37,509,4.4,0.9771,0.9968,19,32.9,0
2025-03,Retail,Seoul,Partner,A-Standard,Affinity,11856,0.03667,434,492,0.02296,11,16,30239.82,483837.15,341415.06,142422.09,126720.96,1091245.75,-1075544.62,43985.2,0.0248,11992.29,0.036,33,3.95,488,5.4,0.9351,0.9376,16,25.0,0
2025-03,Retail,Seoul,Partner,A-Standard,VIP,8346,0.0227,189,245,0.03255,7,8,29255.03,234040.21,154536.76,79503.45,85988.06,2763193.87,-2769678.48,33434.32,0.0388,9070.25,0.0177,47,4.51,829,3.4,0.9944,0.9745,17,27.6,1
2025-03,Retail,Seoul,Partner,B-Pro,Mass,9817,0.0285,279,322,0.02643,8,11,46117.29,507290.2,315538.83,191751.36,94901.89,2873785.94,-2776936.46,63411.27,0.0596,30216.36,0.0296,23,4.01,576,9.5,0.9494,1.0,4,30.0,2
2025-03,Retail,Seoul,Partner,B-Pro,Affinity,10277,0.01849,190,217,0.0239,5,5,45130.1,225650.5,148566.4,77084.1,116448.34,653714.31,-693078.56,45130.1,0.052,11738.25,0.0323,64,3.79,803,7.0,0.9578,0.9144,4,26.6,0
2025-03,Retail,Seoul,Partner,B-Pro,VIP,9722,0.0231,224,239,0.02606,6,9,43255.28,389297.5,262714.14,126583.36,136838.32,1257996.99,-1268251.96,64882.92,0.0425,16529.77,0.0159,66,4.0,354,6.9,0.9505,0.9231,18,25.8,0
2025-03,Retail,Seoul,Partner,C-Ultra,Mass,11622,0.02174,252,290,0.01801,5,7,70390.86,492736.05,278202.23,214533.82,109962.34,2471149.9,-2366578.42,98547.21,0.0106,5240.15,0.0327,40,3.71,340,7.1,0.9725,0.9327,0,23.2,1
2025-03,Retail,Seoul,Partner,C-Ultra,Affinity,11654,0.0281,327,434,0.02726,11,19,70443.78,1338431.78,838789.33,499642.45,171403.05,562846.54,-234607.14,121675.62,0.0479,64110.83,0.021,36,4.1,391,5.1,0.9442,1.0,12,41.3,2
2025-03,Retail,Seoul,Partner,C-Ultra,VIP,7240,0.01792,129,151,0.01848,2,3,72768.79,218306.38,131797.36,86509.02,56024.71,2460510.08,-2430025.77,109153.19,0.0414,9034.03,0.0179,6,4.47,601,5.7,0.9205,0.927,8,25.8,1
2025-03,Retail,Seoul,Partner,D-Home,Mass,8878,0.02175,193,210,0.02625,5,7,57728.39,404098.74,272232.77,131865.97,67759.1,2484826.66,-2420719.79,80819.75,0.035,14162.89,0.0281,32,4.39,524,5.2,0.9293,0.9404,11,9.3,0
2025-03,Retail,Seoul,Partner,D-Home,Affinity,8786,0.02663,233,245,0.02942,7,10,53847.37,538473.7,340562.26,197911.44,106355.89,2029521.57,-1937966.02,76924.81,0.0521,28031.72,0.0304,43,4.7,461,5.9,0.9932,0.9006,5,25.7,0
2025-03,Retail,Seoul,Partner,D-Home,VIP,9475,0.03017,285,349,0.02377,8,13,56185.39,730410.02,441272.37,289137.65,104497.86,2747291.66,-2562651.87,91301.25,0.0296,21632.91,0.021,49,4.08,896,5.8,0.9624,0.9958,8,38.7,3
2025-03,Retail,Seoul,Partner,E-Office,Mass,14236,0.03189,453,507,0.01598,8,12,59010.86,708130.31,429681.37,278448.94,154751.52,2219382.28,-2095684.85,88516.29,0.0329,23291.35,0.0379,67,4.15,760,9.2,0.948,0.9308,5,26.2,0
2025-03,Retail,Seoul,Partner,E-Office,Affinity,10789,0.02783,300,364,0.02516,9,14,58049.03,812686.41,490651.88,322034.53,171498.54,2945703.83,-2795167.85,90298.49,0.0304,24722.02,0.0357,52,3.76,786,4.7,0.9336,0.9602,14,33.1,0
2025-03,Retail,Seoul,Partner,E-Office,VIP,12926,0.03569,461,573,0.02545,14,12,62340.56,748086.7,436675.29,311411.41,166867.05,181906.28,-37361.92,53434.76,0.031,23227.06,0.0226,51,4.08,573,6.4,0.9372,0.9866,11,47.2,2
2025-03,Retail,Seoul,Partner,F-Outdoor,Mass,11710,0.02235,261,287,0.01814,5,8,64423.1,515384.77,318687.34,196697.43,138273.83,1771279.21,-1712855.61,103076.95,0.0285,14673.31,0.0372,57,4.53,296,9.8,0.9469,0.9236,8,33.2,0
2025-03,Retail,Seoul,Partner,F-Outdoor,Affinity,10761,0.02035,218,234,0.02888,6,4,62107.71,248430.83,149442.47,98988.37,101122.95,641524.06,-643658.64,41405.14,0.0574,14265.25,0.0161,53,4.41,462,7.9,0.9452,0.8706,19,34.8,0
2025-03,Retail,Seoul,Partner,F-Outdoor,VIP,7800,0.02217,172,182,0.02201,4,7,67188.4,470318.81,296141.43,174177.38,69065.29,2463697.51,-2358585.42,117579.7,0.016,7541.95,0.0432,50,4.41,630,7.2,0.9462,0.896,17,35.6,0
2025-03,Retail,Seoul,Marketplace,A-Standard,Mass,15930,0.02467,392,465,0.02751,12,16,28997.62,463961.92,310070.92,153890.99,175581.83,2751572.08,-2773262.92,38663.49,0.0188,8741.79,0.0161,50,4.6,613,7.1,0.9426,0.91,4,35.9,0
2025-03,Retail,Seoul,Marketplace,A-Standard,Affinity,18047,0.01533,276,322,0.03764,12,18,29630.39,533347.07,378782.64,154564.44,128339.41,2243419.0,-2217193.98,44445.59,0.0328,17467.48,0.0244,47,3.45,800,5.2,1.0,0.9328,14,23.1,0
2025-03,Retail,Seoul,Marketplace,A-Standard,VIP,16132,0.02113,340,379,0.03188,12,11,30399.73,334397.06,225855.75,108541.31,139802.62,2817648.27,-2848909.57,27866.42,0.0169,5665.76,0.0159,50,4.08,598,8.6,0.8937,0.9455,11,25.4,0
2025-03,Retail,Seoul,Marketplace,B-Pro,Mass,13496,0.02812,379,435,0.0166,7,9,46526.84,418741.6,271952.39,146789.21,183866.93,296740.97,-333818.69,59820.23,0.0476,19931.63,0.0333,60,4.22,394,8.9,1.0,0.9055,10,29.3,0
2025-03,Retail,Seoul,Marketplace,B-Pro,Affinity,17993,0.0172,309,400,0.02575,10,20,45895.22,917904.47,567699.97,350204.49,169227.33,1065284.97,-884307.8,91790.45,0.0182,16713.56,0.0325,45,4.52,666,5.9,0.8647,0.907,17,27.1,2
2025-03,Retail,Seoul,Marketplace,B-Pro,VIP,14241,0.02811,400,515,0.02821,14,18,44195.51,795519.18,537009.5,258509.68,166180.26,2589901.11,-2497571.7,56822.8,0.026,20714.0,0.0335,49,4.53,786,9.1,0.9448,0.8858,14,33.8,1
2025-03,Retail,Seoul,Marketplace,C-Ultra,Mass,18611,0.02846,529,568,0.02689,15,17,67775.79,1152188.36,705894.29,446294.08,300254.45,2998227.56,-2852187.93,76812.56,0.035,40290.24,0.0205,35,4.18,425,5.0,0.9902,0.9254,19,18.4,3
2025-03,Retail,Seoul,Marketplace,C-Ultra,Affinity,13535,0.03882,525,682,0.03042,20,27,68850.85,1858972.99,1178217.8,680755.2,270166.81,1806827.34,-1396238.95,92948.65,0.0312,58010.81,0.031,61,4.13,535,10.4,0.902,0.9413,14,37.5,2
2025-03,Retail,Seoul,Marketplace,C-Ultra,VIP,16659,0.02099,349,405,0.03212,13,19,72922.22,1385522.12,852285.01,533237.11,196689.68,1546024.63,-1209477.21,106578.62,0.029,40242.66,0.0216,32,4.13,138,4.0,0.9427,0.9043,18,29.8,3
2025-03,Retail,Seoul,Marketplace,D-Home,Mass,15201,0.01239,188,204,0.03022,6,7,52271.27,365898.88,243509.55,122389.33,103525.96,518753.96,-499890.58,60983.15,0.0162,5941.18,0.0345,58,4.57,822,9.5,0.963,0.8457,10,34.0,1
2025-03,Retail,Seoul,Marketplace,D-Home,Affinity,18336,0.03128,573,643,0.02883,18,14,54846.66,767853.24,467784.61,300068.64,242521.53,2542610.43,-2485063.33,42658.51,0.0759,58314.5,0.0212,52,4.1,820,10.1,0.9371,0.9404,21,22.3,0
2025-03,Retail,Seoul,Marketplace,D-Home,VIP,16419,0.02807,460,512,0.03135,16,23,53748.19,1236208.27,814887.36,421320.91,210279.63,1960007.64,-1748966.36,77263.02,0.0544,67215.36,0.0363,46,4.32,1036,6.1,0.9528,0.9533,2,30.1,0
2025-03,Retail,Seoul,Marketplace,E-Office,Mass,14213,0.02581,366,396,0.02542,10,15,57349.57,860243.49,500945.39,359298.1,170994.83,758792.04,-570488.77,86024.35,0.0276,23744.43,0.0496,49,4.48,447,5.8,0.9721,0.8639,6,25.4,1
2025-03,Retail,Seoul,Marketplace,E-Office,Affinity,15328,0.02109,323,359,0.02718,9,9,57861.33,520751.96,327493.84,193258.11,175350.21,2364173.06,-2346265.16,57861.33,0.0419,21834.7,0.0203,41,4.32,102,7.7,1.0,0.8993,17,20.6,1
2025-03,Retail,Seoul,Marketplace,E-Office,VIP,13363,0.02181,291,386,0.02933,11,12,59762.16,717145.98,468914.19,248231.79,133762.43,1583785.98,-1469316.63,65195.09,0.0354,25406.68,0.0377,46,4.3,220,5.3,0.9905,0.9334,3,16.3,1
2025-03,Retail,Seoul,Marketplace,F-Outdoor,Mass,15302,0.03176,486,633,0.02058,13,21,66169.56,1389560.82,895033.95,494526.88,269316.14,2574775.41,-2349564.68,106889.29,0.0317,44056.57,0.0459,27,4.81,589,8.8,0.9646,0.8799,5,32.8,0
2025-03,Retail,Seoul,Marketplace,F-Outdoor,Affinity,12763,0.02737,349,452,0.03414,15,21,66655.74,1399770.62,815304.08,584466.55,168085.72,1427880.47,-1011499.64,93318.04,0.0235,32930.7,0.0251,38,3.95,661,6.4,0.9859,0.9509,14,26.8,0
2025-03,Retail,Seoul,Marketplace,F-Outdoor,VIP,14192,0.0307,435,496,0.02823,14,15,65364.35,980465.24,626767.33,353697.92,235142.45,1132403.64,-1013848.18,70033.23,0.0512,50186.51,0.0306,36,4.06,247,8.4,0.9636,0.8479,15,15.0,2
2025-03,Retail,Seoul,App,A-Standard,Mass,11496,0.01859,213,266,0.02132,5,5,30204.77,151023.87,101423.39,49600.48,118321.76,222492.95,-291214.23,30204.77,0.0256,3867.58,0.0337,33,4.34,736,10.9,0.9908,0.9852,6,31.9,4
2025-03,Retail,Seoul,App,A-Standard,Affinity,14237,0.0204,290,316,0.0228,7,13,31304.66,406960.55,281177.66,125782.89,167069.12,2147343.05,-2188629.28,58137.22,0.0387,15760.62,0.0368,41,4.69,431,7.5,0.904,0.8974,7,27.9,3
2025-03,Retail,Seoul,App,A-Standard,VIP,8761,0.03084,270,307,0.01683,5,9,30837.37,277536.34,191684.94,85851.4,147569.03,646835.18,-708552.81,55507.27,0.0294,8164.39,0.0169,40,3.9,497,4.5,1.0,0.907,10,26.9,0
2025-03,Retail,Seoul,App,B-Pro,Mass,9551,0.01809,172,187,0.02231,4,7,43716.98,306018.84,205034.56,100984.28,88588.65,1081572.51,-1069176.88,76504.71,0.0474,14506.18,0.0215,47,4.59,1172,4.7,0.9677,0.9773,14,17.4,0
2025-03,Retail,Seoul,App,B-Pro,Affinity,11954,0.02722,325,430,0.03415,14,9,42984.71,386862.39,255139.27,131723.12,90414.09,2885618.21,-2844309.18,27633.03,0.026,10058.31,0.0404,50,4.21,456,5.9,0.9335,0.9747,0,44.9,0
2025-03,Retail,Seoul,App,B-Pro,VIP,11700,0.02286,267,320,0.025,8,11,45941.66,505358.21,312523.88,192834.34,129630.97,885924.09,-822720.73,63169.78,0.0333,16813.01,0.0321,57,4.45,668,7.6,0.9685,0.9162,14,29.6,0
2025-03,Retail,Seoul,App,C-Ultra,Mass,14303,0.01804,258,302,0.02784,8,7,71968.1,503776.73,290139.6,213637.13,125033.83,2328852.25,-2240248.95,62972.09,0.0128,6464.99,0.0384,46,4.81,500,6.2,0.969,0.9455,27,29.0,3
2025-03,Retail,Seoul,App,C-Ultra,Affinity,9351,0.01799,168,214,0.02759,5,4,68532.32,274129.3,167350.65,106778.65,81080.3,1440740.58,-1415042.22,54825.86,0.0355,9727.37,0.0407,35,4.75,567,4.6,0.9676,0.981,6,20.4,2
2025-03,Retail,Seoul,App,C-Ultra,VIP,10153,0.02593,263,295,0.03738,11,10,68183.13,681831.28,407168.33,274662.96,129990.48,1581856.93,-1437184.46,61984.66,0.0359,24499.08,0.0377,44,3.29,271,9.0,0.9717,0.8891,15,39.7,0
2025-03,Retail,Seoul,App,D-Home,Mass,11459,0.02881,330,418,0.02658,11,16,54954.25,879268.03,583560.89,295707.14,179216.61,1774432.95,-1657942.42,79933.46,0.019,16737.58,0.0502,42,4.83,961,5.1,0.9429,0.9398,11,35.0,1
2025-03,Retail,Seoul,App,D-Home,Affinity,13324,0.03146,419,501,0.02516,12,14,54219.48,759072.71,460891.27,298181.44,168555.3,1856314.02,-1726687.89,63256.06,0.0246,18670.29,0.0185,55,4.23,631,2.8,0.9462,0.9712,4,48.6,3
2025-03,Retail,Seoul,App,D-Home,VIP,13644,0.03073,419,523,0.03452,18,29,52591.73,1525160.25,1016376.36,508783.89,225541.95,2481857.64,-2198615.71,84731.13,0.0366,55866.64,0.0357,32,4.31,564,9.3,0.9458,0.9657,16,33.2,0
2025-03,Retail,Seoul,App,E-Office,Mass,10807,0.01767,191,242,0.01852,4,4,62886.88,251547.51,162666.89,88880.62,104169.47,395978.59,-411267.44,62886.88,0.019,4782.26,0.0366,35,4.85,300,10.0,0.9399,0.9416,16,36.6,0
2025-03,Retail,Seoul,App,E-Office,Affinity,13289,0.02944,391,427,0.01834,7,7,62696.63,438876.44,287312.54,151563.9,174144.98,174863.73,-197444.8,62696.63,0.0353,15510.73,0.0269,39,3.82,561,11.4,0.928,0.9556,3,26.2,0
2025-03,Retail,Seoul,App,E-Office,VIP,12231,0.0221,270,301,0.01943,5,6,62988.28,377929.66,235437.87,142491.79,105221.74,2235591.72,-2198321.67,75585.93,0.0386,14575.44,0.0143,29,4.32,325,7.4,0.9236,0.9355,9,31.2,1
2025-03,Retail,Seoul,App,F-Outdoor,Mass,9844,0.01631,160,192,0.01809,3,2,67924.6,135849.2,86986.71,48862.5,63907.59,1285854.18,-1300899.27,45283.07,0.0255,3466.27,0.0404,47,4.86,626,6.8,0.9402,0.9406,13,33.0,0
2025-03,Retail,Seoul,App,F-Outdoor,Affinity,14120,0.0391,552,728,0.02166,15,20,61946.44,1238928.87,724961.5,513967.37,193779.87,2857017.86,-2536830.36,82595.26,0.0279,34605.27,0.0346,51,4.52,435,6.7,0.9881,0.9667,0,29.6,0
2025-03,Retail,Seoul,App,F-Outdoor,VIP,8984,0.02477,222,295,0.03313,9,13,63561.32,826297.17,517910.89,308386.27,116223.02,2294021.63,-2101858.37,91810.8,0.0228,18820.56,0.037,54,4.8,157,8.0,0.9557,0.9866,6,29.3,0
2025-03,Retail,Busan,Direct,A-Standard,Mass,10131,0.02391,242,290,0.02024,5,3,31227.77,93683.32,64116.39,29566.94,101959.55,2673752.04,-2746144.66,18736.66,0.0524,4907.28,0.0447,38,4.88,482,4.6,0.9447,0.9203,5,17.4,0
2025-03,Retail,Busan,Direct,A-Standard,Affinity,8437,0.01503,126,134,0.03571,4,5,31262.48,156312.4,110281.11,46031.29,102485.25,348515.2,-404969.16,39078.1,0.0528,8255.2,0.0165,45,4.52,504,6.1,0.9581,0.9298,4,32.8,0
2025-03,Retail,Busan,Direct,A-Standard,VIP,9729,0.02696,262,287,0.02359,6,8,29488.27,235906.19,153738.81,82167.38,128597.61,589363.07,-635793.29,39317.7,0.0414,9756.71,0.0418,41,4.01,567,8.8,0.9406,0.8729,7,31.6,0
2025-03,Retail,Busan,Direct,B-Pro,Mass,8430,0.03193,269,305,0.01795,5,5,44891.95,224459.75,143592.06,80867.69,105173.68,2596964.58,-2621270.56,44891.95,0.028,6289.0,0.0377,34,4.06,684,5.2,0.9351,1.0,2,35.6,0
2025-03,Retail,Busan,Direct,B-Pro,Affinity,9139,0.02762,252,294,0.02398,7,9,44533.48,400801.32,261507.97,139293.35,133649.56,292314.78,-286670.99,57257.33,0.0175,7003.23,0.0221,31,4.5,774,6.2,0.9582,0.8906,11,27.1,0
2025-03,Retail,Busan,Direct,B-Pro,VIP,9872,0.01171,115,144,0.02937,4,5,45833.2,229165.99,153095.35,76070.64,77293.01,415950.98,-417173.35,57291.5,0.0641,14680.23,0.0296,42,4.5,315,10.1,0.9352,0.9178,15,24.6,0
2025-03,Retail,Busan,Direct,C-Ultra,Mass,10321,0.02299,237,252,0.01629,4,6,68137.96,408827.76,255579.87,153247.89,83252.05,1265582.85,-1195587.01,102206.94,0.0317,12961.76,0.0227,40,4.02,610,8.9,0.9665,0.9494,18,33.4,1
2025-03,Retail,Busan,Direct,C-Ultra,Affinity,9966,0.02029,202,244,0.03735,9,14,67734.9,948288.63,601094.4,347194.23,118847.39,2767371.46,-2539024.62,105365.4,0.0254,24095.35,0.0216,43,3.83,308,11.5,0.9834,0.9657,12,27.7,1
2025-03,Retail,Busan,Direct,C-Ultra,VIP,7786,0.02506,195,207,0.02055,4,5,67169.15,335845.74,198981.34,136864.4,85849.6,1987645.67,-1936630.87,83961.44,0.0317,10641.89,0.0392,43,3.84,695,8.3,0.9531,0.903,0,24.2,3
2025-03,Retail,Busan,Direct,D-Home,Mass,8663,0.02414,209,252,0.01486,3,2,55094.92,110189.83,66561.04,43628.79,97548.12,2929460.78,-2983380.1,36729.94,0.0356,3922.4,0.0344,32,4.64,400,9.1,0.9838,0.9255,17,27.5,0
2025-03,Retail,Busan,Direct,D-Home,Affinity,8305,0.03273,271,298,0.01142,3,4,53989.2,215956.8,136830.28,79126.51,154831.06,2871027.68,-2946732.22,71985.6,0.0291,6276.67,0.0198,41,4.55,691,8.0,0.975,0.9503,15,22.2,0
2025-03,Retail,Busan,Direct,D-Home,VIP,6633,0.02231,147,157,0.02787,4,6,53551.55,321309.29,197023.57,124285.72,52070.87,376634.17,-304419.33,80327.32,0.0158,5063.15,0.0216,36,3.87,350,6.3,0.9355,0.8586,21,33.6,2
2025-03,Retail,Busan,Direct,E-Office,Mass,7418,0.00919,68,81,0.02796,2,1,61804.32,61804.32,37147.63,24656.69,26500.04,2026970.75,-2028814.11,30902.16,0.0295,1822.94,0.02,38,4.78,27,4.6,0.8985,0.9453,7,20.5,0
2025-03,Retail,Busan,Direct,E-Office,Affinity,8273,0.02214,183,204,0.02755,5,7,58004.93,406034.54,242779.84,163254.69,96595.18,468951.44,-402291.92,81206.91,0.0435,17643.86,0.0412,40,4.24,261,3.8,1.0,0.977,15,29.4,2
2025-03,Retail,Busan,Direct,E-Office,VIP,9964,0.01911,190,211,0.02912,6,11,62160.21,683762.31,440913.53,242848.78,81070.94,149750.56,12027.28,113960.38,0.0411,28084.34,0.0409,51,4.03,1256,6.5,0.9877,0.9485,14,33.3,0
2025-03,Retail,Busan,Direct,F-Outdoor,Mass,9201,0.02339,215,269,0.02732,7,10,64250.96,642509.6,373457.81,269051.79,86619.46,2013482.08,-1831049.75,91787.09,0.0355,22814.8,0.0311,39,4.47,570,5.1,0.9704,0.9518,22,27.4,2
2025-03,Retail,Busan,Direct,F-Outdoor,Affinity,6272,0.01438,90,112,0.03477,3,4,61954.91,247819.66,148274.03,99545.63,56501.86,473696.35,-430652.58,82606.55,0.0271,6714.36,0.0425,37,4.05,593,9.0,0.9769,0.9639,0,32.9,2
2025-03,Retail,Busan,Direct,F-Outdoor,VIP,9587,0.02444,234,251,0.023,5,6,66992.19,401953.15,243146.58,158806.57,100772.51,1447788.04,-1389753.99,80390.63,0.0414,16658.27,0.0232,26,4.39,616,8.7,0.9851,0.9027,6,28.4,0
2025-03,Retail,Busan,Partner,A-Standard,Mass,6634,0.01766,117,126,0.02592,3,3,29222.97,87668.92,59226.93,28441.99,56686.1,2676128.91,-2704373.02,29222.97,0.0175,1532.02,0.0205,34,4.05,619,6.3,0.9318,0.96,9,32.7,0
2025-03,Retail,Busan,Partner,A-Standard,Affinity,7076,0.0154,108,125,0.02536,3,4,29709.11,118836.44,77662.23,41174.21,40436.91,938019.1,-937281.8,39612.15,0.0327,3882.59,0.0276,44,4.19,600,10.6,0.9914,0.9649,19,50.1,0
2025-03,Retail,Busan,Partner,A-Standard,VIP,10240,0.02233,228,259,0.02338,6,3,30632.55,91897.64,64730.45,27167.19,62330.22,2001981.64,-2037144.67,15316.27,0.033,3035.15,0.0299,60,3.72,980,10.0,0.9795,0.9259,8,22.1,0
2025-03,Retail,Busan,Partner,B-Pro,Mass,7343,0.02349,172,225,0.02665,5,5,44197.68,220988.38,136209.69,84778.69,45414.07,548681.68,-509317.06,44197.68,0.0387,8544.61,0.0238,51,4.67,284,4.3,0.9568,0.9448,13,38.0,3
2025-03,Retail,Busan,Partner,B-Pro,Affinity,9115,0.02719,247,260,0.02755,7,7,47014.43,329101.03,203542.4,125558.64,137649.35,1344057.66,-1356148.37,47014.43,0.0273,8991.22,0.0518,29,4.52,571,5.9,0.915,0.9001,14,34.8,0
2025-03,Retail,Busan,Partner,B-Pro,VIP,7997,0.03057,244,301,0.03072,9,14,44377.58,621286.09,386838.78,234447.3,82586.92,1557685.18,-1405824.8,69031.79,0.018,11159.91,0.0147,35,4.09,531,8.0,0.9394,0.9998,11,31.2,1
2025-03,Retail,Busan,Partner,C-Ultra,Mass,7894,0.03039,239,288,0.03281,9,11,67616.23,743778.55,425911.44,317867.1,113035.0,2719231.02,-2514398.92,82642.06,0.0278,20692.08,0.0372,58,4.36,65,7.0,0.9114,0.872,18,29.3,0
2025-03,Retail,Busan,Partner,C-Ultra,Affinity,7151,0.02193,156,175,0.02978,5,4,67995.7,271982.81,164454.02,107528.79,80230.39,381061.12,-353762.72,54396.56,0.0117,3191.59,0.0292,37,4.07,405,10.0,0.9367,0.9239,22,31.7,0
2025-03,Retail,Busan,Partner,C-Ultra,VIP,8024,0.02685,215,238,0.02493,5,9,68414.98,615734.8,384115.15,231619.65,77292.48,1844928.98,-1690601.8,123146.96,0.0633,38968.59,0.0287,69,4.49,414,4.7,0.9728,0.9002,15,23.0,2
2025-03,Retail,Busan,Partner,D-Home,Mass,7421,0.02463,182,201,0.02658,5,8,52854.64,422837.1,262019.97,160817.13,74956.39,1145632.71,-1059771.97,84567.42,0.0291,12323.91,0.0429,43,4.76,308,5.6,0.9739,0.9965,14,50.7,3
2025-03,Retail,Busan,Partner,D-Home,Affinity,7024,0.02434,170,207,0.02165,4,5,55427.22,277136.08,184970.0,92166.08,111519.18,2711362.03,-2730715.13,69284.02,0.0584,16182.55,0.0129,36,4.33,520,7.7,0.9499,0.9155,5,27.8,0
2025-03,Retail,Busan,Partner,D-Home,VIP,8157,0.02438,198,238,0.02544,6,7,52664.54,368651.78,237426.19,131225.59,86018.86,1036572.77,-991366.04,61441.96,0.0489,18044.97,0.0407,21,4.79,911,4.3,0.9152,0.8883,18,27.6,3
2025-03,Retail,Busan,Partner,E-Office,Mass,6984,0.02887,201,231,0.02799,6,8,60580.33,484642.6,295215.36,189427.24,113630.55,854377.93,-778581.24,80773.77,0.0336,16301.22,0.0293,29,4.5,549,8.0,0.9708,0.9065,19,33.7,0
2025-03,Retail,Busan,Partner,E-Office,Affinity,8861,0.02451,217,247,0.02576,6,6,58537.3,351223.8,208874.83,142348.96,111471.78,1435370.82,-1404493.63,58537.3,0.0327,11500.17,0.0248,34,4.58,739,6.1,0.8883,0.9227,20,37.2,0
2025-03,Retail,Busan,Partner,E-Office,VIP,7415,0.02468,182,233,0.02838,6,3,58928.2,176784.61,105072.47,71712.14,123008.96,2413526.72,-2464823.54,29464.1,0.0377,6656.04,0.0155,31,4.92,355,8.2,0.9881,0.8831,19,32.7,0
2025-03,Retail,Busan,Partner,F-Outdoor,Mass,7569,0.01739,131,153,0.02995,4,3,64333.76,193001.28,111021.82,81979.46,63755.23,475046.55,-456822.31,48250.32,0.019,3665.45,0.0084,41,4.4,597,6.2,0.9854,0.8908,17,28.0,1
2025-03,Retail,Busan,Partner,F-Outdoor,Affinity,7837,0.02082,163,171,0.0286,4,4,68227.21,272908.83,171999.42,100909.41,85968.84,2224311.34,-2209370.77,68227.21,0.0325,8870.82,0.0413,21,4.81,760,6.0,0.9741,0.8849,10,40.8,0
2025-03,Retail,Busan,Partner,F-Outdoor,VIP,8588,0.03957,339,415,0.03007,12,15,66195.55,992933.28,617293.23,375640.06,116929.07,1138486.02,-879775.03,82744.44,0.0497,49337.65,0.039,44,3.41,638,5.9,0.9838,0.8994,12,16.6,0
2025-03,Retail,Busan,Marketplace,A-Standard,Mass,12158,0.01725,209,266,0.02734,7,10,28569.95,285699.55,185586.5,100113.05,84276.99,2250555.87,-2234719.8,40814.22,0.0199,5677.42,0.034,57,4.1,485,6.5,0.9849,0.9948,1,6.0,0
2025-03,Retail,Busan,Marketplace,A-Standard,Affinity,10896,0.0168,183,193,0.02221,4,5,28998.35,144991.75,98882.09,46109.66,100308.71,2629084.51,-2683283.56,36247.94,0.0058,847.37,0.0221,38,4.4,502,5.1,1.0,0.8745,11,38.5,0
2025-03,Retail,Busan,Marketplace,A-Standard,VIP,9627,0.02749,264,287,0.02521,7,10,29393.32,293933.2,196123.69,97809.51,90432.57,59702.15,-52325.22,41990.46,0.036,10575.41,0.0317,39,4.62,562,9.0,0.9773,0.9352,17,13.3,0
2025-03,Retail,Busan,Marketplace,B-Pro,Mass,13900,0.03091,429,471,0.01681,7,6,44594.76,267568.57,170771.64,96796.93,138779.75,2786131.84,-2828114.66,38224.08,0.032,8549.98,0.0326,60,4.15,617,8.0,0.9268,0.9931,14,25.0,1
2025-03,Retail,Busan,Marketplace,B-Pro,Affinity,9976,0.02561,255,313,0.02032,6,7,43442.8,304099.57,189333.94,114765.63,129168.28,697515.5,-711918.14,50683.26,0.0203,6175.21,0.0399,47,4.87,591,5.1,0.9434,0.9402,13,28.0,2
2025-03,Retail,Busan,Marketplace,B-Pro,VIP,9197,0.01637,150,192,0.01493,2,3,46655.42,139966.26,90230.9,49735.36,72046.71,2601294.29,-2623605.64,69983.13,0.0401,5616.9,0.0239,48,5.0,487,7.8,0.9629,0.9656,14,17.5,3
2025-03,Retail,Busan,Marketplace,C-Ultra,Mass,9461,0.01953,184,232,0.02378,5,6,73322.99,439937.94,260862.86,179075.07,125174.72,1322477.48,-1268577.13,87987.59,0.0414,18195.75,0.0417,54,4.38,786,7.4,0.9536,0.9026,13,25.0,1
2025-03,Retail,Busan,Marketplace,C-Ultra,Affinity,8514,0.02642,224,293,0.01882,5,6,66704.89,400229.36,233564.25,166665.11,63522.68,1644843.59,-1541701.16,80045.87,0.0105,4209.0,0.0542,29,3.78,503,7.7,0.9881,0.9568,5,31.0,0
2025-03,Retail,Busan,Marketplace,C-Ultra,VIP,12008,0.01992,239,294,0.02877,8,12,66648.95,799787.37,484692.73,315094.64,76933.2,1906764.69,-1668603.25,99973.42,0.0282,22535.99,0.046,51,4.03,594,8.5,0.92,0.8854,13,35.4,0
2025-03,Retail,Busan,Marketplace,D-Home,Mass,12484,0.01891,236,273,0.01881,5,6,52520.94,315125.65,209763.84,105361.81,139276.04,2009951.91,-2043866.13,63025.13,0.0317,9984.01,0.0195,36,5.0,153,7.5,0.9661,0.9484,5,27.4,0
2025-03,Retail,Busan,Marketplace,D-Home,Affinity,10900,0.02516,274,345,0.0194,6,11,53574.78,589322.53,376315.29,213007.25,80260.61,1644473.24,-1511726.6,98220.42,0.0,0.0,0.0449,19,3.91,345,6.4,0.9117,0.8912,8,33.0,0
2025-03,Retail,Busan,Marketplace,D-Home,VIP,11672,0.02745,320,399,0.03324,13,24,54325.12,1303802.89,815124.94,488677.95,102854.36,641407.26,-255583.67,100292.53,0.0338,44081.58,0.044,44,4.75,537,5.7,0.9552,0.8743,9,35.8,4
2025-03,Retail,Busan,Marketplace,E-Office,Mass,10622,0.03523,374,438,0.02533,11,15,57821.22,867318.35,522826.9,344491.45,219067.69,1711688.76,-1586265.0,78847.12,0.0335,29045.23,0.0235,32,4.52,469,6.0,0.9702,0.9754,17,23.5,1
2025-03,Retail,Busan,Marketplace,E-Office,Affinity,11357,0.03214,365,390,0.01847,7,9,62210.95,559898.52,335757.16,224141.37,173175.76,462322.23,-411356.63,79985.5,0.0251,14055.45,0.0202,17,3.94,646,8.1,0.9247,1.0,12,35.4,1
2025-03,Retail,Busan,Marketplace,E-Office,VIP,9281,0.02757,255,290,0.03587,10,11,60643.67,667080.34,425654.42,241425.92,94495.16,2051303.3,-1904372.54,66708.03,0.0317,21176.66,0.0353,51,4.1,505,7.3,0.9251,0.9304,0,18.2,2
2025-03,Retail,Busan,Marketplace,F-Outdoor,Mass,14926,0.02929,437,535,0.02156,11,13,62197.09,808562.18,508591.78,299970.4,130644.98,347254.25,-177928.83,73505.65,0.037,29898.17,0.0293,45,4.61,453,6.8,0.9499,0.9342,11,34.5,0
2025-03,Retail,Busan,Marketplace,F-Outdoor,Affinity,14103,0.02719,383,418,0.03639,15,23,63941.78,1470661.01,852254.9,618406.11,98056.99,3038828.55,-2518479.43,98044.07,0.0322,47336.73,0.0514,28,3.55,0,5.7,0.9342,0.9028,10,18.9,2
2025-03,Retail,Busan,Marketplace,F-Outdoor,VIP,13196,0.0276,364,465,0.0373,17,26,67647.97,1758847.21,1123695.56,635151.65,89585.04,3051807.49,-2506240.88,103461.6,0.0474,83314.75,0.0398,37,3.78,564,7.2,0.9487,0.9255,13,27.3,0
2025-03,Retail,Busan,App,A-Standard,Mass,7398,0.03425,253,280,0.02365,6,7,31293.62,219055.32,155156.63,63898.69,122617.03,36631.93,-95350.26,36509.22,0.0476,10434.03,0.0276,57,4.27,27,5.6,0.9208,0.9,13,29.8,0
2025-03,Retail,Busan,App,A-Standard,Affinity,8113,0.03342,271,326,0.02375,7,13,31244.25,406175.25,265126.59,141048.66,94567.52,2523037.95,-2476556.81,58025.04,0.0222,9030.07,0.043,39,4.28,412,8.1,0.9461,0.9135,6,30.9,1
2025-03,Retail,Busan,App,A-Standard,VIP,8332,0.03808,317,394,0.02379,9,11,30215.31,332368.46,218988.63,113379.83,154968.04,997120.46,-1038708.68,36929.83,0.0166,5524.67,0.0161,31,4.48,727,8.1,0.9188,0.9195,5,36.4,0
2025-03,Retail,Busan,App,B-Pro,Mass,6724,0.02928,196,208,0.03291,6,5,46037.05,230185.26,150980.96,79204.3,92584.02,35530.49,-48910.21,38364.21,0.024,5515.71,0.0265,17,4.15,586,9.8,0.879,0.9133,13,32.0,0
2025-03,Retail,Busan,App,B-Pro,Affinity,7494,0.03048,228,300,0.0314,9,8,45763.12,366104.94,231785.96,134318.99,102277.66,1483203.28,-1451161.95,40678.33,0.032,11728.17,0.0312,39,4.53,372,7.4,1.0,0.9008,7,27.5,0
2025-03,Retail,Busan,App,B-Pro,VIP,10782,0.005,53,61,0.03694,2,3,44422.32,133266.96,83215.68,50051.28,55644.93,511175.33,-516768.98,66633.48,0.0402,5361.78,0.0314,48,3.64,430,3.2,0.9452,0.9978,18,26.3,3
2025-03,Retail,Busan,App,C-Ultra,Mass,8893,0.02039,181,201,0.02193,4,7,71617.34,501321.38,309498.62,191822.76,88390.88,2448520.77,-2345088.89,125330.35,0.0572,28663.42,0.0334,37,4.26,237,5.3,0.9385,0.9729,12,23.7,0
2025-03,Retail,Busan,App,C-Ultra,Affinity,8869,0.03316,294,327,0.01475,4,7,69639.77,487478.39,304636.17,182842.22,111083.7,911652.14,-839893.62,121869.6,0.0204,9930.04,0.0324,46,3.78,528,8.8,0.9238,0.9629,11,36.5,0
2025-03,Retail,Busan,App,C-Ultra,VIP,8272,0.02355,194,238,0.02446,5,8,70302.79,562422.3,350838.29,211584.02,94640.05,1316896.61,-1199952.65,112484.46,0.0356,19997.33,0.0279,52,3.63,747,9.1,0.9622,0.8518,10,24.4,2
2025-03,Retail,Busan,App,D-Home,Mass,9299,0.0331,307,338,0.02849,9,13,53289.03,692757.33,420874.12,271883.2,172647.91,560853.85,-461618.56,76973.04,0.0681,47204.73,0.0318,44,4.33,664,5.1,0.9681,0.947,10,23.9,4
2025-03,Retail,Busan,App,D-Home,Affinity,8538,0.01683,143,152,0.03031,4,4,56138.61,224554.44,143901.29,80653.14,90251.14,673030.72,-682628.72,56138.61,0.0348,7817.66,0.033,46,3.66,651,4.8,0.991,0.8368,7,18.3,0
2025-03,Retail,Busan,App,D-Home,VIP,7903,0.02858,225,278,0.02402,6,5,56861.85,284309.26,186352.86,97956.4,106298.05,172675.88,-181017.53,47384.88,0.0107,3049.01,0.0307,27,4.56,350,6.2,0.9608,0.9733,5,21.5,0
2025-03,Retail,Busan,App,E-Office,Mass,7600,0.03273,248,319,0.01886,6,8,58652.76,469222.1,308530.94,160691.16,118165.88,1543783.56,-1501258.28,78203.68,0.0571,26814.98,0.0246,36,4.53,560,5.1,0.9278,1.0,11,24.2,0
2025-03,Retail,Busan,App,E-Office,Affinity,8971,0.02519,225,255,0.02835,7,10,58988.51,589885.08,354818.64,235066.44,119420.38,2763338.44,-2647692.37,84269.3,0.0506,29851.37,0.0461,25,4.04,787,5.2,0.9382,0.9308,13,27.2,0
2025-03,Retail,Busan,App,E-Office,VIP,9334,0.03524,328,353,0.027,9,15,61843.1,927646.53,557236.19,370410.34,91774.88,3035490.28,-2756854.82,103071.84,0.0279,25901.07,0.0281,57,4.45,334,8.7,0.983,0.96,19,25.2,0
2025-03,Retail,Busan,App,F-Outdoor,Mass,5867,0.01714,100,121,0.02408,2,3,62523.32,187569.97,121040.92,66529.05,50554.79,2155864.02,-2139889.77,93784.98,0.0298,5592.17,0.029,34,4.57,929,7.9,0.9859,0.9355,6,24.3,0
2025-03,Retail,Busan,App,F-Outdoor,Affinity,9337,0.02467,230,263,0.03333,8,5,62290.84,311454.2,181483.8,129970.4,90121.82,2159552.3,-2119703.73,38931.77,0.039,12160.93,0.0319,38,3.88,691,9.8,0.9794,0.9145,11,39.8,0
2025-03,Retail,Busan,App,F-Outdoor,VIP,8145,0.02401,195,222,0.02921,6,7,64111.26,448778.83,284817.05,163961.78,77997.58,1007706.19,-921742.0,74796.47,0.0323,14508.75,0.0392,59,4.61,929,6.4,0.9746,0.948,19,19.5,0
2025-03,Online,Seoul,Direct,A-Standard,Mass,13405,0.02558,342,369,0.02222,8,8,30592.23,244737.85,167270.93,77466.91,104114.15,2563363.84,-2590011.08,30592.23,0.0272,6661.04,0.0195,57,4.16,423,7.0,0.9196,0.9395,7,27.6,1
2025-03,Online,Seoul,Direct,A-Standard,Affinity,14000,0.04154,581,721,0.02511,18,19,29303.99,556775.72,385556.13,171219.59,153272.98,353542.25,-335595.64,30931.98,0.0256,14237.99,0.0255,34,4.54,364,6.5,0.9824,0.9657,6,37.9,0
2025-03,Online,Seoul,Direct,A-Standard,VIP,13936,0.03188,444,570,0.03846,21,26,30325.5,788463.11,520484.71,267978.4,203999.17,732844.28,-668865.06,37545.86,0.0187,14743.27,0.0367,48,4.59,564,12.5,0.9325,0.9714,12,17.4,0
2025-03,Online,Seoul,Direct,B-Pro,Mass,13287,0.02319,308,397,0.02274,9,21,47243.99,992123.81,632290.58,359833.23,132009.89,2986201.81,-2758378.48,110235.98,0.0339,33613.28,0.0326,41,5.0,412,5.5,0.9581,0.9084,9,27.1,1
2025-03,Online,Seoul,Direct,B-Pro,Affinity,14673,0.02766,405,515,0.02052,10,16,43358.39,693734.19,441101.58,252632.61,263674.96,2048990.88,-2060033.24,69373.42,0.0258,17873.66,0.041,54,4.24,591,5.9,0.97,0.9431,16,27.5,0
2025-03,Online,Seoul,Direct,B-Pro,VIP,13953,0.02023,282,355,0.03602,12,12,43815.3,525783.64,358158.64,167625.01,133350.4,2941719.97,-2907445.36,43815.3,0.0364,19136.75,0.0269,24,4.18,272,4.6,0.9397,0.9519,9,12.1,0
2025-03,Online,Seoul,Direct,C-Ultra,Mass,13268,0.03236,429,502,0.02968,14,16,69404.8,1110476.8,682917.37,427559.43,201692.92,287235.77,-61369.26,79319.77,0.031,34399.81,0.0489,36,4.15,408,3.8,0.9217,0.9567,9,22.9,0
2025-03,Online,Seoul,Direct,C-Ultra,Affinity,13708,0.0252,345,399,0.03235,12,19,66801.87,1269235.49,730536.09,538699.4,167730.66,774339.35,-403370.61,105769.62,0.031,39408.41,0.0218,66,4.24,1060,7.3,0.9545,0.8911,9,25.5,1
2025-03,Online,Seoul,Direct,C-Ultra,VIP,14920,0.01546,230,288,0.02171,6,12,72010.66,864127.94,495702.2,368425.74,93184.48,2993734.62,-2718493.36,144021.32,0.0426,36823.28,0.0107,28,4.93,687,6.7,0.9875,0.8793,12,34.0,1
2025-03,Online,Seoul,Direct,D-Home,Mass,15616,0.03493,545,718,0.01949,13,18,54617.53,983115.58,664500.26,318615.33,238801.61,1621803.77,-1541990.05,75624.28,0.0218,21429.61,0.0339,50,4.03,712,6.3,0.9759,0.9573,9,29.7,1
2025-03,Online,Seoul,Direct,D-Home,Affinity,14511,0.02501,362,420,0.03757,15,13,57082.39,742071.05,453343.92,288727.13,188968.59,1068488.1,-968729.56,49471.4,0.0419,31088.63,0.0422,28,4.62,643,12.2,0.9644,0.8754,18,30.5,5
2025-03,Online,Seoul,Direct,D-Home,VIP,12575,0.02398,301,384,0.02604,10,12,54266.1,651193.2,407385.87,243807.33,77753.93,463371.84,-297318.43,65119.32,0.0186,12100.77,0.0299,35,3.68,517,9.8,0.9658,0.8962,6,34.1,0
2025-03,Online,Seoul,Direct,E-Office,Mass,10546,0.01322,139,161,0.02279,3,4,61094.37,244377.5,144227.71,100149.79,88402.21,2063695.36,-2051947.79,81459.17,0.0361,8826.02,0.0437,23,4.49,350,8.3,0.9375,0.8724,13,35.1,0
2025-03,Online,Seoul,Direct,E-Office,Affinity,11471,0.03659,419,487,0.02826,13,10,60009.21,600092.13,365378.08,234714.05,112056.1,1593365.83,-1470707.88,46160.93,0.0178,10656.24,0.0547,59,3.86,854,5.3,0.9764,0.9058,7,15.9,0
2025-03,Online,Seoul,Direct,E-Office,VIP,11000,0.03233,355,398,0.03805,15,15,60190.92,902863.76,570149.84,332713.93,135459.48,1013862.51,-816608.07,60190.92,0.0641,57888.33,0.0248,18,4.13,994,7.7,0.9478,0.948,14,37.6,0
2025-03,Online,Seoul,Direct,F-Outdoor,Mass,11482,0.02163,248,282,0.02949,8,8,62292.91,498343.29,308420.86,189922.43,131774.53,2141774.46,-2083626.55,62292.91,0.0304,15152.57,0.0391,62,3.89,1383,5.9,0.9992,0.9405,8,27.9,0
2025-03,Online,Seoul,Direct,F-Outdoor,Affinity,13637,0.01922,262,339,0.02776,9,10,64560.38,645603.82,370693.06,274910.76,123636.27,381113.67,-229839.18,71733.76,0.0257,16582.61,0.0352,29,4.41,715,5.3,0.9855,0.928,0,35.0,1
2025-03,Online,Seoul,Direct,F-Outdoor,VIP,12528,0.01906,238,273,0.02869,7,11,66670.39,733374.25,461250.63,272123.62,91190.04,579157.07,-398223.49,104767.75,0.0304,22278.5,0.0154,50,3.44,1246,5.8,0.9942,0.9721,11,22.5,1
2025-03,Online,Seoul,Partner,A-Standard,Mass,10747,0.01523,163,186,0.02045,3,5,29065.55,145327.73,96126.22,49201.51,59726.32,2629154.81,-2639679.62,48442.58,0.0158,2301.36,0.0377,66,4.43,464,7.3,0.9959,0.9859,7,26.3,0
2025-03,Online,Seoul,Partner,A-Standard,Affinity,16051,0.03025,485,646,0.02253,14,22,29139.21,641062.55,417822.14,223240.42,225725.48,598603.4,-601088.46,45790.18,0.0279,17915.69,0.0358,36,4.72,789,8.4,0.9761,0.8818,6,35.0,3
2025-03,Online,Seoul,Partner,A-Standard,VIP,11183,0.0295,329,353,0.02619,9,13,31338.14,407395.87,288691.57,118704.3,133203.92,2260971.57,-2275471.19,45266.21,0.0621,25295.04,0.0351,33,4.13,425,8.7,0.9555,0.9731,32,33.5,3
2025-03,Online,Seoul,Partner,B-Pro,Mass,12370,0.02694,333,401,0.02273,9,9,45209.31,406883.81,268949.71,137934.09,113179.9,443226.91,-418472.72,45209.31,0.0176,7179.76,0.0459,49,4.58,649,7.6,0.977,0.8838,19,29.2,1
2025-03,Online,Seoul,Partner,B-Pro,Affinity,9505,0.0119,113,142,0.02996,4,6,46347.04,278082.21,185344.87,92737.34,46515.6,3023561.96,-2977340.22,69520.55,0.0223,6188.99,0.0481,49,4.75,441,7.0,0.9462,0.8978,5,33.0,0
2025-03,Online,Seoul,Partner,B-Pro,VIP,13318,0.0194,258,292,0.02351,6,7,45467.39,318271.76,214296.3,103975.46,118764.83,1585486.1,-1600275.47,53045.29,0.0209,6664.96,0.0254,46,4.41,219,8.3,0.9322,0.8817,6,32.9,0
2025-03,Online,Seoul,Partner,C-Ultra,Mass,10148,0.02851,289,335,0.03065,10,19,70189.95,1333609.1,747573.21,586035.89,67289.74,715192.52,-196446.37,133360.91,0.0493,65690.32,0.0618,40,4.4,645,3.7,0.9838,0.9033,17,29.8,5
2025-03,Online,Seoul,Partner,C-Ultra,Affinity,9943,0.02673,265,339,0.02234,7,8,70374.73,562997.81,358511.52,204486.29,100501.14,171906.09,-67920.95,80428.26,0.0527,29645.95,0.0397,28,4.16,577,8.6,0.9312,0.938,12,13.2,1
2025-03,Online,Seoul,Partner,C-Ultra,VIP,12240,0.03176,388,469,0.01978,9,12,72974.35,875692.17,543971.54,331720.63,133932.56,661038.55,-463250.48,97299.13,0.0289,25334.88,0.0196,40,4.28,1014,8.0,0.9909,0.9825,11,21.8,0
2025-03,Online,Seoul,Partner,D-Home,Mass,9099,0.0303,275,292,0.01586,4,4,56422.54,225690.17,138812.68,86877.49,88221.19,35119.66,-36463.36,56422.54,0.0512,11552.22,0.0187,34,4.13,409,5.0,0.9666,0.9684,4,15.9,0
2025-03,Online,Seoul,Partner,D-Home,Affinity,12458,0.01566,195,255,0.01968,5,6,52876.42,317258.51,200745.86,116512.66,98245.03,2459898.59,-2441630.96,63451.7,0.0402,12762.55,0.0311,21,4.81,740,4.2,0.9561,0.9068,14,40.3,0
2025-03,Online,Seoul,Partner,D-Home,VIP,9721,0.0307,298,338,0.02597,8,10,57597.81,575978.12,372973.14,203004.99,84710.38,532706.8,-414412.2,71997.27,0.0225,12974.35,0.0282,36,3.78,255,4.0,0.9644,0.952,0,39.1,0
2025-03,Online,Seoul,Partner,E-Office,Mass,11177,0.02433,271,355,0.02334,8,9,58940.98,530468.81,345343.93,185124.88,134333.19,295227.84,-244436.14,66308.6,0.0575,30483.79,0.0347,42,4.02,519,5.6,0.9661,0.9153,9,32.8,0
2025-03,Online,Seoul,Partner,E-Office,Affinity,10661,0.02679,285,361,0.0257,9,15,58002.26,870033.86,520172.44,349861.42,107243.62,2319932.91,-2077315.11,96670.43,0.0239,20835.55,0.0274,48,4.84,750,6.2,0.9864,0.8784,14,25.7,2
2025-03,Online,Seoul,Partner,E-Office,VIP,13079,0.02961,387,478,0.02858,13,7,61158.14,428106.96,257922.94,170184.02,135841.68,2498771.98,-2464429.64,32931.3,0.0564,24150.16,0.0225,42,3.99,342,5.2,0.9771,0.9833,8,27.3,3
2025-03,Online,Seoul,Partner,F-Outdoor,Mass,11606,0.02171,251,278,0.02903,8,15,68059.97,1020899.6,638178.94,382720.66,124436.04,824901.54,-566616.91,127612.45,0.0385,39291.1,0.0442,40,4.17,956,9.5,0.9993,0.9025,13,21.6,1
2025-03,Online,Seoul,Partner,F-Outdoor,Affinity,11821,0.02422,286,357,0.0345,12,19,67130.09,1275471.69,771023.91,504447.78,109972.36,1518706.82,-1124231.4,106289.31,0.0493,62887.04,0.0445,44,3.95,431,7.3,0.9558,0.9358,15,33.9,0
2025-03,Online,Seoul,Partner,F-Outdoor,VIP,9145,0.02967,271,341,0.03043,10,10,66178.04,661780.38,401314.41,260465.97,101910.17,1781061.91,-1622506.11,66178.04,0.0443,29326.87,0.0242,54,4.57,180,5.6,0.9722,0.8929,5,37.2,5
2025-03,Online,Seoul,Marketplace,A-Standard,Mass,15691,0.033,517,659,0.02797,18,20,31215.05,624300.95,406352.27,217948.69,167341.81,1955974.67,-1905367.78,34683.39,0.0455,28425.94,0.0143,37,4.6,736,7.8,0.9874,0.9486,12,20.8,0
2025-03,Online,Seoul,Marketplace,A-Standard,Affinity,13175,0.0279,367,467,0.0305,14,24,30355.6,728534.4,517242.42,211291.98,149069.86,727658.38,-665436.27,52038.17,0.0375,27304.09,0.0383,25,4.66,340,9.5,0.9879,0.9313,8,26.3,2
2025-03,Online,Seoul,Marketplace,A-Standard,VIP,15158,0.02151,326,434,0.04134,17,20,29818.36,596367.26,417388.0,178979.26,143177.55,424623.94,-388822.24,35080.43,0.0236,14069.29,0.034,34,4.68,644,9.2,0.9943,0.9581,6,25.8,0
2025-03,Online,Seoul,Marketplace,B-Pro,Mass,20642,0.02423,500,653,0.02667,17,28,44688.56,1251279.59,815072.67,436206.92,155645.6,2274739.85,-1994178.53,73604.68,0.0659,82481.39,0.0433,53,4.1,415,6.4,0.9299,0.9037,9,41.1,1
2025-03,Online,Seoul,Marketplace,B-Pro,Affinity,16125,0.03027,488,589,0.03323,19,17,45184.12,768130.0,513784.09,254345.91,242576.13,1519608.07,-1507838.29,40427.89,0.0291,22335.58,0.0328,42,4.35,97,5.6,0.9411,0.939,14,31.5,0
2025-03,Online,Seoul,Marketplace,B-Pro,VIP,23505,0.02155,506,540,0.01894,10,14,42934.82,601087.44,409763.44,191324.0,235037.62,2329329.32,-2373042.94,60108.74,0.0391,23480.92,0.0413,43,4.22,555,5.5,0.9633,0.9149,3,39.5,1
2025-03,Online,Seoul,Marketplace,C-Ultra,Mass,16624,0.02256,375,415,0.0183,7,9,71437.39,642936.51,398197.68,244738.83,121907.45,1945387.32,-1822555.95,91848.07,0.0424,27246.36,0.0389,45,4.71,474,6.1,0.9382,0.9369,13,26.9,3
2025-03,Online,Seoul,Marketplace,C-Ultra,Affinity,16380,0.01426,233,256,0.02951,7,8,67732.11,541856.92,319590.93,222265.99,115307.84,1474698.3,-1367740.15,77408.13,0.0461,24995.62,0.0501,60,4.43,537,10.3,0.9268,0.9841,7,36.7,1
2025-03,Online,Seoul,Marketplace,C-Ultra,VIP,19732,0.01772,349,464,0.0112,5,8,71611.99,572895.88,362117.52,210778.36,184001.63,651021.51,-624244.78,114579.18,0.0355,20357.67,0.0311,32,4.24,1136,6.5,0.9235,0.982,3,23.5,0
2025-03,Online,Seoul,Marketplace,D-Home,Mass,21064,0.02756,580,761,0.0159,12,19,53363.45,1013905.59,622825.87,391079.72,255155.24,2165141.99,-2029217.51,84492.13,0.0441,44704.92,0.0433,17,3.6,552,4.5,0.9105,0.9429,16,39.0,0
2025-03,Online,Seoul,Marketplace,D-Home,Affinity,14690,0.02127,312,338,0.01706,5,5,53142.67,265713.35,179075.08,86638.27,178613.85,1284441.38,-1376416.96,53142.67,0.0644,17123.93,0.0486,54,4.46,667,6.5,0.9693,0.937,12,38.1,2
2025-03,Online,Seoul,Marketplace,D-Home,VIP,18519,0.03233,598,719,0.02162,15,11,56085.4,616939.42,374308.19,242631.23,338596.24,2619806.19,-2715771.2,41129.29,0.064,39492.48,0.0296,43,4.31,480,7.1,0.9455,0.9016,18,31.7,1
2025-03,Online,Seoul,Marketplace,E-Office,Mass,19438,0.03134,609,807,0.01951,15,19,61628.99,1170950.88,717784.09,453166.79,215879.3,458514.4,-221226.91,78063.39,0.0435,50974.53,0.0206,60,3.37,287,7.1,0.896,1.0,10,30.3,0
2025-03,Online,Seoul,Marketplace,E-Office,Affinity,22729,0.02625,596,674,0.03566,24,58,59581.33,3455717.13,2229003.33,1226713.81,269004.34,2345330.92,-1387621.46,143988.21,0.0435,150469.59,0.028,34,4.69,1025,6.9,0.9408,0.9135,8,31.1,0
2025-03,Online,Seoul,Marketplace,E-Office,VIP,16862,0.03103,523,617,0.04201,25,29,59747.82,1732686.84,1103678.48,629008.36,131832.19,1643646.18,-1146470.01,69307.47,0.0122,21136.44,0.0385,63,4.26,695,9.1,0.9942,0.9173,2,25.0,3
2025-03,Online,Seoul,Marketplace,F-Outdoor,Mass,23044,0.02834,653,742,0.02768,20,24,67362.63,1616703.16,949689.91,667013.24,179562.42,1596396.04,-1108945.21,80835.16,0.0432,69887.39,0.0375,48,3.96,815,5.8,0.9853,0.9538,10,23.6,0
2025-03,Online,Seoul,Marketplace,F-Outdoor,Affinity,20410,0.02625,535,614,0.02036,12,8,64686.9,517495.24,302677.65,214817.59,261339.05,1601445.87,-1647967.33,43124.6,0.0235,12161.32,0.0352,34,4.7,800,4.3,0.9619,0.9718,14,30.4,0
2025-03,Online,Seoul,Marketplace,F-Outdoor,VIP,13981,0.02771,387,420,0.0223,9,11,65602.18,721624.03,442569.66,279054.36,186153.03,2535127.85,-2442226.52,80180.45,0.0322,23236.31,0.0419,49,4.47,703,7.1,0.9044,0.9385,6,26.2,0
2025-03,Online,Seoul,App,A-Standard,Mass,11907,0.02538,302,365,0.02634,9,10,29329.32,293293.25,198612.79,94680.46,120458.76,1574647.37,-1600425.68,32588.14,0.0163,4783.73,0.028,38,4.26,785,6.4,1.0,0.986,11,27.9,0
2025-03,Online,Seoul,App,A-Standard,Affinity,18301,0.02206,403,510,0.02621,13,14,29586.25,414207.48,281081.16,133126.32,253213.97,2368597.53,-2488685.17,31862.11,0.0426,17649.37,0.0263,25,4.26,761,6.4,0.9439,0.9201,17,29.8,3
2025-03,Online,Seoul,App,A-Standard,VIP,12262,0.02617,320,419,0.03318,13,22,30118.18,662600.04,446352.83,216247.21,161973.38,2358850.02,-2304576.18,50969.23,0.0536,35524.93,0.0199,66,4.05,583,6.2,0.9679,0.9281,19,15.9,2
2025-03,Online,Seoul,App,B-Pro,Mass,11723,0.01757,205,233,0.0191,4,5,46784.47,233922.36,144093.87,89828.49,75165.05,2566787.42,-2552123.98,58480.59,0.0241,5648.24,0.0532,39,4.73,461,8.0,0.9364,0.944,15,38.6,5
2025-03,Online,Seoul,App,B-Pro,Affinity,11662,0.025,291,320,0.02624,8,13,47108.97,612416.61,404389.75,208026.86,95539.06,2102009.97,-1989522.17,76552.08,0.0746,45680.05,0.0325,40,4.47,171,5.2,0.953,0.9575,10,23.2,2
2025-03,Online,Seoul,App,B-Pro,VIP,11676,0.02032,237,266,0.02736,7,7,46451.99,325163.96,213763.95,111400.01,107966.25,2137554.35,-2134120.58,46451.99,0.0225,7300.77,0.0297,38,5.0,980,4.7,0.9311,0.9367,7,36.8,0
2025-03,Online,Seoul,App,C-Ultra,Mass,14807,0.01761,260,341,0.0305,10,13,66706.14,867179.8,543008.02,324171.78,137937.79,3067891.14,-2881657.15,86717.98,0.0284,24647.65,0.0443,43,4.9,345,7.9,0.9426,0.9606,7,24.0,0
2025-03,Online,Seoul,App,C-Ultra,Affinity,11518,0.02165,249,272,0.02381,6,7,68676.27,480733.88,287923.19,192810.7,128304.42,1337574.66,-1273068.38,80122.31,0.043,20657.83,0.0341,35,3.87,58,5.6,0.9464,0.9664,25,37.2,0
2025-03,Online,Seoul,App,C-Ultra,VIP,15722,0.02866,450,597,0.03714,22,44,70748.79,3112946.68,1782460.21,1330486.47,144629.58,2065679.22,-879822.33,141497.58,0.0517,160918.69,0.0402,58,4.01,331,10.7,0.945,0.906,6,34.7,0
2025-03,Online,Seoul,App,D-Home,Mass,13598,0.03039,413,505,0.02707,13,18,54135.1,974431.72,593652.28,380779.44,104677.62,196604.13,79497.69,74956.29,0.0611,59513.07,0.0478,34,3.67,333,4.3,0.9459,0.9472,4,19.1,0
2025-03,Online,Seoul,App,D-Home,Affinity,9352,0.02734,255,282,0.02763,7,11,56463.54,621098.98,413229.03,207869.95,129684.44,1459646.37,-1381460.86,88728.43,0.0391,24275.52,0.0362,34,3.91,976,6.3,0.9475,0.9024,25,41.1,0
2025-03,Online,Seoul,App,D-Home,VIP,12544,0.02353,295,337,0.03025,10,8,55669.0,445352.0,299191.32,146160.67,89053.9,2510469.61,-2453362.84,44535.2,0.0486,21642.65,0.036,49,4.26,0,6.1,0.9598,0.8843,17,17.0,0
2025-03,Online,Seoul,App,E-Office,Mass,16235,0.02077,337,445,0.03205,14,16,58306.15,932898.45,578210.32,354688.13,82105.23,1407560.7,-1134977.81,66635.6,0.0283,26443.63,0.041,62,4.78,658,7.6,0.925,0.9411,8,47.1,3
2025-03,Online,Seoul,App,E-Office,Affinity,11522,0.02557,294,387,0.02799,10,12,57622.26,691467.09,429227.49,262239.6,89443.4,877290.48,-704494.28,69146.71,0.0573,39609.28,0.0198,25,3.78,950,9.5,0.981,0.9038,4,27.8,2
2025-03,Online,Seoul,App,E-Office,VIP,10815,0.02834,306,347,0.03025,10,20,59355.78,1187115.63,746936.97,440178.66,180189.78,447746.37,-187757.5,118711.56,0.0505,59909.93,0.0087,29,3.82,129,6.7,0.9899,0.9393,6,28.7,0
2025-03,Online,Seoul,App,F-Outdoor,Mass,13571,0.02683,364,456,0.01703,7,6,61765.73,370594.39,223187.34,147407.05,116046.76,449969.65,-418609.36,52942.06,0.0195,7242.72,0.0397,48,4.22,447,7.9,0.9938,0.9499,12,33.5,1
2025-03,Online,Seoul,App,F-Outdoor,Affinity,14676,0.01878,275,290,0.02668,7,9,67639.97,608759.73,395043.12,213716.61,102487.32,2107694.54,-1996465.25,86965.68,0.0475,28897.49,0.0337,54,3.98,619,7.5,0.9813,0.9418,11,23.7,0
2025-03,Online,Seoul,App,F-Outdoor,VIP,14919,0.017,253,284,0.01236,3,3,63195.99,189587.98,115992.08,73595.9,148985.52,1347055.76,-1422445.38,63195.99,0.0184,3487.35,0.0325,60,4.59,721,6.4,0.9618,0.927,13,13.2,2
2025-03,Online,Busan,Direct,A-Standard,Mass,12019,0.02228,267,319,0.0151,4,4,31448.42,125793.68,84803.49,40990.19,73961.08,681754.76,-714725.65,31448.42,0.0522,6565.53,0.041,43,4.01,962,4.5,0.9605,1.0,12,15.2,1
2025-03,Online,Busan,Direct,A-Standard,Affinity,9846,0.01982,195,256,0.02378,6,9,28799.96,259199.61,178649.71,80549.9,122710.38,2228481.99,-2270642.46,43199.94,0.0515,13339.72,0.0502,28,4.35,502,3.3,0.9204,0.9547,6,33.8,0
2025-03,Online,Busan,Direct,A-Standard,VIP,11570,0.02607,301,351,0.02571,9,14,29305.01,410270.1,267647.18,142622.93,118125.82,2508533.36,-2484036.26,45585.57,0.0321,13181.42,0.0334,32,4.89,746,8.0,0.9771,0.9121,12,40.3,0
2025-03,Online,Busan,Direct,B-Pro,Mass,10697,0.02901,310,356,0.0352,12,12,46065.77,552789.22,377452.89,175336.33,146880.38,874924.37,-846468.42,46065.77,0.0648,35809.97,0.041,43,3.88,427,8.5,0.9462,0.9805,7,34.1,0
2025-03,Online,Busan,Direct,B-Pro,Affinity,12449,0.01537,191,209,0.01935,4,2,43004.11,86008.23,56017.91,29990.32,80044.73,1268971.96,-1319026.37,21502.06,0.0197,1697.36,0.029,35,4.17,604,4.4,0.9908,0.9552,9,41.1,0
2025-03,Online,Busan,Direct,B-Pro,VIP,12843,0.02537,325,344,0.02861,9,13,45489.65,591365.47,368724.62,222640.85,198584.36,955688.79,-931632.29,65707.27,0.0,0.0,0.0388,47,4.75,646,10.4,0.9629,0.9534,5,30.7,3
2025-03,Online,Busan,Direct,C-Ultra,Mass,10316,0.02025,208,242,0.03561,8,10,71396.02,713960.21,409206.45,304753.76,104471.24,918219.24,-717936.72,89245.03,0.0584,41686.93,0.0526,50,4.59,416,5.5,0.9535,0.8965,18,18.2,0
2025-03,Online,Busan,Direct,C-Ultra,Affinity,15121,0.02585,390,420,0.02164,9,12,68193.37,818320.46,494497.12,323823.35,133470.06,1844591.14,-1654237.85,90924.5,0.06,49071.49,0.0323,29,3.7,694,7.2,1.0,0.9311,7,15.6,0
2025-03,Online,Busan,Direct,C-Ultra,VIP,13279,0.02248,298,368,0.02332,8,15,68881.79,1033226.79,613627.85,419598.94,166490.0,1728349.97,-1475241.04,129153.35,0.0487,50352.35,0.0331,27,4.94,681,3.8,0.9518,0.9815,12,17.5,0
2025-03,Online,Busan,Direct,D-Home,Mass,9454,0.02394,226,256,0.02955,7,10,54383.81,543838.06,329049.77,214788.29,116770.43,2093277.04,-1995259.18,77691.15,0.0447,24332.22,0.0427,31,4.41,920,7.8,0.9136,0.8984,10,41.7,2
2025-03,Online,Busan,Direct,D-Home,Affinity,12240,0.02795,342,440,0.01442,6,10,52837.19,528371.85,349807.36,178564.5,96637.86,2410381.54,-2328454.91,88061.98,0.0396,20946.94,0.0328,54,4.11,441,6.9,0.9472,0.9417,5,20.0,0
2025-03,Online,Busan,Direct,D-Home,VIP,7317,0.02539,185,203,0.02556,5,5,56486.25,282431.24,178789.04,103642.2,98225.5,2917270.62,-2911853.92,56486.25,0.0325,9172.26,0.0362,53,4.47,710,7.6,0.8945,0.927,5,24.0,0
2025-03,Online,Busan,Direct,E-Office,Mass,12030,0.02983,358,451,0.0263,11,15,60288.17,904322.49,533693.83,370628.66,180823.71,1696054.14,-1506249.19,82211.14,0.0338,30534.66,0.0284,49,3.91,85,6.4,0.9741,0.8722,8,31.6,0
2025-03,Online,Busan,Direct,E-Office,Affinity,15147,0.02204,333,413,0.01637,6,8,58292.1,466336.8,298070.64,168266.15,96615.74,3006656.52,-2935006.11,77722.8,0.0444,20696.63,0.0365,48,4.23,796,6.5,0.997,0.9467,15,33.2,0
2025-03,Online,Busan,Direct,E-Office,VIP,13570,0.02471,335,422,0.03013,12,20,59158.29,1183165.76,737021.73,446144.03,151545.4,2236845.45,-1942246.81,98597.15,0.0427,50492.82,0.0419,39,4.14,930,11.2,0.917,0.9281,18,26.9,3
2025-03,Online,Busan,Direct,F-Outdoor,Mass,11787,0.02188,257,299,0.03116,9,11,65969.0,725659.0,460459.06,265199.93,66956.37,1128835.36,-930591.8,80628.78,0.0095,6907.93,0.0299,39,4.52,888,5.4,0.9813,0.9363,5,24.9,0
2025-03,Online,Busan,Direct,F-Outdoor,Affinity,10612,0.02967,314,355,0.03189,11,19,62819.4,1193568.67,773284.58,420284.09,137741.31,2206395.23,-1923852.45,108506.24,0.0494,59021.25,0.0328,36,4.04,288,10.0,0.9713,0.9168,14,28.3,1
2025-03,Online,Busan,Direct,F-Outdoor,VIP,10800,0.02819,304,335,0.02963,9,14,63897.78,894568.99,580549.03,314019.96,143104.62,2547120.86,-2376205.52,99396.55,0.0287,25694.28,0.0421,33,4.14,161,8.0,1.0,0.9159,13,23.2,2
2025-03,Online,Busan,Partner,A-Standard,Mass,8547,0.03359,287,378,0.03042,11,16,30057.64,480922.29,313759.72,167162.57,104235.28,2739298.59,-2676371.3,43720.21,0.0353,16975.18,0.0458,28,4.1,657,8.5,0.9713,0.9714,7,20.2,0
2025-03,Online,Busan,Partner,A-Standard,Affinity,9420,0.024,226,287,0.02421,6,8,28520.28,228162.23,156385.49,71776.74,137618.21,2373624.01,-2439465.48,38027.04,0.0247,5637.48,0.0372,31,3.96,656,4.0,0.9631,0.8928,12,35.7,0
2025-03,Online,Busan,Partner,A-Standard,VIP,12301,0.01593,196,236,0.02544,6,3,29721.92,89165.76,61888.56,27277.2,94380.48,873347.49,-940450.77,14860.96,0.0246,2192.93,0.0263,35,4.46,336,6.2,0.9324,0.9463,19,22.9,2
2025-03,Online,Busan,Partner,B-Pro,Mass,11323,0.01714,194,234,0.01881,4,3,46478.16,139434.48,95224.32,44210.16,85091.39,810578.94,-851460.17,34858.62,0.0454,6334.98,0.037,45,4.49,423,7.0,0.9897,0.9826,16,30.1,0
2025-03,Online,Busan,Partner,B-Pro,Affinity,8120,0.03322,269,340,0.0317,10,9,45057.02,405513.17,272461.4,133051.77,117091.64,2888687.88,-2872727.74,40551.32,0.0491,19925.52,0.0443,62,4.38,513,5.4,0.9284,0.908,14,33.4,2
2025-03,Online,Busan,Partner,B-Pro,VIP,8021,0.02668,213,240,0.02926,7,8,46363.52,370908.2,239877.16,131031.04,78216.21,1331572.92,-1278758.09,52986.89,0.0568,21052.09,0.0381,48,4.16,749,5.6,0.9762,1.0,9,25.2,3
2025-03,Online,Busan,Partner,C-Ultra,Mass,9289,0.01381,128,136,0.02082,2,1,68799.57,68799.57,41693.64,27105.92,63396.95,1386312.29,-1422603.31,34399.78,0.0556,3825.6,0.0251,53,3.67,1267,5.4,1.0,0.9206,7,30.0,4
2025-03,Online,Busan,Partner,C-Ultra,Affinity,10659,0.02292,244,311,0.02242,6,11,67502.18,742523.95,463849.17,278674.78,83319.29,869837.36,-674481.87,123753.99,0.0266,19770.91,0.025,33,4.6,557,7.3,0.9779,0.9398,10,23.4,0
2025-03,Online,Busan,Partner,C-Ultra,VIP,9084,0.01723,156,177,0.03008,5,3,73184.47,219553.4,127374.68,92178.73,78799.51,1984754.49,-1971375.27,43910.68,0.0244,5350.78,0.0316,55,4.16,496,5.4,1.0,0.9329,10,21.2,3
2025-03,Online,Busan,Partner,D-Home,Mass,8935,0.02189,195,221,0.01651,3,4,55167.71,220670.85,144848.69,75822.16,111562.21,266373.25,-302113.3,73556.95,0.0308,6804.15,0.0161,56,4.62,340,11.4,0.9505,0.8939,12,17.5,1
2025-03,Online,Busan,Partner,D-Home,Affinity,11097,0.0272,301,342,0.02663,9,5,53112.3,265561.48,173637.73,91923.75,101217.92,1466479.53,-1475773.7,29506.83,0.0704,18686.36,0.0391,51,3.95,673,8.2,0.9519,0.9246,9,32.6,0
2025-03,Online,Busan,Partner,D-Home,VIP,7152,0.0254,181,226,0.04096,9,11,53451.37,587965.02,357689.79,230275.22,88339.54,2049344.42,-1907408.74,65329.45,0.0401,23585.95,0.0367,34,4.48,615,8.1,0.9494,0.9609,20,25.5,0
2025-03,Online,Busan,Partner,E-Office,Mass,8041,0.0302,242,314,0.02878,9,7,61464.3,430250.12,261417.31,168832.81,82606.39,822324.1,-736097.68,47805.57,0.0106,4545.04,0.0383,28,4.18,45,7.5,0.951,0.9494,19,13.2,5
2025-03,Online,Busan,Partner,E-Office,Affinity,12080,0.03535,427,529,0.02316,12,18,62600.69,1126812.37,706844.68,419967.69,218500.51,2035783.43,-1834316.24,93901.03,0.0486,54785.1,0.0269,28,4.55,379,7.2,0.9227,0.9055,3,26.7,1
2025-03,Online,Busan,Partner,E-Office,VIP,11658,0.02411,281,310,0.01888,5,7,58796.21,411573.5,260948.57,150624.93,147336.71,2633112.14,-2629823.93,82314.7,0.0418,17218.53,0.0187,37,5.0,664,8.7,0.9294,0.9709,17,27.7,0
2025-03,Online,Busan,Partner,F-Outdoor,Mass,8826,0.02028,179,211,0.01927,4,5,65176.37,325881.84,198493.63,127388.2,90301.12,360864.31,-323777.22,81470.46,0.0255,8323.69,0.0267,14,4.55,708,9.6,0.9477,0.943,12,18.4,0
2025-03,Online,Busan,Partner,F-Outdoor,Affinity,10020,0.02457,246,266,0.01867,4,4,62920.43,251681.71,158106.25,93575.46,71004.08,1025752.42,-1003181.05,62920.43,0.0357,8984.33,0.0278,57,4.55,645,7.6,1.0,0.9863,0,37.8,0
2025-03,Online,Busan,Partner,F-Outdoor,VIP,9278,0.03048,282,338,0.03471,11,20,62497.68,1249953.64,787201.17,462752.46,113851.45,491493.42,-142592.41,113632.15,0.026,32453.79,0.0379,54,4.25,1116,3.0,1.0,0.9512,15,16.7,2
2025-03,Online,Busan,Marketplace,A-Standard,Mass,16097,0.02331,375,411,0.0268,11,12,31297.42,375569.09,247537.66,128031.43,204704.44,748410.92,-825083.93,34142.64,0.0307,11540.51,0.0285,52,4.44,710,3.9,0.9718,0.9362,4,26.1,0
2025-03,Online,Busan,Marketplace,A-Standard,Affinity,12773,0.01256,160,208,0.02094,4,5,30061.01,150305.04,100345.52,49959.51,74373.28,2289555.35,-2313969.12,37576.26,0.0395,5939.88,0.0255,41,3.78,346,5.3,0.9287,0.9633,1,29.9,2
2025-03,Online,Busan,Marketplace,A-Standard,VIP,16863,0.02412,406,521,0.03029,15,19,30763.31,584502.98,397714.19,186788.8,190101.85,461097.5,-464410.55,38966.87,0.0138,8056.27,0.0346,48,4.29,425,7.5,1.0,0.9372,9,29.2,0
2025-03,Online,Busan,Marketplace,B-Pro,Mass,13044,0.02233,291,363,0.0223,8,12,43010.68,516128.14,318245.51,197882.63,82514.52,702417.61,-587049.5,64516.02,0.018,9280.82,0.0429,36,3.53,387,7.1,0.9005,0.904,9,12.4,1
2025-03,Online,Busan,Marketplace,B-Pro,Affinity,10362,0.02149,222,255,0.03453,8,13,47107.27,612394.48,385983.8,226410.69,129792.98,939625.51,-843007.81,76549.31,0.0352,21540.48,0.0316,50,4.44,731,8.9,0.9811,0.9581,16,30.2,0
2025-03,Online,Busan,Marketplace,B-Pro,VIP,14940,0.02698,403,495,0.02994,14,25,45853.68,1146341.94,750246.83,396095.11,201402.31,1941155.31,-1746462.51,81881.57,0.028,32129.71,0.0423,45,3.72,650,5.4,0.9547,0.9332,10,37.2,1
2025-03,Online,Busan,Marketplace,C-Ultra,Mass,13081,0.0226,295,336,0.02532,8,7,68926.21,482483.47,296588.17,185895.3,69543.31,2180159.02,-2063807.02,60310.43,0.0284,13704.46,0.0309,48,4.28,118,9.9,0.9441,1.0,23,36.0,4
2025-03,Online,Busan,Marketplace,C-Ultra,Affinity,11496,0.02126,244,315,0.02204,6,7,69572.9,487010.33,272774.78,214235.56,142447.0,902560.25,-830771.69,81168.39,0.0093,4516.51,0.0403,44,4.53,465,6.3,0.9832,0.9307,8,21.3,0
2025-03,Online,Busan,Marketplace,C-Ultra,VIP,14498,0.03985,577,713,0.02874,20,36,68317.86,2459442.78,1430053.21,1029389.57,260058.43,2464897.8,-1695566.65,122972.14,0.0156,38411.73,0.027,52,4.48,757,7.0,0.9441,0.9315,13,25.1,0
2025-03,Online,Busan,Marketplace,D-Home,Mass,11279,0.02722,307,332,0.02715,9,13,57212.57,743763.37,458962.81,284800.56,144862.53,589279.27,-449341.25,82640.37,0.0521,38753.83,0.0476,42,4.44,640,8.6,0.9171,0.9311,13,47.7,0
2025-03,Online,Busan,Marketplace,D-Home,Affinity,11530,0.02013,232,297,0.02209,6,11,53976.87,593745.6,382745.3,211000.3,61312.3,1748567.7,-1598879.71,98957.6,0.0547,32477.46,0.0538,34,4.63,963,6.4,0.9353,0.9327,10,26.7,3
2025-03,Online,Busan,Marketplace,D-Home,VIP,13038,0.02922,380,472,0.03167,14,26,56490.51,1468753.35,982558.2,486195.14,179134.43,1177921.41,-870860.7,104910.95,0.0414,60753.17,0.0276,59,4.85,621,8.7,1.0,0.874,18,18.3,0
2025-03,Online,Busan,Marketplace,E-Office,Mass,12861,0.02416,310,330,0.03194,10,12,58779.71,705356.54,414269.6,291086.95,194928.77,948974.02,-852815.85,70535.65,0.0312,21980.71,0.0303,42,3.93,624,9.7,0.9651,0.9794,20,34.8,0
2025-03,Online,Busan,Marketplace,E-Office,Affinity,11810,0.0319,376,396,0.02292,9,9,58312.25,524810.25,327530.69,197279.56,105764.64,692300.79,-600785.87,58312.25,0.0293,15399.4,0.043,29,4.46,892,8.7,1.0,0.8313,23,46.8,0
2025-03,Online,Busan,Marketplace,E-Office,VIP,14540,0.03155,458,571,0.02859,16,16,60346.19,965539.03,590721.78,374817.25,159312.35,2179708.95,-1964204.05,60346.19,0.0393,37979.08,0.0334,29,4.73,472,8.1,0.9633,0.9764,19,35.4,0
2025-03,Online,Busan,Marketplace,F-Outdoor,Mass,13035,0.02659,346,421,0.01873,7,9,67027.09,603243.78,345903.87,257339.91,132034.72,476340.82,-351035.63,86177.68,0.0223,13474.54,0.0404,33,4.35,701,6.6,0.9442,0.9376,0,15.5,3
2025-03,Online,Busan,Marketplace,F-Outdoor,Affinity,12001,0.03232,387,448,0.03138,14,14,66722.43,934113.97,576967.37,357146.61,99275.08,1933278.67,-1675407.14,66722.43,0.0523,48808.03,0.017,56,4.7,960,7.1,0.9471,0.928,17,22.5,0
2025-03,Online,Busan,Marketplace,F-Outdoor,VIP,12840,0.02341,300,382,0.03299,12,15,64671.53,970072.89,576978.59,393094.3,152555.35,3030736.97,-2790198.02,80839.41,0.0388,37634.44,0.0409,41,4.47,710,6.9,0.9466,0.8535,12,25.4,0
2025-03,Online,Busan,App,A-Standard,Mass,10179,0.02487,253,301,0.00697,2,2,28676.65,57353.3,37887.41,19465.89,96436.21,2929796.7,-3006767.02,28676.65,0.021,1207.09,0.0483,58,4.04,384,7.2,1.0,0.9527,14,34.9,0
2025-03,Online,Busan,App,A-Standard,Affinity,10282,0.02576,264,348,0.02942,10,11,28541.31,313954.42,213278.77,100675.65,112561.37,885601.78,-897487.51,31395.44,0.0528,16582.18,0.0401,35,3.83,534,6.2,0.9257,0.9371,7,26.5,0
2025-03,Online,Busan,App,A-Standard,VIP,9051,0.03237,292,321,0.04234,13,15,30473.46,457101.9,303176.24,153925.66,83323.28,1331972.96,-1261370.58,35161.68,0.0301,13766.53,0.0316,38,3.85,688,6.5,0.9579,0.8398,18,26.6,0
2025-03,Online,Busan,App,B-Pro,Mass,9522,0.02908,276,294,0.01652,4,2,46390.18,92780.36,60685.06,32095.3,118182.54,1986313.25,-2072400.49,23195.09,0.0258,2398.19,0.032,40,4.46,375,8.7,0.9723,0.9389,20,19.6,0
2025-03,Online,Busan,App,B-Pro,Affinity,9420,0.03044,286,317,0.01659,5,9,44191.78,397725.98,268568.19,129157.79,92434.42,1915542.63,-1878819.26,79545.2,0.0278,11074.47,0.0396,29,4.25,475,4.6,0.9421,0.929,14,24.0,0
2025-03,Online,Busan,App,B-Pro,VIP,10801,0.03069,331,368,0.02887,10,6,46662.78,279976.71,181515.39,98461.32,110841.07,2312454.1,-2324833.85,27997.67,0.0335,9386.44,0.0093,40,4.08,838,5.3,0.9654,0.9368,16,36.1,1
2025-03,Online,Busan,App,C-Ultra,Mass,9681,0.03397,328,427,0.02645,11,14,72502.87,1015040.17,647438.68,367601.49,144930.65,2759532.88,-2536862.05,92276.38,0.0339,34459.08,0.0418,29,3.81,843,9.1,0.9062,0.8772,0,26.3,0
2025-03,Online,Busan,App,C-Ultra,Affinity,10873,0.02628,285,313,0.0288,9,13,70742.52,919652.81,537501.99,382150.82,140813.73,1149193.11,-907856.02,102183.65,0.0324,29794.24,0.0339,50,4.07,873,5.3,0.9385,0.8965,9,36.6,0
2025-03,Online,Busan,App,C-Ultra,VIP,10866,0.01881,204,255,0.03161,8,7,67770.77,474395.41,280670.68,193724.73,147733.43,1775387.11,-1729395.8,59299.43,0.0364,17269.26,0.0495,50,3.78,448,9.4,0.9475,0.8489,18,37.6,1
2025-03,Online,Busan,App,D-Home,Mass,9409,0.02029,190,214,0.01851,3,3,52594.94,157784.82,104417.99,53366.83,98377.54,2835092.21,-2880102.92,52594.94,0.0492,7759.61,0.0493,32,4.57,1385,5.3,0.9907,0.978,9,40.3,0
2025-03,Online,Busan,App,D-Home,Affinity,12369,0.03017,373,436,0.02527,11,12,55381.37,664576.48,423159.72,241416.76,167909.03,2621429.69,-2547921.96,60416.04,0.049,32545.42,0.0474,41,4.06,717,5.9,0.9431,0.9028,8,42.8,3
2025-03,Online,Busan,App,D-Home,VIP,10533,0.03437,362,449,0.03575,16,14,55383.43,775368.0,508313.93,267054.06,198928.82,1844731.59,-1776606.34,48460.5,0.045,34855.81,0.0133,49,4.12,584,3.3,0.9934,0.9152,10,31.2,0
2025-03,Online,Busan,App,E-Office,Mass,7987,0.03394,271,305,0.01727,5,6,57958.91,347753.45,208061.77,139691.68,116391.32,1397417.66,-1374117.3,69550.69,0.0649,22574.09,0.028,45,4.27,810,5.1,0.9639,0.9103,14,43.6,2
2025-03,Online,Busan,App,E-Office,Affinity,8575,0.0266,228,291,0.03421,9,12,59486.28,713835.4,464958.85,248876.54,60251.35,468000.65,-279375.46,79315.04,0.0246,17526.67,0.04,40,4.27,458,4.7,0.9686,0.8768,10,30.6,0
2025-03,Online,Busan,App,E-Office,VIP,13679,0.03707,507,580,0.02656,15,19,60871.76,1156563.49,682923.09,473640.4,232889.01,2065411.83,-1824660.45,77104.23,0.0747,86438.15,0.0313,40,4.28,561,5.5,0.9492,0.9298,17,38.3,3
2025-03,Online,Busan,App,F-Outdoor,Mass,10619,0.02416,256,324,0.0104,3,5,67537.52,337687.59,207889.39,129798.19,97555.77,703854.02,-671611.59,112562.53,0.0331,11192.46,0.0316,32,4.65,776,5.7,0.9913,0.9382,11,20.6,0
2025-03,Online,Busan,App,F-Outdoor,Affinity,11120,0.02591,288,377,0.02642,9,9,65982.44,593841.95,369130.25,224711.7,155452.45,2703725.92,-2634466.66,65982.44,0.064,38022.14,0.0319,33,4.18,856,7.2,1.0,0.893,11,24.7,0
2025-03,Online,Busan,App,F-Outdoor,VIP,9744,0.04162,405,490,0.02528,12,21,63757.55,1338908.46,792391.68,546516.79,189674.56,2392172.84,-2035330.6,111575.71,0.0568,76098.52,0.0265,48,4.79,557,5.6,0.9439,0.9293,13,21.9,0
2025-04,Retail,Seoul,Direct,A-Standard,Mass,14147,0.02803,396,520,0.02163,11,18,29583.87,532509.57,362723.51,169786.06,142232.65,2245073.1,-2217519.68,48409.96,0.0285,15168.36,0.0266,35,4.18,591,8.2,0.9805,0.9285,0,39.0,0
2025-04,Retail,Seoul,Direct,A-Standard,Affinity,13101,0.01215,159,188,0.02549,4,7,30861.29,216029.06,153208.82,62820.25,109608.62,1025205.51,-1071993.89,54007.27,0.0255,5515.08,0.0406,60,4.1,747,7.1,0.9737,0.8747,11,36.1,0
2025-04,Retail,Seoul,Direct,A-Standard,VIP,14180,0.01825,258,337,0.03229,10,14,31218.98,437065.79,289941.63,147124.16,94078.14,844323.0,-791276.98,43706.58,0.0278,12144.1,0.0367,21,4.27,502,6.2,0.9749,0.9086,18,32.6,1
2025-04,Retail,Seoul,Direct,B-Pro,Mass,10537,0.0196,206,254,0.02532,6,6,43152.05,258912.32,170900.57,88011.75,85916.63,2205499.99,-2203404.87,43152.05,0.0487,12616.11,0.043,28,3.99,872,7.5,1.0,0.8289,17,33.0,1
2025-04,Retail,Seoul,Direct,B-Pro,Affinity,11488,0.01525,175,208,0.01913,3,4,46833.27,187333.06,120473.23,66859.83,69757.04,2170567.2,-2173464.4,62444.35,0.0272,5100.64,0.0457,44,4.22,609,7.1,1.0,0.915,0,34.2,0
2025-04,Retail,Seoul,Direct,B-Pro,VIP,17197,0.03314,569,645,0.03182,20,23,46865.66,1077910.07,712379.59,365530.48,203365.3,1282114.01,-1119948.83,53895.5,0.0487,52533.02,0.025,34,4.39,178,6.6,0.9749,0.9034,14,10.6,0
2025-04,Retail,Seoul,Direct,C-Ultra,Mass,9567,0.02527,241,297,0.01283,3,5,68750.74,343753.69,209581.47,134172.22,120775.59,1368047.49,-1354650.86,114584.56,0.0297,10225.53,0.0376,33,4.15,287,5.0,0.9417,0.9169,5,13.7,3
2025-04,Retail,Seoul,Direct,C-Ultra,Affinity,11704,0.02428,284,349,0.02933,10,13,73093.21,950211.74,594184.1,356027.64,146439.19,2107420.66,-1897832.21,95021.17,0.0292,27761.41,0.0333,42,4.64,285,6.2,0.9006,0.9344,14,27.7,0
2025-04,Retail,Seoul,Direct,C-Ultra,VIP,10036,0.03228,323,357,0.02765,9,10,69680.37,696803.68,407595.86,289207.82,126594.48,1552306.03,-1389692.69,77422.63,0.0218,15189.89,0.029,17,4.46,866,4.8,0.9511,0.9599,9,15.8,0
2025-04,Retail,Seoul,Direct,D-Home,Mass,10808,0.02811,303,321,0.02063,6,10,56383.33,563833.31,345849.46,217983.85,152644.7,1755287.27,-1689948.12,93972.22,0.0097,5448.31,0.0349,57,3.79,237,2.5,0.934,0.8588,24,33.8,2
2025-04,Retail,Seoul,Direct,D-Home,Affinity,8927,0.02477,221,259,0.03052,7,8,55553.71,444429.65,281216.08,163213.57,69244.36,1259136.91,-1165167.7,63489.95,0.0606,26943.99,0.0106,35,3.83,402,9.0,0.9557,0.9432,6,28.3,0
2025-04,Retail,Seoul,Direct,D-Home,VIP,12288,0.02573,316,384,0.02749,10,10,55595.54,555955.35,367211.4,188743.95,99534.06,2496708.45,-2407498.56,55595.54,0.025,13896.2,0.0215,20,4.25,849,5.2,0.97,0.934,22,34.4,0
2025-04,Retail,Seoul,Direct,E-Office,Mass,11288,0.01606,181,235,0.01561,3,3,58750.8,176252.41,112729.09,63523.32,97255.75,433648.45,-467380.88,58750.8,0.0392,6914.01,0.0394,64,3.76,213,7.4,0.895,0.9479,6,36.6,0
2025-04,Retail,Seoul,Direct,E-Office,Affinity,11256,0.02526,284,330,0.02804,9,9,60952.88,548575.95,342457.63,206118.32,88966.99,2031834.66,-1914683.33,60952.88,0.0398,21823.72,0.0374,61,4.24,586,4.9,0.933,0.8916,17,33.5,2
2025-04,Retail,Seoul,Direct,E-Office,VIP,9600,0.02286,219,255,0.02933,7,9,62342.55,561082.93,361208.22,199874.72,126318.05,886436.7,-812880.03,80154.7,0.0126,7092.51,0.0205,44,4.25,611,7.6,0.9626,0.8662,20,20.5,0
2025-04,Retail,Seoul,Direct,F-Outdoor,Mass,9962,0.02016,200,218,0.02174,4,2,62259.01,124518.03,71367.28,53150.75,119328.08,2280969.35,-2347146.69,31129.51,0.0229,2845.66,0.0453,48,4.5,248,8.4,0.9948,0.8932,21,32.1,0
2025-04,Retail,Seoul,Direct,F-Outdoor,Affinity,12983,0.03056,396,447,0.02959,13,25,64721.26,1618031.59,976565.03,641466.57,203893.38,1091298.15,-653724.96,124463.97,0.0241,39047.15,0.0323,47,4.16,348,10.1,0.957,0.9268,16,32.2,2
2025-04,Retail,Seoul,Direct,F-Outdoor,VIP,12707,0.03085,391,507,0.02552,12,18,66877.46,1203794.26,698470.96,505323.3,141933.13,3079322.83,-2715932.67,100316.19,0.0292,35124.57,0.0193,43,4.64,600,5.2,0.9702,0.9367,9,25.3,3
2025-04,Retail,Seoul,Partner,A-Standard,Mass,14579,0.016,233,301,0.02324,6,6,30784.91,184709.46,122918.01,61791.44,125320.87,1376193.25,-1439722.68,30784.91,0.0527,9743.06,0.0571,20,4.3,384,7.4,1.0,0.8725,2,28.6,1
2025-04,Retail,Seoul,Partner,A-Standard,Affinity,10910,0.02894,315,381,0.03159,12,14,30594.81,428327.3,297255.9,131071.4,121850.49,327081.27,-317860.36,35693.94,0.0405,17336.17,0.0247,63,4.41,446,4.3,0.912,0.9367,11,30.0,0
2025-04,Retail,Seoul,Partner,A-Standard,VIP,10325,0.03131,323,390,0.03319,12,11,29242.93,321672.28,220963.13,100709.15,159814.95,647056.66,-706162.47,26806.02,0.0274,8821.63,0.0338,40,4.35,463,6.9,0.9241,0.9034,16,14.6,0
2025-04,Retail,Seoul,Partner,B-Pro,Mass,9926,0.03129,310,371,0.01889,7,6,46165.78,276994.7,177270.72,99723.98,79362.29,910241.09,-889879.4,39570.67,0.0293,8106.49,0.0266,44,3.42,624,6.8,0.9935,0.9482,16,28.2,0
2025-04,Retail,Seoul,Partner,B-Pro,Affinity,11301,0.01933,218,270,0.02539,6,5,44608.3,223041.5,144085.96,78955.54,139818.11,2620579.12,-2681441.68,37173.58,0.0347,7743.17,0.0352,47,4.26,339,11.1,0.9292,0.9324,2,15.9,0
2025-04,Retail,Seoul,Partner,B-Pro,VIP,8387,0.0311,260,295,0.03397,10,11,46884.02,515724.2,328860.08,186864.12,116444.17,291447.22,-221027.26,51572.42,0.0293,15109.28,0.0457,60,3.97,638,5.2,0.9458,1.0,6,26.9,0
2025-04,Retail,Seoul,Partner,C-Ultra,Mass,7995,0.02552,204,268,0.02582,6,6,72346.44,434078.64,271410.07,162668.57,84153.46,2725063.31,-2646548.21,72346.44,0.0306,13275.33,0.0578,17,3.72,648,7.3,0.951,0.9205,9,18.2,2
2025-04,Retail,Seoul,Partner,C-Ultra,Affinity,11476,0.0279,320,337,0.02616,8,14,69396.92,971556.88,574887.64,396669.24,174539.21,182675.83,39454.2,121444.61,0.0182,17695.68,0.0388,45,4.55,333,10.8,1.0,1.0,5,28.7,3
2025-04,Retail,Seoul,Partner,C-Ultra,VIP,8777,0.02981,261,276,0.02409,6,6,68181.15,409086.89,247471.76,161615.13,87655.62,1315766.04,-1241806.54,68181.15,0.0642,26250.8,0.0261,37,4.48,329,10.4,0.9728,0.9529,15,23.1,0
2025-04,Retail,Seoul,Partner,D-Home,Mass,8719,0.02003,174,186,0.0235,4,6,56092.94,336557.62,213264.43,123293.19,94714.22,2380148.71,-2351569.74,84139.41,0.0504,16962.11,0.0312,49,4.14,507,6.4,0.9977,0.9166,14,31.4,1
2025-04,Retail,Seoul,Partner,D-Home,Affinity,12115,0.02976,360,418,0.01261,5,4,53144.74,212578.95,142353.28,70225.67,117890.59,965134.95,-1012799.87,42515.79,0.0242,5144.03,0.0275,37,4.05,595,7.2,0.9708,0.9833,6,18.1,0
2025-04,Retail,Seoul,Partner,D-Home,VIP,12425,0.02761,343,416,0.01454,6,6,52732.17,316393.0,207377.87,109015.13,188860.63,2716904.19,-2796749.69,52732.17,0.0208,6576.3,0.033,64,5.0,729,5.1,0.9584,0.8925,4,21.8,0
2025-04,Retail,Seoul,Partner,E-Office,Mass,9910,0.01463,144,179,0.02736,4,5,61220.06,306100.3,191690.98,114409.32,68909.73,428127.33,-382627.73,76525.07,0.0463,14178.0,0.0327,38,4.51,666,4.9,0.9536,0.8801,19,21.6,3
2025-04,Retail,Seoul,Partner,E-Office,Affinity,10763,0.0314,337,357,0.02862,10,9,59577.52,536197.68,319402.56,216795.12,73468.21,1613618.27,-1470291.36,53619.77,0.023,12317.56,0.0413,39,4.47,850,5.8,0.9949,0.9894,4,22.8,3
2025-04,Retail,Seoul,Partner,E-Office,VIP,9902,0.02826,279,296,0.02454,7,8,59051.27,472410.13,290476.04,181934.09,96923.03,1060740.6,-975729.54,67487.16,0.0509,24060.71,0.0296,27,4.41,597,5.9,0.946,0.8977,7,26.7,1
2025-04,Retail,Seoul,Partner,F-Outdoor,Mass,6774,0.03209,217,242,0.03151,7,9,65969.43,593724.87,374059.08,219665.79,92126.12,2353817.78,-2226278.11,84817.84,0.0598,35484.36,0.0245,45,2.92,431,8.0,0.9173,0.8975,7,39.4,1
2025-04,Retail,Seoul,Partner,F-Outdoor,Affinity,11494,0.02199,252,288,0.02434,7,9,67816.43,610347.83,351424.77,258923.06,70890.95,1436375.56,-1248343.45,87192.55,0.0541,33007.44,0.046,23,4.22,429,6.2,0.9688,0.8793,16,12.8,0
2025-04,Retail,Seoul,Partner,F-Outdoor,VIP,9540,0.01888,180,222,0.03386,7,8,68088.37,544706.97,327955.59,216751.38,65530.21,356336.05,-205114.88,77815.28,0.0476,25929.72,0.0543,43,4.63,566,8.4,0.966,0.9332,22,15.8,0
2025-04,Retail,Seoul,Marketplace,A-Standard,Mass,15710,0.01956,307,372,0.01533,5,5,28880.57,144402.87,94723.45,49679.42,188217.81,155861.94,-294400.33,28880.57,0.0369,5329.92,0.0436,40,4.51,712,4.5,0.9322,0.9914,15,28.9,1
2025-04,Retail,Seoul,Marketplace,A-Standard,Affinity,14112,0.03079,434,459,0.02298,10,16,30029.45,480471.25,330994.19,149477.06,218613.95,1141926.55,-1211063.44,48047.12,0.0086,4125.74,0.0352,24,4.85,731,7.5,0.9339,1.0,16,38.7,1
2025-04,Retail,Seoul,Marketplace,A-Standard,VIP,15371,0.02551,392,492,0.02779,13,13,28996.04,376948.49,259619.81,117328.69,191524.5,48511.17,-122706.98,28996.04,0.0289,10907.38,0.0192,49,4.35,143,9.1,0.9549,0.8607,14,24.7,2
2025-04,Retail,Seoul,Marketplace,B-Pro,Mass,13182,0.01668,219,265,0.01494,3,4,44113.84,176455.34,112764.26,63691.09,100816.97,124128.36,-161254.25,58818.45,0.0427,7527.18,0.0413,35,4.24,549,9.4,0.9577,0.9318,12,20.5,1
2025-04,Retail,Seoul,Marketplace,B-Pro,Affinity,18675,0.01572,293,370,0.03759,13,17,45640.99,775896.83,530611.56,245285.27,141772.92,146386.3,-42873.95,59684.37,0.0301,23369.45,0.0261,66,4.33,546,6.5,0.9712,0.9002,18,19.4,2
2025-04,Retail,Seoul,Marketplace,B-Pro,VIP,16204,0.02976,482,523,0.03176,16,24,43881.09,1053146.23,659455.79,393690.44,164652.93,277695.59,-48658.08,65821.64,0.0475,49983.1,0.0208,26,4.32,439,4.3,0.963,0.99,25,35.6,1
2025-04,Retail,Seoul,Marketplace,C-Ultra,Mass,19472,0.01988,387,408,0.01312,5,4,71980.82,287923.3,165742.23,122181.07,218244.78,1505312.41,-1601376.13,57584.66,0.015,4327.22,0.0224,47,4.17,835,10.6,0.9443,0.942,22,31.7,0
2025-04,Retail,Seoul,Marketplace,C-Ultra,Affinity,15447,0.03058,472,529,0.034,17,36,72647.66,2615315.72,1588114.45,1027201.27,277653.6,1498748.87,-749201.2,153842.1,0.0433,113251.13,0.038,35,4.58,176,10.6,0.9659,0.988,9,27.2,0
2025-04,Retail,Seoul,Marketplace,C-Ultra,VIP,19554,0.01871,365,414,0.02023,8,11,73069.18,803761.02,500327.17,303433.85,175762.02,1484819.85,-1357148.02,100470.13,0.0437,35105.02,0.0462,29,4.18,552,9.1,0.9413,0.9026,0,30.2,0
2025-04,Retail,Seoul,Marketplace,D-Home,Mass,13650,0.01773,242,276,0.01168,3,4,57466.83,229867.33,146472.05,83395.28,96630.93,757768.6,-771004.25,76622.44,0.0042,971.65,0.0477,62,3.54,329,6.5,0.9668,0.9012,14,37.9,1
2025-04,Retail,Seoul,Marketplace,D-Home,Affinity,12594,0.03029,381,491,0.02796,13,19,56095.74,1065819.11,671693.31,394125.8,130285.5,2727931.33,-2464091.04,81986.09,0.0127,13508.27,0.0359,38,4.08,724,5.1,0.9546,0.8792,20,12.8,0
2025-04,Retail,Seoul,Marketplace,D-Home,VIP,13849,0.0224,310,334,0.02883,9,5,56826.18,284130.9,189778.55,94352.35,178792.49,657500.69,-741940.83,31570.1,0.0424,12054.73,0.0417,55,3.95,262,5.2,1.0,0.9287,8,25.9,0
2025-04,Retail,Seoul,Marketplace,E-Office,Mass,16367,0.02175,356,447,0.03219,14,17,58878.96,1000942.29,654398.33,346543.95,169586.75,1368928.2,-1191971.0,71495.88,0.0428,42881.6,0.0543,33,4.14,212,6.4,0.9628,0.8913,11,25.4,1
2025-04,Retail,Seoul,Marketplace,E-Office,Affinity,13412,0.01301,174,204,0.02446,4,5,61250.14,306250.71,182683.87,123566.84,122424.05,1168479.01,-1167336.22,76562.68,0.0406,12424.17,0.0408,46,3.96,438,4.5,0.9417,0.9739,9,32.7,1
2025-04,Retail,Seoul,Marketplace,E-Office,VIP,15160,0.02387,361,386,0.03123,12,19,60400.21,1147604.05,711322.97,436281.08,91362.44,1863471.45,-1518552.81,95633.67,0.0452,51836.62,0.0217,36,4.42,57,7.9,0.9482,0.9957,18,15.9,0
2025-04,Retail,Seoul,Marketplace,F-Outdoor,Mass,16472,0.02647,435,469,0.02132,9,15,64429.46,966441.92,576731.09,389710.83,234932.16,1238853.41,-1084074.74,107382.44,0.0077,7451.15,0.0457,58,4.02,308,5.5,0.9369,0.9705,6,21.3,0
2025-04,Retail,Seoul,Marketplace,F-Outdoor,Affinity,12077,0.01701,205,229,0.02849,6,8,66918.02,535344.16,344687.1,190657.06,89821.09,1745241.77,-1644405.81,89224.03,0.036,19292.34,0.0185,52,3.77,480,9.0,0.9038,0.9122,26,16.2,1
2025-04,Retail,Seoul,Marketplace,F-Outdoor,VIP,10545,0.02358,248,327,0.02701,8,10,61908.4,619083.95,380662.81,238421.14,93955.18,2352139.06,-2207673.1,77385.49,0.0436,27003.76,0.0334,56,4.1,479,4.3,0.953,0.9348,7,30.2,1
2025-04,Retail,Seoul,App,A-Standard,Mass,9945,0.02608,259,324,0.02694,8,4,28762.15,115048.61,77538.88,37509.72,118880.43,1606536.15,-1687906.86,14381.08,0.0442,5083.24,0.0573,53,3.9,56,4.2,0.9601,0.92,8,32.0,2
2025-04,Retail,Seoul,App,A-Standard,Affinity,10538,0.01359,143,159,0.03009,4,5,30060.92,150304.62,102490.42,47814.2,64145.12,206632.89,-222963.81,37576.15,0.0444,6667.3,0.0263,53,4.82,525,5.6,0.9511,0.9225,5,22.0,0
2025-04,Retail,Seoul,App,A-Standard,VIP,13197,0.01868,246,296,0.03506,10,17,29427.63,500269.77,344710.71,155559.07,114130.07,2554505.19,-2513076.2,50026.98,0.041,20496.74,0.0287,37,4.28,474,5.0,0.9035,0.864,18,22.0,0
2025-04,Retail,Seoul,App,B-Pro,Mass,11410,0.01786,203,254,0.01816,4,4,44962.79,179851.18,113195.03,66656.15,84967.14,1253708.39,-1272019.39,44962.79,0.0576,10361.96,0.0392,45,3.92,619,5.2,0.9756,0.9482,3,14.4,0
2025-04,Retail,Seoul,App,B-Pro,Affinity,17524,0.02324,407,526,0.02316,12,21,46683.49,980353.31,653572.98,326780.34,180857.73,3077394.32,-2931471.71,81696.11,0.0274,26828.32,0.0543,27,5.0,515,3.1,0.9214,0.9286,13,19.2,1
2025-04,Retail,Seoul,App,B-Pro,VIP,10968,0.03243,355,412,0.0391,16,32,46733.4,1495468.73,925709.19,569759.54,137398.58,2163441.51,-1731080.55,93466.8,0.0726,108622.06,0.0231,36,4.26,277,9.8,0.9764,0.978,12,37.6,0
2025-04,Retail,Seoul,App,C-Ultra,Mass,9688,0.02726,264,340,0.03477,11,12,71706.52,860478.26,515181.47,345296.79,149575.82,1512858.38,-1317137.41,78225.3,0.041,35289.07,0.0109,47,4.06,331,8.3,0.9703,0.9299,6,36.1,0
2025-04,Retail,Seoul,App,C-Ultra,Affinity,13357,0.02783,371,453,0.0254,11,12,73200.55,878406.56,539668.16,338738.4,133708.68,805351.84,-600322.12,79855.14,0.0222,19478.67,0.0267,40,3.91,332,7.9,0.9772,0.9227,10,27.5,0
2025-04,Retail,Seoul,App,C-Ultra,VIP,10916,0.02787,304,334,0.02717,9,13,72402.89,941237.6,570650.12,370587.49,99935.56,2223834.72,-1953182.8,104581.96,0.0355,33369.48,0.031,39,3.76,324,4.3,0.9367,0.9789,11,18.7,0
2025-04,Retail,Seoul,App,D-Home,Mass,10971,0.0296,324,358,0.01945,6,7,55199.56,386396.92,241965.26,144431.66,169621.04,2785472.78,-2810662.16,64399.49,0.0258,9953.91,0.0403,25,3.74,371,6.0,0.9425,0.9281,23,33.1,1
2025-04,Retail,Seoul,App,D-Home,Affinity,12888,0.02299,296,336,0.02736,9,14,56775.09,794851.22,490556.64,304294.58,129494.42,1875760.16,-1700960.0,88316.8,0.0477,37949.85,0.0447,40,4.18,383,5.9,0.9651,1.0,23,29.1,5
2025-04,Retail,Seoul,App,D-Home,VIP,12091,0.02488,300,322,0.03328,10,18,53281.3,959063.43,611998.18,347065.25,123180.8,1039155.19,-815270.73,95906.34,0.0608,58294.97,0.0107,41,4.68,664,9.3,0.9608,0.9609,6,32.6,0
2025-04,Retail,Seoul,App,E-Office,Mass,10319,0.03304,340,451,0.025,11,16,57112.17,913794.79,551331.26,362463.53,107480.0,2765903.03,-2510919.49,83072.25,0.0358,32750.05,0.041,55,4.52,561,8.3,0.9314,0.9437,9,20.9,0
2025-04,Retail,Seoul,App,E-Office,Affinity,11311,0.02406,272,319,0.03182,10,12,60849.9,730198.78,458396.55,271802.23,88922.45,395706.68,-212826.9,73019.88,0.0426,31124.04,0.0472,27,3.94,0,7.8,0.9589,0.8863,3,26.3,1
2025-04,Retail,Seoul,App,E-Office,VIP,9872,0.00883,87,106,0.03408,3,4,57165.21,228660.86,139587.84,89073.02,51921.06,2891404.55,-2854252.59,76220.29,0.0204,4656.25,0.0383,45,4.48,399,7.1,1.0,0.9981,9,31.5,0
2025-04,Retail,Seoul,App,F-Outdoor,Mass,9314,0.02021,188,234,0.02141,5,6,65044.95,390269.68,248943.54,141326.14,51687.11,2239088.34,-2149449.31,78053.94,0.0539,21046.76,0.0273,15,3.98,681,6.8,0.9397,0.9083,20,23.9,0
2025-04,Retail,Seoul,App,F-Outdoor,Affinity,9317,0.02952,275,316,0.02572,8,4,68164.65,272658.61,168735.21,103923.4,101648.37,993542.66,-991267.62,34082.33,0.0235,6417.24,0.031,66,4.67,387,5.9,0.9488,0.9998,15,39.8,1
2025-04,Retail,Seoul,App,F-Outdoor,VIP,15145,0.02415,365,432,0.03128,13,21,67695.18,1421598.87,879284.72,542314.15,210840.36,2796519.31,-2465045.53,109353.76,0.0504,71658.78,0.0161,39,4.41,789,5.9,0.9332,0.915,8,24.2,0
2025-04,Retail,Busan,Direct,A-Standard,Mass,7616,0.01992,151,183,0.02784,5,8,31448.0,251583.98,175719.86,75864.12,69313.22,925208.25,-918657.35,50316.8,0.036,9058.57,0.0305,70,3.87,449,8.1,0.932,0.9653,12,25.3,0
2025-04,Retail,Busan,Direct,A-Standard,Affinity,7798,0.02082,162,214,0.01609,3,4,30764.69,123058.77,83051.35,40007.42,65779.47,1499629.67,-1525401.72,41019.59,0.0613,7537.38,0.0565,57,4.5,152,8.6,0.9471,0.9653,19,41.0,2
2025-04,Retail,Busan,Direct,A-Standard,VIP,7252,0.02777,201,253,0.03416,8,10,29828.79,298287.89,196154.13,102133.76,98576.86,2298834.44,-2295277.55,37285.99,0.0449,13388.96,0.0515,38,4.56,821,9.6,0.9296,0.9598,14,44.4,2
2025-04,Retail,Busan,Direct,B-Pro,Mass,11036,0.02314,255,270,0.02894,7,9,46446.0,418013.96,274560.05,143453.91,94819.08,179585.94,-130951.12,59716.28,0.0302,12643.45,0.0289,51,4.73,476,6.2,0.9767,0.95,0,28.3,0
2025-04,Retail,Busan,Direct,B-Pro,Affinity,9377,0.02736,256,281,0.02902,8,9,46384.56,417461.08,271508.41,145952.67,107617.87,1907106.81,-1868772.0,52182.64,0.0408,17025.23,0.0346,51,4.06,686,7.0,0.9763,0.8776,7,33.5,0
2025-04,Retail,Busan,Direct,B-Pro,VIP,9016,0.02501,225,254,0.02242,5,5,45795.54,228977.69,143247.48,85730.21,125203.07,2594404.46,-2633877.32,45795.54,0.0217,4976.43,0.0262,45,4.53,303,5.4,0.9701,0.9764,17,33.0,4
2025-04,Retail,Busan,Direct,C-Ultra,Mass,8639,0.02353,203,264,0.02434,6,10,71806.99,718069.9,423420.82,294649.09,112869.51,589110.24,-407330.66,119678.32,0.0124,8921.27,0.048,20,4.61,347,6.1,0.9214,0.9064,5,28.6,0
2025-04,Retail,Busan,Direct,C-Ultra,Affinity,8905,0.02633,234,293,0.02902,8,11,67809.1,745900.08,432990.07,312910.0,65565.19,1605102.85,-1357758.04,93237.51,0.019,14137.2,0.0309,49,4.32,443,9.4,0.9118,0.9207,21,35.7,3
2025-04,Retail,Busan,Direct,C-Ultra,VIP,11168,0.03126,349,455,0.02328,10,16,71656.51,1146504.23,732390.01,414114.22,95150.81,996005.19,-677041.78,114650.42,0.0721,82616.34,0.0276,28,4.7,596,6.4,0.9411,0.9134,8,25.0,1
2025-04,Retail,Busan,Direct,D-Home,Mass,11072,0.03134,346,402,0.0195,7,10,57460.63,574606.27,362286.91,212319.36,84851.19,1611333.23,-1483865.07,82086.61,0.063,36215.41,0.0278,27,4.13,699,5.0,0.9327,0.94,16,32.1,1
2025-04,Retail,Busan,Direct,D-Home,Affinity,13449,0.01638,220,293,0.02913,8,13,53351.73,693572.51,422207.03,271365.47,136766.83,2143931.37,-2009332.72,86696.56,0.03,20830.32,0.0276,21,4.32,327,9.0,0.9614,0.9659,25,32.2,3
2025-04,Retail,Busan,Direct,D-Home,VIP,7807,0.01919,149,170,0.02463,4,6,56366.58,338199.46,220333.4,117866.06,95889.57,948885.86,-926909.37,84549.86,0.0506,17126.96,0.0413,42,4.14,762,4.3,0.9669,0.9271,16,28.9,1
2025-04,Retail,Busan,Direct,E-Office,Mass,9704,0.01846,179,202,0.02567,5,8,62273.74,498189.92,325912.71,172277.21,74036.3,1512354.75,-1414113.84,99637.98,0.0203,10097.72,0.0289,36,4.19,689,7.7,0.9999,0.9441,7,40.4,0
2025-04,Retail,Busan,Direct,E-Office,Affinity,9480,0.01253,118,146,0.01592,2,1,62101.29,62101.29,36211.13,25890.15,75147.29,1868886.49,-1918143.62,31050.64,0.0335,2078.74,0.0259,36,3.44,542,6.8,0.9095,0.95,23,31.3,1
2025-04,Retail,Busan,Direct,E-Office,VIP,7738,0.02815,217,247,0.02578,6,8,60703.65,485629.22,298634.37,186994.85,100136.6,101132.7,-14274.46,80938.2,0.0298,14485.76,0.0395,47,4.51,483,6.2,0.9568,0.89,16,24.6,1
2025-04,Retail,Busan,Direct,F-Outdoor,Mass,7379,0.02192,161,208,0.01461,3,4,64715.98,258863.93,167859.05,91004.88,71794.35,1389216.84,-1370006.31,86287.98,0.0195,5035.97,0.0262,47,4.16,581,9.0,0.9192,0.9531,13,21.5,3
2025-04,Retail,Busan,Direct,F-Outdoor,Affinity,11394,0.02807,319,358,0.01602,5,6,63858.72,383152.3,238917.06,144235.24,178086.3,1767674.41,-1801525.47,76630.46,0.0524,20094.78,0.0339,45,4.29,591,7.3,0.9262,0.9041,22,30.6,4
2025-04,Retail,Busan,Direct,F-Outdoor,VIP,8336,0.02279,189,218,0.03522,7,7,63198.61,442390.3,281138.43,161251.88,103199.78,2945917.58,-2887865.48,63198.61,0.0403,17811.58,0.0448,28,4.28,685,4.9,1.0,0.9768,17,24.3,0
2025-04,Retail,Busan,Partner,A-Standard,Mass,6386,0.02992,191,205,0.03019,6,10,28815.02,288150.25,189829.17,98321.07,66725.88,2834837.79,-2803242.59,48025.04,0.0223,6435.07,0.0222,45,4.91,317,3.7,0.9464,0.9123,10,21.6,0
2025-04,Retail,Busan,Partner,A-Standard,Affinity,7838,0.02648,207,254,0.03172,8,10,28824.46,288244.6,192984.95,95259.65,111580.41,1060179.8,-1076500.56,36030.57,0.0028,813.33,0.0384,41,4.57,276,5.7,1.0,0.9131,13,23.2,3
2025-04,Retail,Busan,Partner,A-Standard,VIP,6887,0.02646,182,209,0.01726,3,2,29038.58,58077.16,40100.26,17976.9,98927.85,1751562.1,-1832513.05,19359.05,0.0222,1288.68,0.0263,40,4.15,830,3.4,0.9337,0.8916,15,38.8,4
2025-04,Retail,Busan,Partner,B-Pro,Mass,8501,0.02655,225,258,0.02077,5,5,46358.33,231791.65,157241.61,74550.04,100593.02,2776143.89,-2802186.87,46358.33,0.05,11582.2,0.0471,49,4.26,617,7.0,0.9446,0.983,13,24.9,3
2025-04,Retail,Busan,Partner,B-Pro,Affinity,7117,0.02605,185,236,0.02423,5,7,45597.54,319182.75,197196.18,121986.57,81714.5,616447.98,-576175.91,63836.55,0.0264,8411.88,0.0207,26,3.56,792,7.7,0.9878,0.9009,15,30.5,0
2025-04,Retail,Busan,Partner,B-Pro,VIP,8001,0.0304,243,260,0.03087,8,7,47147.61,330033.29,205294.79,124738.5,94883.11,1131650.84,-1101795.45,41254.16,0.0353,11656.35,0.0203,52,4.55,180,4.4,1.0,0.9302,11,20.9,1
2025-04,Retail,Busan,Partner,C-Ultra,Mass,8644,0.02127,183,219,0.0198,4,4,67831.32,271325.28,167474.2,103851.08,49294.4,132316.67,-77759.99,67831.32,0.0354,9608.07,0.0244,49,4.61,592,3.0,0.9602,0.9149,15,40.9,0
2025-04,Retail,Busan,Partner,C-Ultra,Affinity,6907,0.02759,190,226,0.02539,5,5,72035.17,360175.87,206391.5,153784.38,96360.15,718793.72,-661369.49,72035.17,0.045,16210.74,0.0396,44,3.84,812,8.1,0.9673,0.9579,4,27.9,0
2025-04,Retail,Busan,Partner,C-Ultra,VIP,7544,0.01879,141,160,0.03694,5,4,67720.67,270882.69,155190.48,115692.21,66388.44,150446.76,-101143.0,54176.54,0.0286,7758.73,0.0197,15,4.42,656,5.8,1.0,0.9059,0,15.5,3
2025-04,Retail,Busan,Partner,D-Home,Mass,9526,0.02956,281,319,0.03438,10,16,53322.39,853158.18,524229.81,328928.37,83091.74,1095296.09,-849459.46,85315.82,0.0291,24843.22,0.0491,22,4.27,0,8.0,0.9538,0.8883,18,33.3,4
2025-04,Retail,Busan,Partner,D-Home,Affinity,6343,0.02242,142,152,0.01923,2,3,55284.67,165854.0,110308.22,55545.78,53338.84,1332759.92,-1330552.97,82927.0,0.0608,10082.23,0.0338,47,3.69,328,7.9,0.9498,0.958,13,23.4,0
2025-04,Retail,Busan,Partner,D-Home,VIP,7423,0.02473,183,223,0.03257,7,9,53167.99,478511.91,290682.08,187829.83,72644.69,518644.13,-403458.99,68358.84,0.0412,19700.83,0.0401,34,4.06,543,5.1,0.9658,0.9191,13,15.6,0
2025-04,Retail,Busan,Partner,E-Office,Mass,7921,0.02419,191,239,0.02649,6,10,60735.46,607354.64,363908.54,243446.1,59121.92,1811214.58,-1626890.4,101225.77,0.0192,11666.94,0.0476,40,3.89,767,2.7,0.9862,0.9619,17,43.8,3
2025-04,Retail,Busan,Partner,E-Office,Affinity,7837,0.02864,224,298,0.03632,10,8,57954.58,463636.66,296365.2,167271.45,92762.83,2958858.24,-2884349.62,46363.67,0.0467,21645.43,0.0485,31,4.48,576,7.0,0.9904,0.9089,5,23.9,1
2025-04,Retail,Busan,Partner,E-Office,VIP,7734,0.02107,162,198,0.01947,3,5,57437.06,287185.3,188534.57,98650.73,71797.56,145093.87,-118240.7,95728.43,0.0249,7137.4,0.0293,37,3.8,148,6.9,0.9545,0.9042,0,18.7,0
2025-04,Retail,Busan,Partner,F-Outdoor,Mass,7094,0.02763,195,228,0.02325,5,7,63661.51,445630.6,264514.98,181115.62,49899.61,1087261.53,-956045.52,89126.12,0.0554,24667.25,0.0479,28,3.52,386,8.1,0.9628,0.9546,15,27.3,0
2025-04,Retail,Busan,Partner,F-Outdoor,Affinity,9404,0.02474,232,257,0.02845,7,8,65603.67,524829.39,300787.51,224041.88,88395.52,1014871.7,-879225.34,74975.63,0.0409,21488.39,0.028,54,4.52,488,3.3,0.9567,0.9729,9,38.4,0
2025-04,Retail,Busan,Partner,F-Outdoor,VIP,7708,0.0207,159,181,0.02897,5,6,67238.47,403430.79,253480.69,149950.1,89764.48,2739658.82,-2679473.2,80686.16,0.0032,1296.27,0.0335,54,4.23,673,6.1,0.9548,0.8151,6,13.0,0
2025-04,Retail,Busan,Marketplace,A-Standard,Mass,11387,0.0214,243,277,0.02053,5,8,30983.97,247871.76,160825.02,87046.74,99058.92,2778708.95,-2790721.13,49574.35,0.005,1246.67,0.0271,36,4.72,581,10.2,0.9771,0.8614,11,39.8,0
2025-04,Retail,Busan,Marketplace,A-Standard,Affinity,11395,0.01945,221,279,0.02496,6,9,29669.94,267029.45,180532.96,86496.49,107879.01,931710.83,-953093.35,44504.91,0.0337,9007.13,0.0424,37,4.41,647,3.8,0.9745,0.9232,11,32.5,0
2025-04,Retail,Busan,Marketplace,A-Standard,VIP,11095,0.0316,350,407,0.03219,13,12,30880.22,370562.68,246658.84,123903.84,186109.68,2761762.48,-2823968.32,28504.82,0.027,9992.29,0.0219,54,4.03,697,4.6,0.9827,0.9062,21,18.0,1
2025-04,Retail,Busan,Marketplace,B-Pro,Mass,10138,0.01492,151,166,0.03226,5,3,44333.26,132999.78,83299.43,49700.35,77099.61,1424717.89,-1452117.15,26599.96,0.0256,3410.63,0.0472,41,3.97,305,8.5,1.0,0.9421,12,28.2,0
2025-04,Retail,Busan,Marketplace,B-Pro,Affinity,10927,0.01911,208,229,0.01818,4,4,45575.96,182303.86,117961.5,64342.35,84765.08,1396692.95,-1417115.68,45575.96,0.0461,8401.49,0.0304,34,3.96,399,12.2,0.9812,0.8933,11,34.7,0
2025-04,Retail,Busan,Marketplace,B-Pro,VIP,11411,0.03123,356,397,0.02366,9,12,43185.83,518229.96,343724.76,174505.2,164937.87,2327457.29,-2317889.96,57581.11,0.0343,17781.42,0.0404,47,4.2,640,8.1,0.9818,0.9098,7,28.9,0
2025-04,Retail,Busan,Marketplace,C-Ultra,Mass,12931,0.01801,232,280,0.03518,9,15,70683.98,1060259.69,673594.83,386664.87,130502.55,230294.76,25867.56,117806.63,0.0281,29807.21,0.0284,53,3.97,580,5.1,0.9461,0.8321,15,28.5,0
2025-04,Retail,Busan,Marketplace,C-Ultra,Affinity,11079,0.01784,197,249,0.01922,4,2,70372.99,140745.97,86860.7,53885.27,102084.07,77153.34,-125352.15,35186.49,0.0588,8282.7,0.0143,45,4.3,809,6.6,0.966,0.9233,10,27.8,0
2025-04,Retail,Busan,Marketplace,C-Ultra,VIP,12570,0.023,289,308,0.02547,7,9,68955.32,620597.9,372705.91,247892.0,180011.1,1422250.1,-1354369.2,88656.84,0.0375,23286.82,0.045,33,3.96,738,10.8,0.9467,0.9329,17,13.0,7
2025-04,Retail,Busan,Marketplace,D-Home,Mass,11850,0.02399,284,359,0.02716,9,13,57687.97,749943.57,505672.2,244271.37,71778.63,648904.43,-476411.69,83327.06,0.039,29220.79,0.0487,66,4.59,167,2.8,0.9738,0.8715,13,28.5,0
2025-04,Retail,Busan,Marketplace,D-Home,Affinity,8364,0.01997,167,218,0.02335,5,7,55037.29,385261.05,237807.37,147453.68,93071.22,2399045.07,-2344662.61,77052.21,0.0331,12737.0,0.0422,38,4.2,349,8.0,0.9959,0.9607,20,29.6,1
2025-04,Retail,Busan,Marketplace,D-Home,VIP,8527,0.02638,224,266,0.03576,9,11,56721.26,623933.91,394662.41,229271.49,90385.39,980248.78,-841362.68,69325.99,0.0342,21334.29,0.0347,33,4.48,84,8.0,0.9332,0.9096,16,9.9,1
2025-04,Retail,Busan,Marketplace,E-Office,Mass,10152,0.01774,180,202,0.01634,3,4,61101.87,244407.47,142600.05,101807.42,96174.44,746423.05,-740790.07,81469.16,0.0313,7661.04,0.0327,39,4.0,649,8.8,0.9711,0.9118,19,35.3,2
2025-04,Retail,Busan,Marketplace,E-Office,Affinity,11163,0.02965,331,369,0.02448,9,7,62098.26,434687.85,253769.57,180918.29,102790.64,469157.18,-391029.54,48298.65,0.0346,15058.25,0.0432,41,4.07,945,8.8,0.9532,0.9612,12,40.3,0
2025-04,Retail,Busan,Marketplace,E-Office,VIP,14761,0.02391,352,387,0.0362,14,21,58581.32,1230207.79,767657.49,462550.3,161310.05,2131916.65,-1830676.4,87871.98,0.0411,50573.27,0.0208,44,4.34,374,2.6,1.0,0.9454,23,21.9,0
2025-04,Retail,Busan,Marketplace,F-Outdoor,Mass,12431,0.01986,246,305,0.02968,9,9,63315.57,569840.12,368937.02,200903.1,77138.89,1814048.38,-1690284.17,63315.57,0.0346,19691.01,0.0391,39,4.86,504,7.0,0.908,0.8772,22,34.1,0
2025-04,Retail,Busan,Marketplace,F-Outdoor,Affinity,12080,0.02775,335,440,0.01931,8,9,66234.67,596112.04,351527.96,244584.07,90661.91,1317449.55,-1163527.39,74514.0,0.0223,13288.07,0.0161,30,4.65,602,7.7,0.9045,0.9168,11,15.3,3
2025-04,Retail,Busan,Marketplace,F-Outdoor,VIP,10593,0.01575,166,218,0.02675,5,4,65093.94,260375.77,155384.41,104991.36,67787.26,2302367.5,-2265163.4,52075.15,0.048,12505.44,0.0205,53,3.96,336,9.5,0.9782,0.9755,32,23.1,0
2025-04,Retail,Busan,App,A-Standard,Mass,9880,0.02326,229,300,0.02532,7,10,30969.31,309693.06,208094.37,101598.7,116973.83,2271366.46,-2286741.6,44241.87,0.0483,14972.03,0.0219,30,4.08,678,7.9,0.9686,0.9241,11,36.7,0
2025-04,Retail,Busan,App,A-Standard,Affinity,7933,0.02585,205,238,0.03776,8,9,29641.49,266773.41,188729.58,78043.83,65770.85,2391239.17,-2378966.19,33346.68,0.036,9599.41,0.0311,32,4.42,618,7.6,0.942,0.8581,16,31.4,0
2025-04,Retail,Busan,App,A-Standard,VIP,7673,0.02348,180,196,0.03224,6,8,29413.23,235305.87,156129.57,79176.31,78571.12,1512499.98,-1511894.78,39217.65,0.0476,11200.68,0.0224,45,4.46,765,8.0,0.9452,0.9088,13,32.5,0
2025-04,Retail,Busan,App,B-Pro,Mass,8093,0.03304,267,342,0.02642,9,19,44526.27,845999.18,562364.95,283634.22,127781.72,212870.27,-57017.77,93999.91,0.0199,16874.91,0.0315,44,4.16,316,8.6,0.9543,0.9243,8,14.9,0
2025-04,Retail,Busan,App,B-Pro,Affinity,8687,0.02544,220,257,0.03187,8,14,47071.6,659002.43,410961.83,248040.61,75785.01,2236465.94,-2064210.35,82375.3,0.0413,27217.14,0.0336,44,4.48,659,8.1,1.0,0.9575,9,43.2,3
2025-04,Retail,Busan,App,B-Pro,VIP,8052,0.01963,158,170,0.02837,4,5,46503.79,232518.95,149204.43,83314.51,82001.47,2792692.4,-2791379.36,58129.74,0.0232,5383.32,0.0302,26,4.7,533,7.4,0.9552,0.9167,2,27.1,0
2025-04,Retail,Busan,App,C-Ultra,Mass,10525,0.02176,229,276,0.03367,9,10,70708.96,707089.64,426601.52,280488.12,75856.49,2677351.99,-2472720.37,78565.52,0.0,0.0,0.0299,39,4.63,834,5.2,1.0,0.9441,14,24.3,0
2025-04,Retail,Busan,App,C-Ultra,Affinity,8838,0.03285,290,369,0.02908,10,9,70428.96,633860.61,375111.2,258749.42,79867.58,2137791.06,-1958909.22,63386.06,0.0211,13363.71,0.0404,49,4.7,847,8.3,0.9582,1.0,15,23.5,2
2025-04,Retail,Busan,App,C-Ultra,VIP,8640,0.0189,163,188,0.02003,3,5,72067.47,360337.33,215390.09,144947.24,97561.62,1467785.65,-1420400.03,120112.44,0.0412,14845.56,0.0306,46,4.1,549,6.1,0.9119,0.9802,12,26.1,1
2025-04,Retail,Busan,App,D-Home,Mass,8056,0.01885,151,180,0.03223,5,8,55197.02,441576.18,288456.41,153119.77,90676.4,1638180.05,-1575736.68,88315.24,0.0473,20886.78,0.0467,49,3.49,21,7.8,0.9133,0.9371,7,28.6,0
2025-04,Retail,Busan,App,D-Home,Affinity,9042,0.02756,249,269,0.01094,2,2,57497.56,114995.12,74668.99,40326.12,111601.0,892402.76,-963677.64,57497.56,0.0387,4445.7,0.0456,52,4.51,557,9.0,0.953,1.0,7,35.1,0
2025-04,Retail,Busan,App,D-Home,VIP,8922,0.02666,237,279,0.03085,8,12,53259.12,639109.4,424824.19,214285.21,131651.22,2365791.73,-2283157.74,79888.68,0.0392,25033.8,0.0352,52,4.24,513,5.9,0.9872,0.9371,5,21.3,0
2025-04,Retail,Busan,App,E-Office,Mass,6988,0.02711,189,250,0.02208,5,6,61948.5,371691.0,243803.49,127887.52,73798.05,296280.91,-242191.44,74338.2,0.0482,17915.9,0.0492,45,4.38,513,4.9,0.9012,0.949,19,34.0,0
2025-04,Retail,Busan,App,E-Office,Affinity,7772,0.02708,210,256,0.02346,6,8,61054.94,488439.53,296146.37,192293.16,80411.97,2106047.98,-1994166.79,81406.59,0.0497,24268.19,0.0334,51,4.24,759,7.7,0.9175,0.9304,14,9.6,0
2025-04,Retail,Busan,App,E-Office,VIP,7260,0.02997,217,249,0.02544,6,6,62512.03,375072.17,224804.73,150267.44,108772.43,1657970.65,-1616475.64,62512.03,0.0139,5209.71,0.0393,66,4.08,487,9.4,1.0,0.8942,11,32.6,0
2025-04,Retail,Busan,App,F-Outdoor,Mass,9780,0.03143,307,398,0.0271,10,10,62845.11,628451.06,365217.66,263233.41,111074.44,1099407.42,-947248.45,62845.11,0.0355,22278.95,0.027,41,3.65,280,8.2,0.972,0.958,21,28.4,4
2025-04,Retail,Busan,App,F-Outdoor,Affinity,10742,0.01763,189,208,0.02676,5,3,63287.88,189863.65,111173.49,78690.16,89024.01,1633241.88,-1643575.74,37972.73,0.0248,4699.93,0.03,42,3.63,448,9.6,0.9728,0.9329,14,26.9,0
2025-04,Retail,Busan,App,F-Outdoor,VIP,10779,0.02767,298,344,0.03188,10,15,63674.09,955111.41,577480.04,377631.37,158567.32,2213860.79,-1994796.74,95511.14,0.0278,26558.79,0.0285,34,4.62,392,6.4,0.9541,0.8943,7,32.5,4
2025-04,Online,Seoul,Direct,A-Standard,Mass,12282,0.02977,365,415,0.0288,11,18,29664.98,533969.63,359115.86,174853.77,145203.62,844592.13,-814941.98,48542.69,0.0398,21250.62,0.0556,40,3.8,673,7.5,0.9185,0.927,9,32.6,0
2025-04,Online,Seoul,Direct,A-Standard,Affinity,15790,0.02488,392,422,0.01959,8,11,30409.96,334509.6,233831.66,100677.94,235686.36,114678.36,-249686.78,41813.7,0.0653,21834.8,0.0436,45,4.32,679,2.0,0.924,0.9002,26,38.0,0
2025-04,Online,Seoul,Direct,A-Standard,VIP,12436,0.02677,332,359,0.04268,15,9,30495.73,274461.6,190962.74,83498.86,139496.39,1883829.47,-1939827.0,18297.44,0.0342,9384.85,0.0398,30,3.96,620,4.4,0.9573,0.8852,29,30.4,0
2025-04,Online,Seoul,Direct,B-Pro,Mass,15311,0.03145,481,580,0.03015,17,10,46328.75,463287.51,286309.91,176977.6,183338.21,530421.83,-536782.44,27252.21,0.0267,12355.44,0.0352,52,4.39,576,5.8,0.9719,0.8433,22,39.4,1
2025-04,Online,Seoul,Direct,B-Pro,Affinity,15481,0.01463,226,251,0.0255,6,12,45775.82,549309.87,338980.89,210328.98,152466.78,201543.46,-143681.26,91551.64,0.0249,13675.77,0.0275,27,3.78,720,9.1,0.967,0.9504,10,24.9,0
2025-04,Online,Seoul,Direct,B-Pro,VIP,14991,0.03166,474,583,0.03225,18,37,45914.62,1698840.93,1054341.09,644499.84,140727.94,2417139.49,-1913367.59,94380.05,0.0439,74587.5,0.0107,56,3.92,660,5.4,0.9969,0.9498,13,35.4,1
2025-04,Online,Seoul,Direct,C-Ultra,Mass,13258,0.02358,312,395,0.01417,5,7,69302.38,485116.69,288594.28,196522.41,181776.85,367743.61,-352998.05,97023.34,0.0388,18844.38,0.0405,39,4.63,393,9.8,0.9085,0.922,8,17.5,2
2025-04,Online,Seoul,Direct,C-Ultra,Affinity,12668,0.0202,255,316,0.03702,11,23,69760.29,1604486.66,902522.71,701963.94,123188.81,750759.75,-171984.61,145862.42,0.0661,106081.34,0.0159,38,4.35,643,9.6,0.9481,0.9647,1,40.4,0
2025-04,Online,Seoul,Direct,C-Ultra,VIP,14589,0.01773,258,322,0.03438,11,15,72777.76,1091666.46,616041.52,475624.94,122517.51,1480296.63,-1127189.2,99242.41,0.0261,28470.98,0.0159,37,4.03,464,5.6,0.9348,0.9681,9,29.9,3
2025-04,Online,Seoul,Direct,D-Home,Mass,12256,0.02402,294,338,0.02257,7,10,55608.94,556089.38,340285.51,215803.87,149016.26,631744.26,-564956.65,79441.34,0.0428,23798.89,0.0554,47,4.5,968,8.8,0.9714,0.8968,8,34.4,3
2025-04,Online,Seoul,Direct,D-Home,Affinity,16795,0.02425,407,462,0.02361,10,8,57687.54,461500.32,303073.55,158426.77,204788.82,1894306.43,-1940668.48,46150.03,0.0293,13542.56,0.0178,39,3.78,489,6.6,0.9193,0.9888,1,11.9,0
2025-04,Online,Seoul,Direct,D-Home,VIP,15002,0.02171,325,418,0.03453,14,17,56188.38,955202.49,597699.27,357503.22,140651.03,2617748.71,-2400896.52,68228.75,0.0476,45492.79,0.0486,60,4.32,878,8.9,0.9447,0.9525,14,32.9,0
2025-04,Online,Seoul,Direct,E-Office,Mass,13027,0.02038,265,328,0.01349,4,7,58077.94,406545.58,256830.94,149714.63,116134.19,2078845.25,-2045264.8,101636.39,0.0302,12260.04,0.0546,31,4.71,623,7.2,0.9151,0.9068,5,22.4,4
2025-04,Online,Seoul,Direct,E-Office,Affinity,11678,0.01397,163,190,0.02466,4,4,62536.94,250147.76,155912.41,94235.35,82848.62,1560672.88,-1549286.14,62536.94,0.0407,10182.97,0.0404,26,3.35,986,6.9,1.0,0.9158,1,32.5,0
2025-04,Online,Seoul,Direct,E-Office,VIP,12862,0.02624,337,391,0.03983,15,17,61392.05,1043664.89,673758.36,369906.53,186420.84,2672614.96,-2489129.26,69577.66,0.0385,40186.45,0.0443,42,3.76,823,6.6,0.9727,0.9809,12,39.4,0
2025-04,Online,Seoul,Direct,F-Outdoor,Mass,10399,0.0267,277,302,0.02699,8,8,67706.69,541653.53,316703.57,224949.95,81981.89,2879771.15,-2736803.08,67706.69,0.0257,13904.98,0.0572,58,4.49,1020,6.1,0.9906,0.9742,4,31.3,2
2025-04,Online,Seoul,Direct,F-Outdoor,Affinity,17593,0.01807,317,379,0.01734,6,12,65782.55,789390.61,471733.51,317657.1,175011.13,2184634.97,-2041988.99,131565.1,0.0236,18606.76,0.0277,36,4.63,548,8.0,0.9402,0.9226,13,27.5,0
2025-04,Online,Seoul,Direct,F-Outdoor,VIP,14800,0.03264,483,563,0.01454,8,13,62379.63,810935.14,469264.73,341670.41,205154.29,708979.56,-572463.44,101366.89,0.0191,15488.85,0.0206,27,3.28,755,9.5,0.9952,0.9001,19,26.8,1
2025-04,Online,Seoul,Partner,A-Standard,Mass,12160,0.01877,228,263,0.02425,6,6,29182.84,175097.02,121839.5,53257.52,124662.76,233160.55,-304565.79,29182.84,0.021,3681.37,0.0392,41,4.31,461,6.3,0.9531,0.9573,9,27.9,0
2025-04,Online,Seoul,Partner,A-Standard,Affinity,10479,0.02308,241,273,0.02465,6,12,28716.55,344598.62,231798.71,112799.91,140950.92,2305637.03,-2333788.04,57433.1,0.0529,18234.22,0.0366,43,4.47,611,7.3,0.9523,0.907,18,16.4,0
2025-04,Online,Seoul,Partner,A-Standard,VIP,13789,0.02114,291,339,0.02438,8,11,31077.11,341848.18,234027.95,107820.22,156137.27,251159.15,-299476.2,42731.02,0.0385,13156.6,0.0425,62,4.17,499,4.5,0.9673,0.8782,9,20.9,0
2025-04,Online,Seoul,Partner,B-Pro,Mass,13021,0.02358,307,360,0.02394,8,8,46399.54,371196.29,240321.23,130875.06,139746.45,2982317.68,-2991189.07,46399.54,0.0239,8890.09,0.0304,47,4.76,532,5.8,0.9768,0.9547,8,40.8,0
2025-04,Online,Seoul,Partner,B-Pro,Affinity,10682,0.01824,194,236,0.03592,8,13,43870.58,570317.52,390001.34,180316.18,92242.44,2927720.76,-2839647.02,71289.69,0.0,0.0,0.0186,37,4.09,865,4.6,0.9638,0.9244,25,29.8,4
2025-04,Online,Seoul,Partner,B-Pro,VIP,13798,0.02321,320,415,0.03201,13,26,44741.09,1163268.46,763965.38,399303.08,129636.5,420924.72,-151258.13,89482.19,0.0242,28149.15,0.0295,26,4.45,763,6.4,0.98,0.9078,11,24.9,0
2025-04,Online,Seoul,Partner,C-Ultra,Mass,12272,0.02934,360,414,0.02892,11,14,66637.28,932921.86,578751.11,354170.75,159915.22,2376179.87,-2181924.34,84811.08,0.0244,22777.87,0.05,42,4.16,411,9.7,0.9087,0.9401,10,26.5,0
2025-04,Online,Seoul,Partner,C-Ultra,Affinity,14027,0.01666,233,303,0.03516,10,7,71863.78,503046.48,297881.44,205165.04,67151.34,2648158.7,-2510145.0,50304.65,0.0499,25127.04,0.0412,30,4.06,383,6.2,0.9243,0.9522,10,31.2,0
2025-04,Online,Seoul,Partner,C-Ultra,VIP,13662,0.01676,228,269,0.0335,9,11,69725.19,766977.06,490367.6,276609.47,90694.76,1752520.97,-1566606.26,85219.67,0.0062,4751.03,0.0227,44,4.75,223,6.3,0.9546,0.872,13,17.7,0
2025-04,Online,Seoul,Partner,D-Home,Mass,11400,0.02232,254,326,0.02897,9,11,55288.76,608176.36,388742.11,219434.25,101624.05,799907.71,-682097.5,67575.15,0.038,23080.33,0.0366,48,4.47,822,5.3,0.9775,0.921,0,14.1,0
2025-04,Online,Seoul,Partner,D-Home,Affinity,14646,0.03073,450,565,0.02435,13,17,57702.24,980938.07,603345.94,377592.13,202858.81,453937.65,-279204.33,75456.77,0.0397,38927.61,0.0514,70,4.46,1119,7.9,0.9676,0.9206,12,34.3,4
2025-04,Online,Seoul,Partner,D-Home,VIP,7093,0.01848,131,158,0.03732,5,7,56185.67,393299.71,247495.32,145804.39,59757.62,1705351.71,-1619304.94,78659.94,0.0197,7750.11,0.0256,51,4.3,1301,6.7,0.954,0.9615,14,32.0,0
2025-04,Online,Seoul,Partner,E-Office,Mass,13231,0.02362,312,377,0.01739,6,7,60866.75,426067.28,262107.84,163959.44,163277.82,656287.14,-655605.53,71011.21,0.0259,11047.62,0.055,32,4.3,837,10.8,1.0,0.8875,9,40.3,0
2025-04,Online,Seoul,Partner,E-Office,Affinity,13060,0.0226,295,385,0.02629,10,15,61997.9,929968.45,607166.26,322802.19,182121.59,3076260.64,-2935580.04,92996.85,0.0461,42896.73,0.0375,47,4.73,551,8.6,0.9444,0.8593,4,23.4,1
2025-04,Online,Seoul,Partner,E-Office,VIP,8993,0.0144,129,143,0.01623,2,2,59523.06,119046.11,69888.01,49158.1,55127.02,1083902.9,-1089871.82,59523.06,0.0509,6055.19,0.0233,58,4.03,647,4.6,0.9634,0.9747,29,23.1,4
2025-04,Online,Seoul,Partner,F-Outdoor,Mass,12618,0.0368,464,558,0.02468,13,19,62081.78,1179553.8,735463.13,444090.66,217461.59,2326264.77,-2099635.7,90734.91,0.0371,43732.09,0.0235,37,4.15,919,5.8,0.8915,0.9636,22,24.2,0
2025-04,Online,Seoul,Partner,F-Outdoor,Affinity,12740,0.02153,274,362,0.03631,13,15,65414.71,981220.69,585806.68,395414.01,109611.21,651196.84,-365394.04,75478.51,0.056,54964.44,0.0382,51,3.45,462,9.2,1.0,0.9344,15,25.0,0
2025-04,Online,Seoul,Partner,F-Outdoor,VIP,12034,0.03228,388,411,0.03092,12,20,63734.08,1274681.7,798847.5,475834.19,136758.23,3059061.03,-2719985.06,106223.47,0.0434,55326.08,0.0215,49,4.16,752,8.5,0.9411,0.9419,14,27.9,0
2025-04,Online,Seoul,Marketplace,A-Standard,Mass,15665,0.02147,336,443,0.02457,10,11,29822.87,328051.56,232821.17,95230.39,125308.77,574894.39,-604972.77,32805.16,0.0266,8733.75,0.0281,55,4.73,396,6.9,0.9643,0.9393,15,23.0,1
2025-04,Online,Seoul,Marketplace,A-Standard,Affinity,23133,0.02907,672,721,0.03198,23,32,29740.05,951681.52,643481.1,308200.42,319017.53,1192001.6,-1202818.72,41377.46,0.0647,61557.75,0.0117,50,4.29,219,5.9,0.9511,0.9359,11,39.3,1
2025-04,Online,Seoul,Marketplace,A-Standard,VIP,19827,0.02477,491,592,0.03091,18,30,31263.37,937901.17,650522.49,287378.68,123355.25,911322.32,-747298.89,52105.62,0.0486,45613.76,0.03,44,5.0,71,4.5,0.9398,0.9147,20,22.8,1
2025-04,Online,Seoul,Marketplace,B-Pro,Mass,16811,0.0229,384,408,0.01605,6,10,45529.95,455299.46,289864.26,165435.2,160178.4,1133603.52,-1128346.72,75883.24,0.0285,12989.37,0.0529,20,4.55,464,10.9,0.8919,0.9795,14,44.7,0
2025-04,Online,Seoul,Marketplace,B-Pro,Affinity,18996,0.02131,404,436,0.02512,10,14,45917.8,642849.18,412808.4,230040.78,173510.69,576726.87,-520196.78,64284.92,0.0288,18511.25,0.0409,41,4.07,789,5.7,0.9665,0.8911,7,25.4,0
2025-04,Online,Seoul,Marketplace,B-Pro,VIP,17369,0.02309,401,449,0.03069,13,18,42916.96,772505.27,493463.53,279041.73,113533.79,2932954.77,-2767446.82,59423.48,0.0663,51249.46,0.0307,56,3.55,693,4.7,0.9199,0.8903,24,19.9,0
2025-04,Online,Seoul,Marketplace,C-Ultra,Mass,17799,0.02367,421,494,0.02207,10,16,72217.69,1155483.04,698194.41,457288.63,181613.71,2092719.96,-1817045.04,115548.3,0.0373,43061.0,0.0408,53,4.44,734,5.3,0.9799,0.9179,16,23.7,0
2025-04,Online,Seoul,Marketplace,C-Ultra,Affinity,17534,0.02927,513,680,0.01898,12,7,69645.51,487518.58,286188.67,201329.91,218532.12,1090249.22,-1107451.43,40626.55,0.0644,31384.05,0.0346,23,4.42,422,8.6,0.9541,0.8652,6,35.5,0
2025-04,Online,Seoul,Marketplace,C-Ultra,VIP,14728,0.01966,289,341,0.02586,8,7,66558.94,465912.6,265097.55,200815.05,146439.63,2117172.42,-2062797.0,58239.08,0.046,21451.73,0.0075,47,3.72,433,5.5,0.9825,0.9567,29,19.9,2
2025-04,Online,Seoul,Marketplace,D-Home,Mass,14458,0.03581,517,671,0.03239,21,24,53518.62,1284446.81,843790.68,440656.13,211967.02,2411811.6,-2183122.48,61164.13,0.0394,50623.63,0.0339,41,3.68,799,8.1,1.0,0.8886,6,29.8,0
2025-04,Online,Seoul,Marketplace,D-Home,Affinity,18183,0.02888,525,602,0.0213,12,15,54515.79,817736.85,507841.68,309895.18,255010.48,929139.31,-874254.61,68144.74,0.0553,45198.41,0.0294,34,4.11,1018,9.9,0.9773,0.9442,13,25.8,2
2025-04,Online,Seoul,Marketplace,D-Home,VIP,20328,0.03064,622,774,0.04118,31,28,54554.61,1527529.09,993990.3,533538.78,329733.13,1622490.94,-1418685.29,49275.13,0.0271,41418.28,0.0284,35,4.14,150,5.8,0.9501,0.9261,8,22.1,1
2025-04,Online,Seoul,Marketplace,E-Office,Mass,15425,0.0269,414,498,0.01495,7,9,59453.17,535078.55,328522.04,206556.5,203477.66,1473339.69,-1470260.85,76439.79,0.042,22498.8,0.0381,42,4.43,887,4.9,0.9732,0.886,6,26.3,0
2025-04,Online,Seoul,Marketplace,E-Office,Affinity,18829,0.01586,298,368,0.02683,9,18,60158.29,1082849.3,701528.43,381320.87,171624.84,1520830.8,-1311134.77,120316.59,0.0542,58664.51,0.0489,55,3.38,568,6.3,0.9648,0.924,22,26.9,0
2025-04,Online,Seoul,Marketplace,E-Office,VIP,15013,0.03372,506,634,0.03161,20,13,59300.74,770909.61,463120.51,307789.1,160434.92,1475802.7,-1328448.52,38545.48,0.0489,37681.32,0.0525,37,4.45,614,6.8,0.9729,0.8697,16,30.1,1
2025-04,Online,Seoul,Marketplace,F-Outdoor,Mass,13679,0.02348,321,351,0.02643,9,15,66990.9,1004863.43,604213.98,400649.45,171355.95,1729953.75,-1500660.25,111651.49,0.0626,62863.55,0.0368,50,4.55,618,6.2,0.9601,0.9868,15,32.4,0
2025-04,Online,Seoul,Marketplace,F-Outdoor,Affinity,19476,0.03359,654,820,0.02278,18,29,64506.1,1870676.86,1102469.79,768207.07,213728.26,2858783.67,-2304304.86,103926.49,0.0344,64290.0,0.0489,55,3.84,806,2.2,0.8835,0.9269,12,41.3,0
2025-04,Online,Seoul,Marketplace,F-Outdoor,VIP,16967,0.0253,429,558,0.02564,14,18,62032.64,1116587.52,683969.21,432618.3,146925.04,585482.24,-299788.97,79756.25,0.0204,22744.23,0.0376,31,4.01,579,7.5,0.9053,0.9401,23,26.0,1
2025-04,Online,Seoul,App,A-Standard,Mass,13329,0.02266,302,381,0.03012,11,15,31255.65,468834.79,329464.13,139370.65,134942.78,3050862.38,-3046434.51,42621.34,0.019,8914.69,0.0438,39,4.59,375,7.3,0.9445,0.9046,11,28.6,1
2025-04,Online,Seoul,App,A-Standard,Affinity,18860,0.02668,503,544,0.02491,13,18,29917.62,538517.25,350107.85,188409.39,209988.58,1806608.94,-1828188.13,41424.4,0.01,5411.97,0.0166,53,4.05,297,7.1,0.94,0.9,18,22.2,5
2025-04,Online,Seoul,App,A-Standard,VIP,11539,0.01959,226,287,0.0287,8,8,30994.57,247956.58,172513.92,75442.67,85113.94,980769.77,-990441.04,30994.57,0.0379,9400.86,0.0283,35,5.0,1204,8.7,0.9177,0.952,19,16.9,0
2025-04,Online,Seoul,App,B-Pro,Mass,11815,0.02914,344,416,0.02512,10,13,43629.6,567184.83,384121.44,183063.39,181838.85,555485.99,-554261.45,56718.48,0.0267,15123.11,0.0321,49,3.98,325,10.9,0.9593,0.9672,7,27.1,0
2025-04,Online,Seoul,App,B-Pro,Affinity,10315,0.02986,308,352,0.03628,12,20,43997.06,879941.15,571508.8,308432.35,183419.13,946093.12,-821079.9,73328.43,0.0464,40815.72,0.015,18,4.6,355,6.3,0.961,0.9719,9,22.1,0
2025-04,Online,Seoul,App,B-Pro,VIP,13559,0.01672,226,256,0.02719,6,10,44895.25,448952.47,277300.43,171652.04,112279.85,103799.01,-44426.82,74825.41,0.0396,17761.42,0.031,45,4.21,645,7.2,0.927,0.9226,20,11.4,0
2025-04,Online,Seoul,App,C-Ultra,Mass,11183,0.03007,336,415,0.02686,11,16,70788.58,1132617.2,681414.22,451202.98,160353.54,2554392.74,-2263543.31,102965.2,0.0195,22038.5,0.0249,45,4.39,391,9.5,0.9118,0.9091,22,34.6,4
2025-04,Online,Seoul,App,C-Ultra,Affinity,12938,0.03888,503,549,0.03305,18,21,73201.71,1537235.95,930202.24,607033.71,200917.42,3018315.11,-2612198.82,85402.0,0.0472,72595.68,0.034,17,3.34,456,9.1,0.9404,0.9327,9,33.8,4
2025-04,Online,Seoul,App,C-Ultra,VIP,11941,0.03148,375,409,0.03298,13,19,69240.03,1315560.49,746968.74,568591.75,148868.13,1660486.99,-1240763.37,101196.96,0.0234,30751.39,0.0198,50,4.15,678,10.8,0.92,1.0,15,32.6,6
2025-04,Online,Seoul,App,D-Home,Mass,13172,0.02642,347,401,0.02572,10,19,53972.45,1025476.54,673754.38,351722.15,148881.54,2887441.35,-2684600.74,102547.65,0.0459,47099.23,0.0339,11,3.81,978,3.4,0.9363,0.8933,6,32.4,1
2025-04,Online,Seoul,App,D-Home,Affinity,14414,0.03857,555,612,0.03457,21,21,53273.31,1118739.48,679926.47,438813.01,215535.0,1303001.56,-1079723.55,53273.31,0.0396,44290.56,0.0396,39,4.67,881,4.8,0.9807,0.9817,6,44.9,0
2025-04,Online,Seoul,App,D-Home,VIP,14033,0.02804,393,521,0.03065,15,24,53589.79,1286154.88,801146.04,485008.84,127827.85,2645353.79,-2288172.81,85743.66,0.0484,62294.8,0.0355,43,3.88,1161,8.6,0.9427,0.881,0,35.1,0
2025-04,Online,Seoul,App,E-Office,Mass,12809,0.02426,310,357,0.02164,7,7,61003.62,427025.34,265265.81,161759.53,122322.66,1786466.87,-1747029.99,61003.62,0.0353,15091.9,0.0344,45,4.07,809,9.2,0.9692,0.8925,18,28.7,2
2025-04,Online,Seoul,App,E-Office,Affinity,11903,0.02965,352,386,0.03186,12,20,61247.67,1224953.42,798170.27,426783.15,146588.07,135620.21,144574.86,102079.45,0.0571,69968.49,0.0346,44,3.81,925,4.2,0.9277,0.8817,18,36.2,0
2025-04,Online,Seoul,App,E-Office,VIP,13939,0.01944,270,333,0.01465,4,4,59123.57,236494.27,142830.93,93663.34,74630.44,676593.2,-657560.29,59123.57,0.0344,8129.21,0.027,52,4.8,599,8.9,0.9411,0.8616,13,24.9,0
2025-04,Online,Seoul,App,F-Outdoor,Mass,11215,0.03944,442,507,0.0177,8,11,66369.51,730064.63,468140.75,261923.88,113082.21,2742431.4,-2593589.73,91258.08,0.0255,18586.56,0.0384,57,4.98,206,4.4,0.9012,0.8972,5,37.3,1
2025-04,Online,Seoul,App,F-Outdoor,Affinity,14139,0.02766,391,487,0.03358,16,19,66894.42,1270994.01,736813.85,534180.16,109866.88,196308.63,228004.66,79437.13,0.0269,34169.78,0.0483,34,4.06,658,6.6,0.9678,0.981,11,35.5,0
2025-04,Online,Seoul,App,F-Outdoor,VIP,14189,0.02578,365,485,0.03438,16,16,65427.16,1046834.59,631176.1,415658.49,175537.34,2617500.16,-2377379.01,65427.16,0.0214,22443.41,0.0222,69,4.67,353,6.6,0.9955,0.9448,4,32.3,1
2025-04,Online,Busan,Direct,A-Standard,Mass,10690,0.01956,209,244,0.02174,5,5,28506.19,142530.96,93193.9,49337.06,85803.73,859689.17,-896155.84,28506.19,0.0411,5863.1,0.0345,45,4.49,76,10.3,0.9343,0.9421,18,21.1,0
2025-04,Online,Busan,Direct,A-Standard,Affinity,7949,0.03021,240,258,0.02571,6,10,29521.43,295214.3,195909.58,99304.71,103648.06,2246510.08,-2250853.42,49202.38,0.0551,16267.66,0.035,37,4.28,343,5.5,0.9462,0.955,19,31.1,0
2025-04,Online,Busan,Direct,A-Standard,VIP,11120,0.03629,403,436,0.03221,14,19,30381.84,577255.0,398274.46,178980.54,171092.94,3017180.05,-3009292.45,41232.5,0.0459,26495.66,0.0415,55,4.51,802,4.6,0.9796,0.9301,10,13.0,1
2025-04,Online,Busan,Direct,B-Pro,Mass,9317,0.02498,232,251,0.0231,5,4,46682.04,186728.17,118399.59,68328.59,92658.5,1098407.21,-1122737.13,37345.63,0.0689,12874.82,0.0458,32,4.41,343,12.4,0.9888,1.0,13,34.6,1
2025-04,Online,Busan,Direct,B-Pro,Affinity,10042,0.02183,219,245,0.0303,7,5,44728.91,223644.55,145795.07,77849.48,127999.1,1004796.76,-1054946.37,31949.22,0.0396,8852.18,0.028,41,3.77,736,9.6,0.9332,0.9653,15,16.3,0
2025-04,Online,Busan,Direct,B-Pro,VIP,13576,0.03549,481,518,0.03333,17,19,46928.41,891639.72,568075.35,323564.38,240452.65,1017230.44,-934118.7,52449.4,0.0146,13016.33,0.035,45,4.27,538,6.0,0.9431,0.9769,0,23.5,0
2025-04,Online,Busan,Direct,C-Ultra,Mass,9326,0.02555,238,273,0.03086,8,16,72044.7,1152715.21,656648.42,496066.79,118519.08,2631348.5,-2253800.79,144089.4,0.0504,58145.44,0.0394,35,4.19,509,4.8,0.9746,0.9453,21,17.7,2
2025-04,Online,Busan,Direct,C-Ultra,Affinity,9325,0.02206,205,222,0.0186,4,4,73418.05,293672.2,181267.43,112404.77,92700.21,2616631.07,-2596926.51,73418.05,0.0334,9803.58,0.0226,54,3.96,1020,7.5,0.9007,0.9826,0,18.5,0
2025-04,Online,Busan,Direct,C-Ultra,VIP,8586,0.01546,132,142,0.02534,3,6,73449.87,440699.2,248335.93,192363.27,54508.01,286787.5,-148932.23,146899.73,0.0364,16042.88,0.0105,37,4.15,1023,9.6,0.9996,0.9997,14,28.1,0
2025-04,Online,Busan,Direct,D-Home,Mass,9588,0.02537,243,306,0.01696,5,8,55846.65,446773.2,292534.39,154238.82,135104.22,1578881.2,-1559746.6,89354.64,0.0059,2636.96,0.0327,37,4.11,736,5.5,0.936,0.959,11,33.5,1
2025-04,Online,Busan,Direct,D-Home,Affinity,9113,0.01647,150,181,0.0327,5,5,56142.19,280710.95,188091.74,92619.22,119695.95,1613305.64,-1640382.37,56142.19,0.0504,14145.43,0.0254,47,4.31,1006,4.8,0.9816,0.9341,4,32.5,0
2025-04,Online,Busan,Direct,D-Home,VIP,10631,0.02201,233,265,0.0238,6,7,57032.95,399230.68,266941.92,132288.75,81938.48,1424746.34,-1374396.07,66538.45,0.0301,12028.51,0.0135,37,4.51,474,3.9,0.9763,0.9275,14,33.6,3
2025-04,Online,Busan,Direct,E-Office,Mass,11108,0.0346,384,413,0.03029,12,18,59964.49,1079360.83,657345.92,422014.91,173901.95,319613.9,-71500.94,89946.74,0.0408,44068.93,0.0161,81,4.08,761,10.2,0.9674,0.9053,24,49.7,2
2025-04,Online,Busan,Direct,E-Office,Affinity,10912,0.02051,223,262,0.0216,5,7,62160.12,435120.83,279734.28,155386.55,83309.41,2580598.51,-2508521.37,87024.17,0.0356,15492.98,0.0198,23,4.66,803,7.2,0.9638,0.9525,21,27.9,1
2025-04,Online,Busan,Direct,E-Office,VIP,11852,0.02388,282,306,0.03648,11,14,58863.2,824084.81,521714.4,302370.41,181595.42,438074.29,-317299.3,74916.8,0.0633,52160.19,0.0177,44,3.86,677,9.6,0.9944,0.9843,4,26.3,0
2025-04,Online,Busan,Direct,F-Outdoor,Mass,7507,0.02521,189,237,0.0151,3,2,63804.59,127609.18,80980.04,46629.15,76097.92,2684955.01,-2714423.78,42536.39,0.0141,1794.46,0.045,47,3.97,529,6.4,0.9746,0.9229,3,22.3,0
2025-04,Online,Busan,Direct,F-Outdoor,Affinity,11220,0.02523,283,302,0.03614,10,14,65651.56,919121.79,534930.07,384191.73,134924.59,2618273.28,-2369006.14,91912.18,0.0397,36444.74,0.0358,62,3.96,849,8.0,0.9389,0.9861,16,25.3,0
2025-04,Online,Busan,Direct,F-Outdoor,VIP,12316,0.01822,224,261,0.03492,9,10,63695.92,636959.2,412874.16,224085.04,95735.44,1154097.01,-1025747.42,70773.24,0.0,0.0,0.0225,24,4.19,525,4.5,0.9651,0.9222,14,30.5,0
2025-04,Online,Busan,Partner,A-Standard,Mass,6383,0.02385,152,175,0.02155,3,4,30913.45,123653.79,87785.51,35868.28,90237.82,936526.08,-990895.63,41217.93,0.0058,717.56,0.05,40,4.46,413,6.9,0.9736,0.9124,15,37.9,2
2025-04,Online,Busan,Partner,A-Standard,Affinity,8918,0.0228,203,215,0.0294,6,9,29297.92,263681.26,183594.68,80086.58,73116.05,2588289.43,-2581318.9,43946.88,0.0447,11794.45,0.0358,50,4.61,903,11.6,0.9588,0.8786,9,38.0,0
2025-04,Online,Busan,Partner,A-Standard,VIP,13463,0.03234,435,552,0.02507,13,14,30416.26,425827.69,287445.72,138381.97,201565.85,840534.89,-903718.78,32755.98,0.0481,20474.51,0.0348,35,4.34,571,9.7,0.9983,0.9044,21,23.6,0
2025-04,Online,Busan,Partner,B-Pro,Mass,9070,0.02113,191,214,0.01649,3,3,45557.05,136671.14,91043.02,45628.12,99916.98,586263.08,-640551.94,45557.05,0.078,10662.18,0.0496,10,4.39,424,8.5,0.9478,0.9957,11,23.6,2
2025-04,Online,Busan,Partner,B-Pro,Affinity,9480,0.02797,265,328,0.03293,10,18,46337.15,834068.76,538627.24,295441.52,106250.64,2125767.3,-1936576.42,83406.88,0.0328,27353.11,0.0257,28,4.74,668,6.9,0.9399,0.9084,13,50.5,0
2025-04,Online,Busan,Partner,B-Pro,VIP,7026,0.02459,172,220,0.03591,7,8,46078.21,368625.67,241503.09,127122.58,102715.11,2735163.8,-2710756.33,52660.81,0.0445,16412.9,0.0216,53,3.93,975,8.1,0.9694,0.9779,9,22.7,2
2025-04,Online,Busan,Partner,C-Ultra,Mass,9924,0.02378,236,255,0.01482,3,4,66589.52,266358.06,152813.09,113544.97,72175.96,2738813.39,-2697444.38,88786.02,0.0362,9652.4,0.0305,10,4.78,532,10.1,0.9393,0.9112,19,34.1,0
2025-04,Online,Busan,Partner,C-Ultra,Affinity,9002,0.02465,221,282,0.02457,6,6,69716.0,418296.03,266014.6,152281.43,130129.95,2961943.35,-2939791.87,69716.0,0.0443,18510.99,0.0182,44,4.09,810,8.2,0.9456,0.9321,10,29.7,2
2025-04,Online,Busan,Partner,C-Ultra,VIP,9999,0.02986,298,325,0.02184,7,7,66603.83,466226.81,283809.14,182417.67,147500.23,1965476.63,-1930559.19,66603.83,0.0433,20172.65,0.0368,56,4.22,725,2.9,0.9623,0.9431,16,26.4,0
2025-04,Online,Busan,Partner,D-Home,Mass,8100,0.01332,107,112,0.01458,1,1,54840.98,54840.98,34063.61,20777.37,62605.93,974692.96,-1016521.52,54840.98,0.0282,1547.5,0.0539,24,3.9,784,6.9,0.9593,0.9267,0,29.8,0
2025-04,Online,Busan,Partner,D-Home,Affinity,7476,0.02258,168,199,0.03124,6,11,55970.31,615673.4,400666.37,215007.02,58527.41,2072505.8,-1916026.18,102612.23,0.0413,25400.76,0.0176,61,4.22,382,10.0,0.9422,0.8509,9,13.8,4
2025-04,Online,Busan,Partner,D-Home,VIP,8444,0.0196,165,186,0.01693,3,1,57196.18,57196.18,36796.42,20399.75,99282.53,83606.95,-162489.72,19065.39,0.0354,2026.52,0.04,47,3.88,712,9.3,0.9279,0.9638,1,22.1,0
2025-04,Online,Busan,Partner,E-Office,Mass,8332,0.01898,158,188,0.01714,3,4,62706.1,250824.42,154542.62,96281.8,57850.93,672042.39,-633611.52,83608.14,0.0389,9753.5,0.0289,26,3.87,366,7.7,0.926,1.0,21,29.1,1
2025-04,Online,Busan,Partner,E-Office,Affinity,9990,0.02727,272,318,0.03722,11,18,62211.65,1119809.65,695704.48,424105.18,94271.82,225934.88,103898.48,101800.88,0.018,20195.37,0.0223,39,3.54,613,7.6,0.9392,0.93,7,33.7,0
2025-04,Online,Busan,Partner,E-Office,VIP,7746,0.02714,210,269,0.02256,6,9,60225.13,542026.16,341778.35,200247.81,114392.47,2600594.55,-2514739.21,90337.69,0.0408,22103.31,0.0363,20,4.06,418,2.8,0.9552,0.9856,15,31.7,0
2025-04,Online,Busan,Partner,F-Outdoor,Mass,8049,0.02708,217,239,0.03559,8,5,65584.98,327924.92,204469.97,123454.96,135873.87,175113.23,-187532.14,40990.62,0.0356,11670.5,0.0346,41,4.16,724,7.6,0.9317,0.8892,15,18.1,0
2025-04,Online,Busan,Partner,F-Outdoor,Affinity,9194,0.0099,91,110,0.02973,3,3,66559.76,199679.27,121089.8,78589.47,52186.46,767857.98,-741454.97,66559.76,0.028,5582.59,0.0379,51,3.82,176,6.4,0.9438,1.0,0,24.8,0
2025-04,Online,Busan,Partner,F-Outdoor,VIP,7420,0.01538,114,128,0.03144,4,7,66863.83,468046.82,277686.86,190359.96,30089.13,147574.7,12696.13,117011.7,0.0369,17294.24,0.0249,53,4.32,863,2.6,0.9915,0.8488,0,24.4,0
2025-04,Online,Busan,Marketplace,A-Standard,Mass,10911,0.02304,251,315,0.01953,6,7,30851.55,215960.85,146521.46,69439.39,91746.22,2681734.63,-2704041.47,35993.48,0.0298,6430.17,0.0447,68,5.0,556,9.5,0.9494,0.8666,6,38.7,2
2025-04,Online,Busan,Marketplace,A-Standard,Affinity,16149,0.03305,533,626,0.02969,18,32,31264.4,1000460.86,662334.07,338126.79,154919.46,1732640.03,-1549432.69,55581.16,0.048,48030.77,0.0183,25,3.93,497,6.4,0.9551,0.9628,12,30.9,2
2025-04,Online,Busan,Marketplace,A-Standard,VIP,14563,0.01515,220,237,0.02467,5,6,28641.67,171850.0,112574.39,59275.6,112163.68,2123934.56,-2176822.64,34370.0,0.0548,9416.32,0.0286,41,4.59,195,4.3,0.9567,0.942,13,26.1,0
2025-04,Online,Busan,Marketplace,B-Pro,Mass,10816,0.02933,317,334,0.02361,7,10,44504.23,445042.33,275908.11,169134.22,151604.64,2210848.35,-2193318.77,63577.48,0.0418,18609.19,0.0331,49,4.23,635,4.3,0.975,0.9236,5,24.3,0
2025-04,Online,Busan,Marketplace,B-Pro,Affinity,13759,0.03214,442,553,0.03193,17,17,42870.95,728806.1,492941.49,235864.61,202652.12,169168.77,-135956.28,42870.95,0.032,23348.86,0.0209,36,4.43,649,7.5,0.9221,0.8784,16,19.9,0
2025-04,Online,Busan,Marketplace,B-Pro,VIP,11045,0.0261,288,324,0.02783,9,10,45253.2,452532.01,281632.69,170899.32,81048.0,1680566.25,-1590714.93,50281.33,0.0242,10968.01,0.0283,43,4.11,653,4.5,0.902,0.9068,7,25.7,1
2025-04,Online,Busan,Marketplace,C-Ultra,Mass,14249,0.03001,427,482,0.02981,14,18,68871.26,1239682.67,782638.69,457043.98,147470.87,2486352.2,-2176779.08,88548.76,0.025,31035.18,0.047,45,4.84,855,5.1,0.9674,0.9492,9,34.5,0
2025-04,Online,Busan,Marketplace,C-Ultra,Affinity,15126,0.01885,285,349,0.03136,10,12,71477.9,857734.75,548432.78,309301.97,88772.06,147775.59,72754.32,85773.48,0.0031,2657.81,0.0287,33,4.61,707,11.7,0.9796,0.898,10,34.9,1
2025-04,Online,Busan,Marketplace,C-Ultra,VIP,16320,0.01687,275,319,0.02178,6,8,70375.84,563006.73,347349.96,215656.77,106951.01,2172842.5,-2064136.74,93834.45,0.0408,22945.34,0.0371,42,3.8,812,9.5,0.9117,0.9604,12,22.8,0
2025-04,Online,Busan,Marketplace,D-Home,Mass,10499,0.02614,274,360,0.02715,9,11,53023.57,583259.29,393976.23,189283.06,143601.42,407208.04,-361526.41,64806.59,0.0224,13081.75,0.0156,37,4.17,371,7.7,0.9238,0.8773,17,37.9,5
2025-04,Online,Busan,Marketplace,D-Home,Affinity,11769,0.02442,287,309,0.03191,9,14,53308.5,746318.96,478853.51,267465.45,163701.96,446031.75,-342268.26,82924.33,0.037,27650.7,0.0386,49,4.11,654,9.5,0.99,0.9287,18,17.5,0
2025-04,Online,Busan,Marketplace,D-Home,VIP,10361,0.01278,132,139,0.02459,3,4,56048.85,224195.42,151472.07,72723.35,62397.05,1770975.02,-1760648.72,74731.81,0.0349,7818.13,0.019,84,4.13,483,5.8,0.9266,0.9256,10,26.4,0
2025-04,Online,Busan,Marketplace,E-Office,Mass,10703,0.02102,225,241,0.01797,4,5,61122.84,305614.22,182942.07,122672.15,104538.45,1531089.17,-1512955.47,76403.55,0.0287,8766.66,0.0367,46,3.84,680,7.1,0.9872,0.9252,24,35.0,2
2025-04,Online,Busan,Marketplace,E-Office,Affinity,9983,0.02096,209,248,0.01852,4,7,61476.88,430338.14,276295.88,154042.26,115504.84,953850.13,-915312.71,107584.54,0.036,15510.7,0.0356,51,4.91,770,5.7,0.9736,0.9064,10,45.2,0
2025-04,Online,Busan,Marketplace,E-Office,VIP,13255,0.024,318,416,0.04056,16,11,57682.85,634511.33,370334.06,264177.27,130879.56,2607751.3,-2474453.59,39656.96,0.0298,18908.36,0.0144,31,4.36,920,8.2,0.9602,0.8704,6,34.8,0
2025-04,Online,Busan,Marketplace,F-Outdoor,Mass,11266,0.02334,262,343,0.01258,4,5,64217.18,321085.88,198037.66,123048.23,146765.68,2491820.89,-2515538.34,80271.47,0.0057,1837.58,0.0195,31,4.39,878,6.8,0.9558,0.9558,10,35.9,0
2025-04,Online,Busan,Marketplace,F-Outdoor,Affinity,14280,0.02205,314,376,0.0215,8,8,66926.3,535410.38,327663.66,207746.72,191772.21,1897869.04,-1881894.53,66926.3,0.0251,13426.9,0.0262,43,4.59,488,5.0,0.9716,0.9524,13,21.6,0
2025-04,Online,Busan,Marketplace,F-Outdoor,VIP,11944,0.02711,323,372,0.02122,7,12,65910.07,790920.84,455840.74,335080.1,148824.12,461529.13,-275273.15,112988.69,0.0258,20415.74,0.0325,46,4.04,672,7.4,0.9144,0.9352,3,22.4,1
2025-04,Online,Busan,App,A-Standard,Mass,7933,0.02901,230,259,0.02649,6,7,31337.79,219364.55,150305.43,69059.12,100088.07,225178.68,-256207.63,36560.76,0.0325,7133.45,0.0354,45,4.52,573,4.3,1.0,0.9774,13,9.5,0
2025-04,Online,Busan,App,A-Standard,Affinity,9293,0.02985,277,346,0.02979,10,13,28668.86,372695.23,241566.3,131128.93,95860.84,2907645.35,-2872377.26,37269.52,0.0324,12082.37,0.005,40,4.14,411,8.1,0.9929,0.8881,2,19.7,0
2025-04,Online,Busan,App,A-Standard,VIP,12348,0.02817,347,391,0.01989,7,12,28960.96,347531.56,225758.61,121772.95,110492.54,2077733.64,-2066453.22,49647.37,0.0289,10037.56,0.0206,54,4.35,553,9.6,0.9211,0.964,15,41.9,0
2025-04,Online,Busan,App,B-Pro,Mass,12725,0.02758,350,418,0.02095,8,14,42907.44,600704.14,376269.78,224434.35,89229.14,3055268.88,-2920063.67,75088.02,0.0325,19544.58,0.0569,38,4.06,597,8.6,0.9012,0.9563,10,19.7,0
2025-04,Online,Busan,App,B-Pro,Affinity,7567,0.04048,306,398,0.03235,12,12,43433.7,521204.35,341824.86,179379.49,105248.3,3079127.7,-3004996.52,43433.7,0.0125,6499.35,0.0168,39,4.37,607,8.7,0.9594,0.8623,15,19.8,0
2025-04,Online,Busan,App,B-Pro,VIP,11391,0.02263,257,340,0.02004,6,4,42931.89,171727.55,113551.74,58175.81,132467.82,83590.55,-157882.56,28621.26,0.027,4636.04,0.0166,44,4.56,503,6.1,0.9539,0.9221,12,25.3,0
2025-04,Online,Busan,App,C-Ultra,Mass,7678,0.02446,187,209,0.02662,5,7,67381.25,471668.78,285594.72,186074.06,90010.51,1190307.71,-1094244.16,94333.76,0.0239,11269.04,0.0295,39,4.36,473,4.1,0.9893,1.0,15,26.0,0
2025-04,Online,Busan,App,C-Ultra,Affinity,7580,0.01834,139,178,0.02948,5,8,72008.65,576069.17,354780.12,221289.05,74630.6,1644019.8,-1497361.36,115213.83,0.0505,29114.16,0.0486,29,4.72,607,5.4,0.9294,0.912,16,40.3,0
2025-04,Online,Busan,App,C-Ultra,VIP,10927,0.03393,370,438,0.02353,10,9,72213.92,649925.29,377331.91,272593.38,170765.47,2791363.58,-2689535.67,64992.53,0.0379,24605.44,0.0218,50,3.92,808,9.8,0.9352,0.9184,7,31.1,0
2025-04,Online,Busan,App,D-Home,Mass,9346,0.03587,335,369,0.02633,9,12,54125.69,649508.22,425708.01,223800.21,82112.97,2327140.33,-2185453.09,72167.58,0.0462,30007.38,0.0222,38,4.83,766,4.6,0.9947,0.8732,16,20.2,0
2025-04,Online,Busan,App,D-Home,Affinity,10741,0.01772,190,232,0.02617,6,11,56510.51,621615.56,395142.28,226473.28,125442.82,2597850.18,-2496819.73,103602.59,0.0311,19353.77,0.024,45,3.58,461,4.7,0.984,0.9593,22,29.5,0
2025-04,Online,Busan,App,D-Home,VIP,9034,0.02655,239,258,0.0334,8,8,57661.96,461295.72,303566.25,157729.46,83489.03,380505.7,-306265.27,57661.96,0.0477,21985.37,0.0452,45,4.05,802,5.3,0.9807,0.9678,1,28.1,1
2025-04,Online,Busan,App,E-Office,Mass,11703,0.02917,341,392,0.01453,5,6,62620.05,375720.32,235317.72,140402.6,146261.85,2629983.46,-2635842.71,75144.06,0.0502,18864.91,0.034,49,4.55,637,5.7,0.9955,0.9057,7,22.4,0
2025-04,Online,Busan,App,E-Office,Affinity,8266,0.02664,220,243,0.02529,6,5,57410.96,287054.82,177114.12,109940.71,85245.03,2495635.52,-2470939.84,47842.47,0.0187,5374.22,0.0511,35,3.87,414,5.4,0.9762,0.9689,3,30.1,3
2025-04,Online,Busan,App,E-Office,VIP,12132,0.02817,341,399,0.02255,8,9,62231.32,560081.85,355509.6,204572.24,125808.01,448854.23,-370089.99,70010.23,0.0436,24421.51,0.0187,48,4.07,849,3.3,0.9706,0.9136,2,29.6,1
2025-04,Online,Busan,App,F-Outdoor,Mass,11013,0.02798,308,342,0.01498,5,5,61911.08,309555.42,178662.78,130892.64,158844.26,2966814.85,-2994766.47,61911.08,0.0242,7506.49,0.0303,55,4.49,1152,4.7,0.9771,0.9156,4,15.7,0
2025-04,Online,Busan,App,F-Outdoor,Affinity,10155,0.03486,354,377,0.0206,7,12,62260.2,747122.4,442812.21,304310.19,125176.54,771417.24,-592283.58,106731.77,0.056,41817.38,0.0486,29,4.42,1107,4.8,0.9536,0.9355,0,32.3,0
2025-04,Online,Busan,App,F-Outdoor,VIP,11959,0.01914,228,241,0.02853,6,5,62723.16,313615.79,197611.71,116004.09,121572.34,2052050.7,-2057618.96,52269.3,0.0,0.0,0.0258,59,4.82,764,4.3,0.9325,0.919,10,19.2,0
2025-05,Retail,Seoul,Direct,A-Standard,Mass,11924,0.02809,334,372,0.02205,8,9,30497.36,274476.24,187256.67,87219.57,162570.86,1792311.32,-1867662.61,34309.53,0.0295,8098.85,0.0431,52,4.03,706,4.1,0.9677,0.958,11,23.0,1
2025-05,Retail,Seoul,Direct,A-Standard,Affinity,11766,0.03548,417,530,0.01804,9,6,29136.83,174820.96,122560.64,52260.32,204394.98,753583.59,-905718.24,19424.55,0.0369,6448.04,0.0335,43,4.55,885,8.9,1.0,0.9541,12,31.1,4
2025-05,Retail,Seoul,Direct,A-Standard,VIP,12263,0.02339,286,306,0.03312,10,13,30004.42,390057.48,266087.23,123970.25,119445.6,2729886.73,-2725362.08,39005.75,0.0351,13708.52,0.018,31,4.23,0,6.0,0.9297,0.8988,6,34.5,0
2025-05,Retail,Seoul,Direct,B-Pro,Mass,11164,0.02313,258,307,0.01933,5,9,44809.8,403288.24,248722.32,154565.92,74960.69,2469207.7,-2389602.47,80657.65,0.0426,17181.96,0.0356,53,3.52,841,9.0,0.9751,0.925,0,14.9,0
2025-05,Retail,Seoul,Direct,B-Pro,Affinity,13227,0.02275,300,371,0.02931,10,15,44046.46,660696.85,421791.61,238905.23,123844.83,2850354.09,-2735293.69,66069.68,0.0351,23202.18,0.0513,34,4.06,723,5.1,0.9453,0.9478,11,24.2,0
2025-05,Retail,Seoul,Direct,B-Pro,VIP,12290,0.02605,320,341,0.02265,7,8,45388.25,363106.02,245377.89,117728.13,139955.24,2269567.93,-2291795.03,51872.29,0.0476,17280.5,0.0334,49,5.0,455,9.2,0.9723,0.9541,13,23.7,0
2025-05,Retail,Seoul,Direct,C-Ultra,Mass,14714,0.02354,346,379,0.02351,8,16,68943.49,1103095.76,652786.48,450309.28,90911.61,144062.66,215335.01,137886.97,0.0278,30689.32,0.0253,43,4.5,714,5.6,0.936,0.962,24,36.5,3
2025-05,Retail,Seoul,Direct,C-Ultra,Affinity,9066,0.02796,253,336,0.02647,8,10,67188.35,671883.48,414369.58,257513.9,127217.35,541605.12,-411308.57,83985.44,0.0362,24340.74,0.0306,44,4.51,646,11.7,1.0,0.906,10,38.6,2
2025-05,Retail,Seoul,Direct,C-Ultra,VIP,14155,0.02182,308,398,0.02586,10,16,71705.61,1147289.71,674114.56,473175.15,87731.88,2676196.18,-2290752.91,114728.97,0.0126,14438.73,0.0379,53,3.56,495,3.2,0.9995,0.9185,11,28.4,0
2025-05,Retail,Seoul,Direct,D-Home,Mass,13254,0.03493,462,517,0.02496,12,17,57144.56,971457.56,607211.06,364246.51,232346.05,2923612.88,-2791712.43,80954.8,0.0303,29483.35,0.0313,41,3.52,697,8.2,0.9595,0.9855,7,21.8,3
2025-05,Retail,Seoul,Direct,D-Home,Affinity,14581,0.03524,513,603,0.02228,13,16,56446.07,903137.16,593311.36,309825.8,147160.9,822759.83,-660094.92,69472.09,0.0433,39126.72,0.0407,32,3.96,649,6.3,0.9131,0.9561,6,35.3,0
2025-05,Retail,Seoul,Direct,D-Home,VIP,11030,0.0224,247,314,0.02978,9,8,53102.93,424823.41,282975.29,141848.13,103639.44,755927.59,-717718.9,47202.6,0.0137,5807.03,0.0346,41,3.81,422,4.3,0.9948,0.8974,12,32.7,4
2025-05,Retail,Seoul,Direct,E-Office,Mass,11498,0.02656,305,402,0.03281,13,20,61920.49,1238409.77,748433.65,489976.12,109496.13,281048.58,99431.41,95262.29,0.0218,26999.76,0.0347,31,4.27,840,4.3,0.9334,1.0,7,22.4,0
2025-05,Retail,Seoul,Direct,E-Office,Affinity,10927,0.03389,370,396,0.02418,9,7,59992.1,419944.73,271677.72,148267.01,177980.83,1399792.68,-1429506.5,46660.53,0.0464,19504.54,0.0415,46,4.33,612,6.0,0.9527,0.8926,8,32.5,0
2025-05,Retail,Seoul,Direct,E-Office,VIP,11274,0.03547,399,489,0.0336,16,18,61770.99,1111877.8,664837.64,447040.16,176976.01,1789431.3,-1519367.16,69492.36,0.0219,24335.93,0.0495,47,4.56,651,8.8,0.8994,0.9507,12,42.9,0
2025-05,Retail,Seoul,Direct,F-Outdoor,Mass,10863,0.03211,348,426,0.01867,7,8,65002.0,520016.0,312661.4,207354.6,138900.94,1332185.84,-1263732.17,74288.0,0.0329,17083.54,0.0253,48,4.45,291,3.1,0.9141,0.9196,17,35.9,0
2025-05,Retail,Seoul,Direct,F-Outdoor,Affinity,12320,0.02992,368,406,0.03459,14,22,61906.96,1361953.12,833750.22,528202.9,119075.58,1924574.86,-1515447.54,97282.37,0.013,17758.11,0.033,46,3.92,240,7.9,0.9558,0.9437,9,24.4,0
2025-05,Retail,Seoul,Direct,F-Outdoor,VIP,10853,0.03078,334,378,0.0286,10,12,68144.65,817735.83,505472.16,312263.67,180870.53,533616.52,-402223.38,81773.58,0.0512,41843.63,0.0168,54,4.69,666,9.1,0.9526,0.8969,10,39.7,0
2025-05,Retail,Seoul,Partner,A-Standard,Mass,8265,0.01777,146,178,0.02784,4,4,28917.22,115668.9,77069.4,38599.5,88763.61,2756330.34,-2806494.45,28917.22,0.0,0.0,0.0329,37,4.22,610,7.2,0.9284,0.832,15,32.8,0
2025-05,Retail,Seoul,Partner,A-Standard,Affinity,9877,0.02267,223,268,0.02521,6,9,28878.35,259905.14,169005.87,90899.27,70579.3,1172619.03,-1152299.07,43317.52,0.0342,8886.5,0.0385,46,4.49,520,6.8,0.9519,0.9336,4,22.3,0
2025-05,Retail,Seoul,Partner,A-Standard,VIP,9224,0.01953,180,224,0.0268,6,9,28664.15,257977.35,181226.33,76751.02,88211.23,2595846.19,-2607306.4,42996.23,0.0449,11589.42,0.0346,43,4.55,560,3.5,1.0,0.854,9,28.1,0
2025-05,Retail,Seoul,Partner,B-Pro,Mass,11666,0.03042,354,460,0.02511,11,14,46625.98,652763.68,414788.85,237974.83,145780.61,2863599.79,-2771405.57,59342.15,0.0468,30579.28,0.044,48,3.8,551,8.7,0.9691,0.9478,20,28.6,1
2025-05,Retail,Seoul,Partner,B-Pro,Affinity,10156,0.01874,190,202,0.01078,2,2,46790.9,93581.8,60702.26,32879.54,117852.56,379719.03,-464692.05,46790.9,0.0304,2842.83,0.0315,57,4.39,430,6.4,0.9602,0.934,13,35.9,3
2025-05,Retail,Seoul,Partner,B-Pro,VIP,7519,0.03063,230,245,0.01847,4,4,42765.75,171062.99,107983.06,63079.93,122862.67,852154.5,-911937.23,42765.75,0.0515,8811.57,0.0452,46,3.92,486,9.6,0.9892,0.9839,18,34.5,0
2025-05,Retail,Seoul,Partner,C-Ultra,Mass,12196,0.02225,271,300,0.02565,7,7,68326.33,478284.29,270197.5,208086.79,104570.89,1830321.08,-1726805.17,68326.33,0.0269,12864.59,0.0464,62,4.07,387,5.8,1.0,0.9555,11,22.8,3
2025-05,Retail,Seoul,Partner,C-Ultra,Affinity,9024,0.02886,260,316,0.01718,5,7,73143.69,512005.8,312000.82,200004.98,145056.96,395960.06,-341012.03,102401.16,0.0481,24618.06,0.046,51,4.32,838,6.3,0.9171,0.9213,1,8.7,0
2025-05,Retail,Seoul,Partner,C-Ultra,VIP,8468,0.04101,347,379,0.03682,13,16,72810.87,1164973.9,702461.9,462512.0,75309.94,988632.28,-601430.22,89613.38,0.0288,33493.14,0.0313,49,4.28,615,7.4,0.9727,0.9134,9,24.4,1
2025-05,Retail,Seoul,Partner,D-Home,Mass,12302,0.02064,253,296,0.01783,5,4,53549.46,214197.85,134708.84,79489.01,133573.15,1087286.31,-1141370.45,42839.57,0.0107,2284.54,0.0356,30,4.39,551,7.7,0.9609,0.873,4,27.5,0
2025-05,Retail,Seoul,Partner,D-Home,Affinity,8462,0.02303,194,208,0.0233,4,7,54406.11,380842.78,244001.74,136841.03,59226.7,993300.84,-915686.5,95210.69,0.0411,15638.94,0.0108,42,4.11,903,8.5,0.9395,0.9297,12,35.3,0
2025-05,Retail,Seoul,Partner,D-Home,VIP,9371,0.01779,166,200,0.03138,6,7,53373.29,373613.05,225692.46,147920.59,89984.26,1241521.64,-1183585.31,62268.84,0.0,0.0,0.0252,58,4.24,418,3.7,0.9549,0.9386,8,27.6,1
2025-05,Retail,Seoul,Partner,E-Office,Mass,13736,0.02353,323,407,0.02343,9,12,61105.33,733263.91,480917.75,252346.16,188515.92,932291.05,-868460.81,81473.77,0.0425,31152.01,0.0395,50,4.23,450,5.4,0.9656,0.9116,6,40.0,0
2025-05,Retail,Seoul,Partner,E-Office,Affinity,9295,0.0242,224,235,0.03081,7,6,58512.28,351073.7,210571.43,140502.27,146468.63,2430445.91,-2436412.28,50153.39,0.0492,17285.92,0.0351,44,4.43,414,8.5,0.9543,0.9411,13,31.3,0
2025-05,Retail,Seoul,Partner,E-Office,VIP,11100,0.02133,236,275,0.02031,5,6,61017.54,366105.27,229507.79,136597.48,110134.68,1728605.52,-1702142.72,73221.05,0.0155,5658.3,0.0303,49,4.4,393,2.3,0.9354,0.9097,7,28.7,1
2025-05,Retail,Seoul,Partner,F-Outdoor,Mass,9656,0.02755,265,346,0.01341,4,6,63146.59,378879.55,243454.17,135425.38,109108.32,2223943.3,-2197626.23,94719.89,0.0084,3167.1,0.0417,34,4.7,850,4.9,0.9826,0.9843,4,27.1,0
2025-05,Retail,Seoul,Partner,F-Outdoor,Affinity,10180,0.02636,268,339,0.01863,6,5,66546.46,332732.31,194819.76,137912.55,134121.4,215312.45,-211521.31,55455.38,0.0418,13895.98,0.0413,34,4.2,710,5.0,0.9325,0.9372,13,29.6,2
2025-05,Retail,Seoul,Partner,F-Outdoor,VIP,7187,0.02794,200,234,0.02873,6,9,64213.5,577921.47,358113.62,219807.86,119420.84,3076720.91,-2976333.89,96320.25,0.0346,20007.17,0.0292,51,3.97,373,10.4,0.93,0.9057,0,34.9,0
2025-05,Retail,Seoul,Marketplace,A-Standard,Mass,10502,0.01605,168,178,0.02096,3,3,29685.64,89056.91,59730.1,29326.82,81265.5,418764.0,-470702.68,29685.64,0.0241,2141.96,0.0466,20,3.91,650,8.4,0.9832,0.9662,6,28.2,0
2025-05,Retail,Seoul,Marketplace,A-Standard,Affinity,20405,0.03069,626,722,0.02356,17,27,28702.64,774971.17,528501.96,246469.21,304257.56,2710291.46,-2768079.81,45586.54,0.0418,32359.93,0.0459,28,4.2,373,6.3,0.9609,0.9075,12,20.1,1
2025-05,Retail,Seoul,Marketplace,A-Standard,VIP,15899,0.03415,542,601,0.03108,18,27,30854.45,833070.26,592053.65,241016.62,160494.67,1680202.79,-1599680.85,46281.68,0.0232,19342.13,0.0414,56,4.54,600,8.6,0.9539,0.9451,6,41.2,0
2025-05,Retail,Seoul,Marketplace,B-Pro,Mass,16737,0.01958,327,346,0.01736,6,9,42917.7,386259.31,262935.24,123324.07,163548.66,2433509.2,-2473733.79,64376.55,0.03,11574.41,0.0279,44,4.12,319,6.3,0.9227,0.9321,5,24.9,0
2025-05,Retail,Seoul,Marketplace,B-Pro,Affinity,18046,0.01336,241,280,0.03182,8,11,45031.12,495342.3,327542.26,167800.04,105703.46,1684185.67,-1622089.09,61917.79,0.029,14388.8,0.0264,34,3.98,410,7.3,0.9449,0.9496,22,32.4,0
2025-05,Retail,Seoul,Marketplace,B-Pro,VIP,14288,0.02202,314,363,0.03078,11,13,45399.19,590189.49,370459.33,219730.16,98437.84,2639168.05,-2517875.73,53653.59,0.0567,33448.16,0.0449,37,3.91,408,7.6,0.9088,0.9272,5,40.4,0
2025-05,Retail,Seoul,Marketplace,C-Ultra,Mass,18302,0.02867,524,595,0.01739,10,12,71165.39,853984.66,503632.86,350351.81,126327.67,2876088.96,-2652064.83,85398.47,0.0053,4516.5,0.0362,48,4.44,155,7.3,0.9883,0.9301,3,26.8,0
2025-05,Retail,Seoul,Marketplace,C-Ultra,Affinity,16556,0.01989,329,362,0.02823,10,13,67251.16,874265.06,515383.95,358881.12,138997.81,935766.72,-715883.41,87426.51,0.0462,40388.42,0.0379,26,4.33,720,5.2,0.9585,0.8952,0,37.9,2
2025-05,Retail,Seoul,Marketplace,C-Ultra,VIP,12653,0.01725,218,253,0.03109,7,4,72546.99,290187.97,179560.72,110627.25,69397.65,2101190.42,-2059960.81,41455.42,0.0248,7202.47,0.0316,53,4.27,612,6.7,0.9642,0.9354,8,30.6,1
2025-05,Retail,Seoul,Marketplace,D-Home,Mass,17965,0.02121,381,450,0.0275,12,19,53676.21,1019848.03,662722.61,357125.43,222077.3,933667.24,-798619.12,84987.34,0.0425,43353.22,0.054,39,4.13,752,10.0,0.9427,1.0,19,20.3,3
2025-05,Retail,Seoul,Marketplace,D-Home,Affinity,17493,0.02263,395,508,0.02892,14,26,57661.13,1499189.5,937776.64,561412.86,135929.35,2192234.62,-1766751.1,107084.96,0.0499,74747.46,0.0309,41,4.08,367,10.4,0.9861,0.9402,14,22.9,1
2025-05,Retail,Seoul,Marketplace,D-Home,VIP,13701,0.02426,332,420,0.03184,13,18,57488.22,1034787.95,667677.62,367110.33,137024.32,305338.78,-75252.77,79599.07,0.0252,26065.65,0.0331,43,4.59,594,5.3,0.953,0.921,11,27.7,0
2025-05,Retail,Seoul,Marketplace,E-Office,Mass,12214,0.01771,216,249,0.01592,3,4,59989.25,239956.99,142271.8,97685.2,86072.23,186914.41,-175301.45,79985.66,0.0314,7543.76,0.0355,58,4.28,363,6.8,0.943,0.9167,0,19.5,0
2025-05,Retail,Seoul,Marketplace,E-Office,Affinity,14846,0.02057,305,332,0.03373,11,19,57060.73,1084153.92,699605.56,384548.36,130504.16,2445304.03,-2191259.82,98559.45,0.0193,20952.32,0.0325,48,3.91,327,4.3,1.0,0.9202,10,22.6,0
2025-05,Retail,Seoul,Marketplace,E-Office,VIP,16449,0.02258,371,459,0.0351,16,17,58801.0,999616.98,624727.92,374889.07,230667.17,791073.05,-646851.15,62476.06,0.0194,19376.99,0.0261,74,4.83,728,8.3,0.9666,0.8958,19,21.0,2
2025-05,Retail,Seoul,Marketplace,F-Outdoor,Mass,18867,0.03435,648,705,0.02021,14,18,66089.36,1189608.48,757223.33,432385.15,214597.18,3081666.38,-2863878.41,84972.03,0.0369,43865.92,0.0412,49,4.4,767,5.4,0.9362,0.8871,0,43.4,0
2025-05,Retail,Seoul,Marketplace,F-Outdoor,Affinity,13547,0.02742,371,457,0.03249,14,18,64035.68,1152642.22,663024.52,489617.7,185931.0,1832744.94,-1529058.24,82331.59,0.0303,34891.58,0.0238,37,4.24,632,4.8,0.9763,0.9089,3,29.8,1
2025-05,Retail,Seoul,Marketplace,F-Outdoor,VIP,12667,0.02599,329,402,0.01314,5,5,65155.62,325778.12,192762.91,133015.21,73577.43,371827.29,-312389.52,65155.62,0.0388,12639.34,0.021,39,4.18,745,6.0,0.9803,0.8906,6,25.9,2
2025-05,Retail,Seoul,App,A-Standard,Mass,12298,0.03299,405,430,0.0314,13,20,30421.8,608435.95,398255.74,210180.21,173079.71,2369778.35,-2332677.86,46802.77,0.0626,38061.03,0.0456,47,4.55,672,8.6,0.9519,0.9,0,27.0,0
2025-05,Retail,Seoul,App,A-Standard,Affinity,11546,0.02411,278,344,0.02648,9,8,29217.9,233743.17,154402.37,79340.8,131369.76,308298.93,-360327.89,25971.46,0.0368,8598.21,0.0524,50,3.99,401,9.0,0.9547,0.961,17,35.7,0
2025-05,Retail,Seoul,App,A-Standard,VIP,12841,0.0292,374,448,0.03321,14,19,28789.29,546996.54,377579.68,169416.87,135357.83,2226120.22,-2192061.18,39071.18,0.0422,23094.8,0.0289,17,4.1,693,5.1,0.908,0.9221,3,24.3,0
2025-05,Retail,Seoul,App,B-Pro,Mass,11793,0.01576,185,194,0.01581,3,4,46869.29,187477.15,115799.22,71677.93,93301.82,1535604.48,-1557228.38,62492.38,0.0274,5146.22,0.0336,66,4.17,535,6.9,1.0,0.8854,13,28.9,0
2025-05,Retail,Seoul,App,B-Pro,Affinity,15116,0.03086,466,564,0.02573,14,8,45091.12,360728.99,231307.32,129421.67,234804.16,1443118.71,-1548501.2,25766.36,0.0329,11875.65,0.0255,52,4.93,638,5.4,0.9446,1.0,20,24.4,0
2025-05,Retail,Seoul,App,B-Pro,VIP,14572,0.02711,395,468,0.03535,16,15,45443.54,681653.11,429118.78,252534.33,128691.4,275550.39,-151707.46,42603.32,0.0375,25563.4,0.0438,43,4.07,321,6.4,0.9444,0.8697,20,29.7,1
2025-05,Retail,Seoul,App,C-Ultra,Mass,8789,0.02273,199,224,0.01591,3,4,71383.71,285534.84,176145.59,109389.25,116332.61,1418069.65,-1425013.02,95178.28,0.0463,13226.59,0.0371,44,4.38,618,7.7,0.9946,0.9727,9,18.8,1
2025-05,Retail,Seoul,App,C-Ultra,Affinity,10327,0.02638,272,337,0.02847,9,12,68416.12,820993.48,518452.63,302540.86,153834.91,1162730.45,-1014024.51,91221.5,0.0492,40405.62,0.0338,50,3.93,555,10.4,0.9556,0.9713,25,23.5,0
2025-05,Retail,Seoul,App,C-Ultra,VIP,12248,0.02627,321,342,0.03026,10,13,67755.34,880819.47,498742.43,382077.04,112112.08,2404804.35,-2134839.39,88081.95,0.0246,21691.42,0.0283,25,3.68,166,7.4,0.9372,0.9429,2,23.6,1
2025-05,Retail,Seoul,App,D-Home,Mass,13581,0.02073,281,322,0.02464,7,10,55049.3,550492.96,363932.74,186560.23,91265.27,2834226.84,-2738931.88,78641.85,0.0703,38685.39,0.0388,36,3.96,588,7.1,0.8941,0.9347,15,29.2,4
2025-05,Retail,Seoul,App,D-Home,Affinity,12177,0.02463,299,339,0.0178,6,8,54454.7,435637.58,282077.88,153559.71,89750.26,2311495.76,-2247686.31,72606.26,0.0611,26623.93,0.0352,48,4.29,519,9.9,0.924,0.9777,16,30.8,0
2025-05,Retail,Seoul,App,D-Home,VIP,12437,0.02251,279,306,0.03313,10,13,55545.52,722091.74,474986.67,247105.07,104570.05,1570988.49,-1428453.47,72209.17,0.0276,19905.96,0.0482,28,4.85,870,8.1,0.9972,0.8988,25,32.8,1
2025-05,Retail,Seoul,App,E-Office,Mass,12158,0.02264,275,301,0.01765,5,7,61326.44,429285.05,265124.3,164160.75,159698.11,1284293.0,-1279830.36,85857.01,0.0347,14883.35,0.0424,56,4.23,554,7.4,0.9465,0.9859,18,25.6,1
2025-05,Retail,Seoul,App,E-Office,Affinity,13865,0.02215,307,326,0.03263,10,11,58763.07,646393.77,400910.91,245482.86,188644.14,2369501.66,-2312662.95,64639.38,0.0249,16114.75,0.0531,68,3.7,608,4.7,0.9701,0.9954,7,19.2,0
2025-05,Retail,Seoul,App,E-Office,VIP,9960,0.03208,319,419,0.02816,11,13,62872.74,817345.56,492918.28,324427.28,78135.43,2278653.91,-2032362.06,74304.14,0.0318,25955.84,0.0284,12,4.27,226,9.3,0.9564,0.9592,14,33.0,0
2025-05,Retail,Seoul,App,F-Outdoor,Mass,12637,0.02814,355,417,0.02372,9,16,65258.32,1044133.19,650963.0,393170.18,201679.69,351967.73,-160477.23,116014.8,0.0267,27900.44,0.0491,24,4.6,767,5.6,0.9267,0.8731,15,21.3,0
2025-05,Retail,Seoul,App,F-Outdoor,Affinity,11113,0.0217,241,263,0.02305,6,12,65377.11,784525.28,505724.07,278801.21,105315.89,2788942.99,-2615457.68,130754.21,0.0583,45742.6,0.0399,36,3.99,144,9.6,0.9913,0.944,15,37.1,3
2025-05,Retail,Seoul,App,F-Outdoor,VIP,11723,0.02632,308,392,0.02808,11,18,62331.27,1121962.87,667187.6,454775.27,121933.91,2882552.95,-2549711.59,101996.62,0.0503,56427.58,0.0389,14,4.76,580,10.7,0.9592,0.9879,6,27.9,0
2025-05,Retail,Busan,Direct,A-Standard,Mass,9082,0.03062,278,345,0.02509,8,8,30062.54,240500.29,159583.76,80916.53,116102.99,51566.51,-86752.97,30062.54,0.0332,7995.76,0.0328,42,4.18,876,5.4,0.9651,0.917,9,22.9,0
2025-05,Retail,Busan,Direct,A-Standard,Affinity,11928,0.02978,355,439,0.03656,16,23,29460.15,677583.52,473445.56,204137.96,105558.65,2974730.53,-2876151.22,42348.97,0.0203,13773.39,0.0494,48,3.47,338,7.6,1.0,0.9007,12,36.1,0
2025-05,Retail,Busan,Direct,A-Standard,VIP,8138,0.02528,205,237,0.0204,4,5,31381.46,156907.32,104905.3,52002.02,55738.25,2057625.33,-2061361.56,39226.83,0.0095,1484.5,0.0055,51,4.45,636,5.7,0.943,0.9319,9,27.4,1
2025-05,Retail,Busan,Direct,B-Pro,Mass,11044,0.01924,212,239,0.00881,2,2,45397.05,90794.11,59915.39,30878.72,69428.05,1071786.24,-1110335.57,45397.05,0.0246,2231.55,0.0315,54,4.51,720,8.4,0.9481,0.8606,14,27.8,0
2025-05,Retail,Busan,Direct,B-Pro,Affinity,7640,0.02114,161,179,0.02668,4,3,46462.71,139388.13,93303.09,46085.05,67135.98,2248719.05,-2269769.98,34847.03,0.0545,7602.8,0.0507,22,4.14,896,8.5,0.9914,0.8954,14,42.3,1
2025-05,Retail,Busan,Direct,B-Pro,VIP,8518,0.02296,195,231,0.02977,6,10,46395.02,463950.23,307252.3,156697.92,79681.65,1514317.87,-1437301.6,77325.04,0.0354,16401.84,0.0264,34,3.77,174,7.6,0.952,0.8526,5,39.1,0
2025-05,Retail,Busan,Direct,C-Ultra,Mass,8422,0.0385,324,384,0.02098,8,12,72166.28,865995.38,500661.1,365334.28,112275.22,508465.9,-255406.84,108249.42,0.0199,17192.86,0.0311,50,3.42,567,7.6,0.9637,0.9096,14,35.0,0
2025-05,Retail,Busan,Direct,C-Ultra,Affinity,11162,0.02401,268,348,0.03877,13,12,70361.97,844343.66,500750.88,343592.78,111735.18,2935069.67,-2703212.07,64949.51,0.0534,45055.91,0.0318,44,3.93,155,7.8,0.978,0.9469,1,36.0,0
2025-05,Retail,Busan,Direct,C-Ultra,VIP,8410,0.03569,300,393,0.01026,4,4,70555.81,282223.24,168483.6,113739.64,116011.9,910679.12,-912951.38,70555.81,0.0268,7563.08,0.0223,53,4.52,540,7.8,0.9639,0.9336,14,35.9,3
2025-05,Retail,Busan,Direct,D-Home,Mass,9779,0.01883,184,213,0.01859,3,4,55620.02,222480.08,148710.02,73770.06,75137.54,2282951.51,-2284318.99,74160.03,0.0485,10785.07,0.0361,74,4.43,343,6.5,0.9905,0.9647,15,25.5,1
2025-05,Retail,Busan,Direct,D-Home,Affinity,10704,0.02284,244,292,0.0262,7,8,53299.69,426397.56,281392.53,145005.03,66440.38,1860766.75,-1782202.09,60913.94,0.0356,15179.49,0.0333,48,3.93,208,7.3,0.971,0.942,12,26.3,1
2025-05,Retail,Busan,Direct,D-Home,VIP,8574,0.03371,289,312,0.0169,5,4,52444.09,209776.35,136090.11,73686.24,84318.79,250016.59,-260649.13,41955.27,0.0266,5584.33,0.0414,60,4.59,587,8.0,0.9832,0.8623,14,16.1,3
2025-05,Retail,Busan,Direct,E-Office,Mass,10379,0.03485,361,408,0.02653,10,11,57086.03,627946.38,396368.84,231577.54,130757.07,1670114.47,-1569294.0,62794.64,0.0459,28829.93,0.0256,28,3.92,295,7.0,0.9632,0.8938,14,15.1,5
2025-05,Retail,Busan,Direct,E-Office,Affinity,8449,0.02553,215,241,0.02059,4,7,58323.01,408261.07,242758.25,165502.81,122177.92,387173.2,-343848.31,102065.27,0.0563,22972.39,0.0518,37,4.04,184,5.7,0.9862,0.918,16,29.1,2
2025-05,Retail,Busan,Direct,E-Office,VIP,10324,0.02353,242,281,0.03688,10,13,61911.63,804851.22,519132.61,285718.6,122521.92,2381587.29,-2218390.6,80485.12,0.0373,30026.94,0.0253,40,4.07,186,4.6,0.9696,0.861,27,15.9,1
2025-05,Retail,Busan,Direct,F-Outdoor,Mass,8176,0.03257,266,300,0.01921,5,6,66711.98,400271.88,252312.91,147958.97,82072.39,1506529.17,-1440642.59,80054.38,0.0339,13570.49,0.04,28,4.97,1014,7.6,0.9472,0.9725,19,34.8,0
2025-05,Retail,Busan,Direct,F-Outdoor,Affinity,10224,0.02179,222,290,0.01908,5,7,65350.08,457450.53,268935.98,188514.55,67680.11,2625484.95,-2504650.51,91490.11,0.0206,9430.34,0.0241,45,4.9,694,7.7,0.8978,0.9098,3,17.7,0
2025-05,Retail,Busan,Direct,F-Outdoor,VIP,9587,0.03402,326,345,0.03346,11,14,62834.82,879687.43,544522.67,335164.76,100868.41,573990.75,-339694.41,79971.58,0.008,7016.16,0.0295,41,4.17,446,4.9,0.9685,0.9471,10,35.1,0
2025-05,Retail,Busan,Partner,A-Standard,Mass,7487,0.03054,228,249,0.02057,5,8,29379.75,235038.02,162969.56,72068.46,122208.8,987808.55,-1037948.89,47007.6,0.0335,7881.76,0.057,41,4.01,679,3.2,0.9778,0.8793,14,31.9,1
2025-05,Retail,Busan,Partner,A-Standard,Affinity,8799,0.03668,322,409,0.02063,8,10,29433.26,294332.6,207501.05,86831.55,133583.02,1468832.53,-1515584.01,36791.57,0.0618,18179.99,0.0327,33,4.67,488,9.4,0.95,0.9449,10,15.5,1
2025-05,Retail,Busan,Partner,A-Standard,VIP,7817,0.038,297,381,0.01753,6,9,29294.07,263646.66,179021.26,84625.4,95928.89,2549545.68,-2560849.17,43941.11,0.0309,8141.06,0.0277,50,4.19,434,8.5,0.9377,0.9198,12,22.8,0
2025-05,Retail,Busan,Partner,B-Pro,Mass,8297,0.02616,217,230,0.02314,5,3,43919.17,131757.52,81097.63,50659.89,114891.28,1862670.87,-1926902.26,26351.5,0.0264,3480.94,0.0356,56,3.74,790,7.8,0.9789,0.9383,8,26.2,0
2025-05,Retail,Busan,Partner,B-Pro,Affinity,8659,0.01811,156,176,0.03295,5,3,44932.95,134798.84,89066.76,45732.09,58176.62,556395.05,-568839.58,26959.77,0.0512,6902.1,0.0316,47,4.25,502,7.3,0.9195,0.9032,2,31.4,1
2025-05,Retail,Busan,Partner,B-Pro,VIP,9396,0.0233,218,259,0.0314,8,13,46200.07,600600.85,378128.84,222472.01,140139.43,1254482.25,-1172149.67,75075.11,0.0446,26769.61,0.0359,42,4.55,337,7.6,0.9173,0.9727,15,32.7,0
2025-05,Retail,Busan,Partner,C-Ultra,Mass,8177,0.02907,237,261,0.03089,8,12,67133.93,805607.13,489378.91,316228.22,129213.69,1737652.07,-1550637.54,100700.89,0.0386,31116.03,0.0369,45,4.97,648,8.6,0.9855,0.8852,6,19.3,0
2025-05,Retail,Busan,Partner,C-Ultra,Affinity,6852,0.0177,121,141,0.03382,4,5,72783.59,363917.97,204927.15,158990.82,53137.18,1817814.04,-1711960.4,90979.49,0.0206,7496.98,0.0332,50,4.26,117,11.0,0.9818,0.9332,5,33.7,0
2025-05,Retail,Busan,Partner,C-Ultra,VIP,8215,0.01734,142,162,0.02015,3,3,69866.18,209598.53,124738.66,84859.87,62891.91,702503.79,-680535.83,69866.18,0.0418,8755.19,0.012,44,4.22,657,3.6,0.9455,0.8497,4,21.6,0
2025-05,Retail,Busan,Partner,D-Home,Mass,7158,0.0217,155,167,0.01714,2,1,57470.67,57470.67,37577.06,19893.6,56363.88,2945256.82,-2981727.1,28735.33,0.0465,2670.34,0.0336,62,4.32,377,7.9,0.9459,0.9765,4,9.2,2
2025-05,Retail,Busan,Partner,D-Home,Affinity,6538,0.02752,179,226,0.01353,3,3,54584.39,163753.17,107395.82,56357.35,63129.93,2102558.98,-2109331.56,54584.39,0.0499,8165.94,0.0163,35,4.94,503,8.2,0.9712,0.8932,1,31.1,3
2025-05,Retail,Busan,Partner,D-Home,VIP,9847,0.01244,122,140,0.03183,4,4,53274.24,213096.97,132700.14,80396.84,84775.93,856654.18,-861033.27,53274.24,0.0278,5916.64,0.0365,41,4.85,733,9.4,0.9494,0.9082,6,36.5,2
2025-05,Retail,Busan,Partner,E-Office,Mass,7659,0.02345,179,223,0.02011,4,6,60670.91,364025.48,216184.36,147841.12,62205.38,1077183.9,-991548.16,91006.37,0.0254,9246.46,0.0352,24,4.16,487,8.3,0.9488,0.8536,13,24.4,0
2025-05,Retail,Busan,Partner,E-Office,Affinity,5353,0.02198,117,127,0.03424,4,4,62150.81,248603.25,157928.8,90674.45,41617.03,101264.06,-52206.64,62150.81,0.0131,3266.87,0.0211,28,4.24,808,7.5,0.9433,0.9562,1,23.8,1
2025-05,Retail,Busan,Partner,E-Office,VIP,8576,0.02266,194,242,0.03422,8,14,61686.35,863608.93,525406.99,338201.94,134487.46,538271.37,-334556.89,107951.12,0.0461,39844.69,0.0254,42,4.4,544,7.2,0.9862,0.9253,21,29.5,0
2025-05,Retail,Busan,Partner,F-Outdoor,Mass,6638,0.03484,231,281,0.02547,7,7,63208.39,442458.7,279184.61,163274.09,88360.37,220889.3,-145975.58,63208.39,0.0418,18494.93,0.0368,30,4.7,508,7.3,0.9464,0.9522,16,33.3,0
2025-05,Retail,Busan,Partner,F-Outdoor,Affinity,7370,0.02962,218,251,0.02791,7,9,67236.25,605126.26,354736.98,250389.28,83024.27,866550.42,-699185.42,86446.61,0.0156,9444.5,0.034,40,4.67,398,5.7,0.9161,0.9558,16,15.3,3
2025-05,Retail,Busan,Partner,F-Outdoor,VIP,8020,0.02379,190,251,0.02932,7,6,62874.61,377247.68,224287.97,152959.7,100174.96,1527642.78,-1474858.04,53892.53,0.0334,12610.92,0.0378,49,4.02,863,10.0,0.9179,0.945,12,12.8,2
2025-05,Retail,Busan,Marketplace,A-Standard,Mass,13002,0.01841,239,273,0.03233,8,10,29813.03,298130.32,210000.57,88129.75,119982.19,2201258.77,-2233111.21,37266.29,0.0297,8857.95,0.0312,40,4.02,702,4.7,0.9909,0.9486,12,30.0,1
2025-05,Retail,Busan,Marketplace,A-Standard,Affinity,14645,0.01147,168,177,0.02461,4,6,30144.14,180864.84,128055.04,52809.8,105089.66,157023.19,-209303.06,45216.21,0.0362,6543.11,0.0321,43,4.65,392,6.2,0.9387,0.9702,3,32.0,0
2025-05,Retail,Busan,Marketplace,A-Standard,VIP,13123,0.01696,222,248,0.03219,7,7,30218.4,211528.82,144309.0,67219.82,110340.86,1765807.23,-1808928.26,30218.4,0.0447,9464.5,0.0368,55,4.03,350,8.7,0.9835,0.954,10,28.5,3
2025-05,Retail,Busan,Marketplace,B-Pro,Mass,10805,0.01883,203,231,0.02331,5,6,44833.46,269000.78,168284.9,100715.88,83296.27,1757751.28,-1740331.66,53800.16,0.0094,2532.27,0.0154,35,5.0,909,8.4,0.977,0.9587,20,12.8,0
2025-05,Retail,Busan,Marketplace,B-Pro,Affinity,11310,0.02695,304,366,0.02019,7,9,45746.96,411722.6,270229.63,141492.96,152826.52,951237.13,-962570.7,58817.51,0.0215,8866.56,0.0328,67,4.14,284,5.8,0.9976,0.9626,4,37.6,0
2025-05,Retail,Busan,Marketplace,B-Pro,VIP,12573,0.01981,249,288,0.03961,11,16,46535.75,744572.0,501192.96,243379.04,99855.84,370281.39,-226758.2,67688.36,0.0624,46456.4,0.035,37,4.31,917,8.6,0.9149,0.9545,7,24.4,0
2025-05,Retail,Busan,Marketplace,C-Ultra,Mass,11574,0.02807,324,392,0.02406,9,9,68089.02,612801.18,368379.84,244421.34,96694.65,1934969.18,-1787242.5,68089.02,0.027,16547.43,0.0417,46,4.82,758,5.8,0.9539,0.9137,21,34.2,3
2025-05,Retail,Busan,Marketplace,C-Ultra,Affinity,12033,0.03763,452,477,0.03427,16,26,70730.8,1839000.73,1103718.0,735282.72,227340.16,2245841.22,-1737898.65,114937.55,0.0209,38414.22,0.0229,48,4.06,274,9.5,0.9673,0.8444,10,26.7,0
2025-05,Retail,Busan,Marketplace,C-Ultra,VIP,11037,0.02368,261,312,0.02573,8,16,68914.53,1102632.53,704790.44,397842.09,104725.85,1861324.03,-1568207.78,137829.07,0.0179,19736.48,0.0256,20,3.91,498,10.4,0.9673,0.9347,11,29.2,1
2025-05,Retail,Busan,Marketplace,D-Home,Mass,15078,0.02232,336,367,0.03122,11,20,52424.74,1048494.85,647860.58,400634.27,157342.91,965032.74,-721741.38,95317.71,0.0388,40688.32,0.0384,47,3.93,629,3.1,0.9278,0.9653,11,35.6,0
2025-05,Retail,Busan,Marketplace,D-Home,Affinity,13899,0.03061,425,455,0.02963,13,12,53524.76,642297.09,408239.63,234057.46,130504.07,422870.45,-319317.06,49407.47,0.0129,8265.35,0.022,47,3.94,248,6.1,0.9768,0.9015,4,27.7,0
2025-05,Retail,Busan,Marketplace,D-Home,VIP,10507,0.02285,240,254,0.0333,8,10,53512.89,535128.89,333975.23,201153.67,79804.1,878686.11,-757336.54,66891.11,0.0462,24747.22,0.0317,19,4.07,691,8.9,0.9873,0.9097,4,29.7,1
2025-05,Retail,Busan,Marketplace,E-Office,Mass,10338,0.02558,264,285,0.02385,6,10,57430.81,574308.07,361559.37,212748.7,146522.88,221407.66,-155181.83,95718.01,0.0342,19642.13,0.0203,29,3.48,396,6.4,0.9535,0.9503,0,22.6,0
2025-05,Retail,Busan,Marketplace,E-Office,Affinity,9652,0.01788,172,199,0.03257,6,7,60719.28,425034.95,267461.4,157573.56,78961.08,2583787.72,-2505175.24,70839.16,0.0327,13886.55,0.0385,35,3.77,726,7.8,0.9477,0.9533,3,32.7,0
2025-05,Retail,Busan,Marketplace,E-Office,VIP,11843,0.02092,247,282,0.0271,7,9,59330.49,533974.42,323712.89,210261.53,116196.27,603487.34,-509422.08,76282.06,0.0521,27823.53,0.005,31,4.09,662,6.4,0.9628,0.9965,7,27.7,2
2025-05,Retail,Busan,Marketplace,F-Outdoor,Mass,19680,0.02723,535,683,0.02929,20,29,63917.15,1853597.46,1096720.8,756876.66,279002.83,1209141.9,-731268.08,92679.87,0.03,55618.52,0.0293,50,4.28,342,5.3,0.9886,0.9479,19,20.5,1
2025-05,Retail,Busan,Marketplace,F-Outdoor,Affinity,10482,0.02946,308,397,0.0215,8,12,67835.16,814021.86,527447.11,286574.75,153295.29,1641159.01,-1507879.54,101752.73,0.066,53716.66,0.0439,35,4.31,596,11.2,0.9876,0.9409,20,26.6,0
2025-05,Retail,Busan,Marketplace,F-Outdoor,VIP,9873,0.0218,215,229,0.03568,8,14,65793.8,921113.14,585839.27,335273.87,84658.73,2318796.82,-2068181.67,115139.14,0.0418,38495.04,0.0291,52,3.32,455,8.5,0.9196,0.9647,14,26.1,1
2025-05,Retail,Busan,App,A-Standard,Mass,8429,0.01409,118,133,0.01073,1,1,30908.38,30908.38,21305.42,9602.96,76949.21,29001.23,-96347.48,30908.38,0.0413,1277.5,0.033,48,4.16,553,5.6,0.9061,0.899,11,28.9,0
2025-05,Retail,Busan,App,A-Standard,Affinity,11219,0.02094,234,251,0.0297,7,11,28571.05,314281.56,223175.94,91105.62,122592.74,709051.77,-740538.89,44897.37,0.0553,17374.28,0.0421,51,3.58,120,6.0,0.939,0.8915,7,27.0,0
2025-05,Retail,Busan,App,A-Standard,VIP,8477,0.03289,278,327,0.0333,10,10,29819.11,298191.1,202742.39,95448.71,82118.79,407194.48,-393864.57,29819.11,0.041,12219.25,0.0251,52,3.98,203,9.1,0.919,0.8763,3,23.5,0
2025-05,Retail,Busan,App,B-Pro,Mass,8338,0.01861,155,193,0.01657,3,5,47012.12,235060.61,155393.93,79666.69,54850.63,1806928.55,-1782112.49,78353.54,0.0185,4356.57,0.0493,56,4.53,549,7.2,0.9397,0.9082,23,22.8,0
2025-05,Retail,Busan,App,B-Pro,Affinity,8834,0.03122,275,323,0.02899,9,9,43522.22,391700.02,245158.32,146541.71,112887.17,345222.39,-311567.86,43522.22,0.0652,25528.95,0.0422,33,3.57,514,6.3,0.9363,0.8736,10,31.0,3
2025-05,Retail,Busan,App,B-Pro,VIP,8592,0.01946,167,204,0.02218,4,5,45728.26,228641.31,149578.46,79062.85,72363.85,1718439.02,-1711740.03,57160.33,0.0242,5523.16,0.0271,53,3.89,748,2.0,1.0,0.8981,15,23.5,2
2025-05,Retail,Busan,App,C-Ultra,Mass,8819,0.03655,322,348,0.01724,5,4,70435.26,281741.04,167356.49,114384.55,131208.92,807670.15,-824494.52,56348.21,0.0167,4705.94,0.0358,44,4.56,383,7.5,0.9057,0.9415,7,33.7,0
2025-05,Retail,Busan,App,C-Ultra,Affinity,7596,0.02985,226,280,0.03183,8,8,71317.61,570540.85,364435.24,206105.62,118613.48,2469783.35,-2382291.21,71317.61,0.0411,23424.1,0.0099,34,4.6,605,6.6,0.9363,0.9148,5,19.5,0
2025-05,Retail,Busan,App,C-Ultra,VIP,9119,0.01473,134,171,0.02504,4,4,71946.24,287784.95,162686.54,125098.41,49714.23,2885732.57,-2810348.4,71946.24,0.0265,7619.51,0.0238,9,4.24,938,6.4,0.9825,0.878,14,37.1,2
2025-05,Retail,Busan,App,D-Home,Mass,9652,0.02579,248,298,0.02238,6,11,54870.36,603574.0,406846.42,196727.57,129239.47,1596418.65,-1528930.55,100595.67,0.0381,22978.3,0.034,36,5.0,182,8.8,0.9241,0.8533,20,18.4,3
2025-05,Retail,Busan,App,D-Home,Affinity,10002,0.01613,161,212,0.02192,4,6,53274.71,319648.24,194409.17,125239.07,94658.55,1644112.41,-1613531.9,79912.06,0.0,0.0,0.0349,43,3.54,848,5.8,0.9422,0.9316,30,26.9,1
2025-05,Retail,Busan,App,D-Home,VIP,8577,0.03062,262,328,0.02746,9,10,57096.53,570965.32,346513.96,224451.35,98456.2,1543055.0,-1417059.85,63440.59,0.0116,6643.06,0.0388,43,3.97,890,11.1,0.994,0.9522,12,31.5,0
2025-05,Retail,Busan,App,E-Office,Mass,8370,0.03217,269,327,0.0176,5,5,60094.14,300470.71,196479.32,103991.39,145082.25,1652715.32,-1693806.17,60094.14,0.0226,6786.67,0.0559,24,4.38,486,4.9,0.9703,0.8996,7,29.9,0
2025-05,Retail,Busan,App,E-Office,Affinity,8634,0.02961,255,322,0.02641,8,9,57585.21,518266.92,302312.88,215954.04,103314.29,163013.86,-50374.12,64783.36,0.0297,15418.11,0.0384,37,3.32,424,7.2,0.9118,0.9377,18,25.6,0
2025-05,Retail,Busan,App,E-Office,VIP,10469,0.02906,304,354,0.02655,9,15,62137.49,932062.41,542474.21,389588.2,147496.9,1022343.78,-780252.47,103562.49,0.0409,38156.07,0.0367,15,4.81,735,8.5,0.9301,0.9553,6,27.3,1
2025-05,Retail,Busan,App,F-Outdoor,Mass,8428,0.02094,176,233,0.02087,4,6,66296.13,397776.76,232247.55,165529.22,52848.45,288985.7,-176304.94,99444.19,0.0237,9441.71,0.0302,45,4.08,484,6.7,0.9937,0.8959,18,30.0,0
2025-05,Retail,Busan,App,F-Outdoor,Affinity,8921,0.02129,189,215,0.03457,7,8,61976.91,495815.31,301768.18,194047.13,81118.98,2210937.47,-2098009.32,70830.76,0.0359,17802.88,0.0105,34,4.45,482,8.6,0.9926,0.916,10,34.7,0
2025-05,Retail,Busan,App,F-Outdoor,VIP,10550,0.02696,284,330,0.04256,14,18,66156.85,1190823.3,705132.78,485690.52,107106.21,2865190.8,-2486606.49,85058.81,0.0334,39721.48,0.0481,25,4.04,340,7.9,0.9555,0.9317,0,38.2,2
2025-05,Online,Seoul,Direct,A-Standard,Mass,13627,0.03366,458,560,0.0235,13,23,28616.39,658176.99,436290.69,221886.3,171697.32,791052.83,-740863.85,50629.0,0.0386,25409.84,0.0239,43,4.31,395,5.8,0.9248,0.9205,18,16.3,0
2025-05,Online,Seoul,Direct,A-Standard,Affinity,14864,0.02575,382,452,0.02619,11,12,29008.04,348096.49,243346.83,104749.66,189222.22,371867.73,-456340.29,31645.14,0.041,14268.39,0.035,34,4.27,633,7.9,0.9855,0.8915,4,31.9,0
2025-05,Online,Seoul,Direct,A-Standard,VIP,14770,0.02984,440,489,0.03297,16,16,29466.73,471467.71,327211.11,144256.6,249903.5,1888038.43,-1993685.33,29466.73,0.0406,19154.69,0.0198,35,4.02,296,3.9,1.0,0.9553,14,27.7,0
2025-05,Online,Seoul,Direct,B-Pro,Mass,13666,0.02339,319,391,0.02857,11,15,45614.22,684213.23,454172.64,230040.6,90256.77,2495768.36,-2355984.54,62201.2,0.0224,15322.91,0.0087,62,4.26,103,8.1,0.9485,0.9226,18,29.7,0
2025-05,Online,Seoul,Direct,B-Pro,Affinity,12355,0.02501,309,355,0.02294,8,7,43786.51,306505.58,207608.12,98897.46,113573.71,1094341.91,-1109018.17,38313.2,0.0376,11532.36,0.0352,40,4.53,748,3.1,0.9991,0.8616,15,43.3,0
2025-05,Online,Seoul,Direct,B-Pro,VIP,15612,0.03257,508,557,0.0376,20,20,44019.81,880396.23,601447.82,278948.42,142180.38,1884350.14,-1747582.1,44019.81,0.0415,36521.28,0.0068,48,4.77,933,5.4,1.0,1.0,24,37.3,3
2025-05,Online,Seoul,Direct,C-Ultra,Mass,16006,0.02627,420,472,0.02825,13,27,72642.96,1961359.89,1231688.54,729671.35,173899.32,533791.47,21980.57,150873.84,0.0327,64066.2,0.0501,16,4.22,597,6.0,0.9221,0.8711,10,13.7,2
2025-05,Online,Seoul,Direct,C-Ultra,Affinity,14881,0.03488,519,649,0.03036,19,26,67879.0,1764854.05,1113137.55,651716.5,234927.2,931891.25,-515101.95,92887.06,0.0439,77446.55,0.035,49,3.65,251,5.9,0.9599,0.8406,15,12.2,0
2025-05,Online,Seoul,Direct,C-Ultra,VIP,14216,0.02401,341,373,0.02959,11,15,72654.93,1089823.93,627658.85,462165.08,192979.18,247682.65,21503.25,99074.9,0.0028,3103.91,0.0443,38,3.72,401,4.5,0.9852,0.9111,11,34.0,1
2025-05,Online,Seoul,Direct,D-Home,Mass,15775,0.02826,445,481,0.0228,10,14,56481.85,790745.94,479308.67,311437.27,226062.24,1586535.13,-1501160.1,79074.59,0.0529,41816.81,0.0331,40,3.71,159,6.5,0.9273,0.9257,24,31.8,7
2025-05,Online,Seoul,Direct,D-Home,Affinity,14894,0.02548,379,406,0.03607,14,25,53437.73,1335943.28,849323.86,486619.42,142383.39,1860461.67,-1516225.63,95424.52,0.0289,38615.51,0.0236,55,3.81,740,3.6,0.9806,0.9431,23,18.7,0
2025-05,Online,Seoul,Direct,D-Home,VIP,13089,0.03166,414,482,0.03207,15,12,55353.89,664246.63,423805.09,240441.54,230977.88,3045460.25,-3035996.6,44283.11,0.0527,35004.03,0.005,45,3.95,600,9.1,0.9764,0.9547,5,22.9,0
2025-05,Online,Seoul,Direct,E-Office,Mass,16629,0.03013,501,564,0.04525,25,51,57008.22,2907419.2,1891597.61,1015821.59,141739.42,2303122.48,-1429040.32,116296.77,0.0158,45939.67,0.0478,64,4.29,385,4.8,0.962,0.9798,13,25.8,0
2025-05,Online,Seoul,Direct,E-Office,Affinity,11909,0.01845,219,288,0.03035,8,10,59408.57,594085.65,388477.15,205608.5,91692.97,1328142.23,-1214226.69,74260.71,0.0358,21284.77,0.0497,32,4.34,698,7.2,0.9709,0.9091,20,38.1,1
2025-05,Online,Seoul,Direct,E-Office,VIP,14909,0.01975,294,330,0.02173,7,8,58985.83,471886.66,275772.67,196113.99,178923.73,1197340.5,-1180150.24,67412.38,0.0558,26353.75,0.0334,62,4.36,818,12.4,0.937,0.8851,10,11.5,0
2025-05,Online,Seoul,Direct,F-Outdoor,Mass,17076,0.01788,305,330,0.02171,7,5,67544.69,337723.47,194350.57,143372.9,178575.92,1446224.09,-1481427.11,48246.21,0.071,23962.36,0.0514,44,4.17,374,7.6,0.9682,0.9532,7,33.3,1
2025-05,Online,Seoul,Direct,F-Outdoor,Affinity,15815,0.02221,351,408,0.01815,7,8,62156.26,497250.11,321520.52,175729.59,222985.83,2854859.43,-2902115.67,71035.73,0.0524,26077.63,0.0407,33,4.41,799,7.0,0.9515,0.9691,15,30.7,2
2025-05,Online,Seoul,Direct,F-Outdoor,VIP,14797,0.02202,325,347,0.03661,12,10,67629.53,676295.33,397995.21,278300.12,127837.61,2277217.51,-2126755.01,56357.94,0.0174,11784.19,0.0266,59,4.19,431,7.7,0.9388,0.9736,8,43.4,4
2025-05,Online,Seoul,Partner,A-Standard,Mass,13681,0.02642,361,459,0.02454,11,14,30575.15,428052.17,299826.26,128225.91,107418.85,2662682.92,-2641875.87,38913.83,0.0343,14687.23,0.0285,45,4.16,500,5.0,0.9509,0.9508,22,40.0,1
2025-05,Online,Seoul,Partner,A-Standard,Affinity,10100,0.0298,300,358,0.02197,7,10,30007.05,300070.54,195058.42,105012.12,154678.11,849739.84,-899405.83,42867.22,0.0732,21967.74,0.0417,40,3.96,916,9.5,0.9292,0.9406,17,31.5,0
2025-05,Online,Seoul,Partner,A-Standard,VIP,12330,0.02296,283,368,0.0362,13,17,30288.45,514903.7,362584.46,152319.25,81574.89,1629592.05,-1558847.69,39607.98,0.0528,27182.2,0.0299,31,4.0,333,5.9,0.9778,0.8961,8,23.5,0
2025-05,Online,Seoul,Partner,B-Pro,Mass,11602,0.02339,271,301,0.02389,7,9,46405.74,417651.64,257378.37,160273.27,117997.28,2077635.94,-2035359.95,59664.52,0.0419,17515.54,0.0355,51,4.53,934,9.0,1.0,0.9787,14,37.0,0
2025-05,Online,Seoul,Partner,B-Pro,Affinity,12389,0.02068,256,299,0.02588,7,6,43151.76,258910.59,176820.72,82089.87,145928.92,833194.36,-897033.42,36987.23,0.0018,467.91,0.0398,42,4.21,612,7.1,0.949,0.9152,2,22.3,0
2025-05,Online,Seoul,Partner,B-Pro,VIP,8940,0.02544,227,281,0.03158,8,13,43352.24,563579.08,356471.58,207107.5,111542.72,1713811.61,-1618246.84,70447.39,0.0203,11453.21,0.0447,52,3.77,891,5.8,1.0,0.9032,4,24.7,0
2025-05,Online,Seoul,Partner,C-Ultra,Mass,11830,0.02026,239,283,0.02339,6,8,67142.41,537139.25,318042.75,219096.5,70437.19,525932.5,-377273.19,89523.21,0.0258,13863.45,0.0526,43,4.42,351,5.5,1.0,0.8962,8,32.5,0
2025-05,Online,Seoul,Partner,C-Ultra,Affinity,11483,0.02886,331,398,0.02059,8,10,70121.4,701213.96,409355.44,291858.52,83949.11,861740.92,-653831.51,87651.74,0.0452,31720.27,0.0232,31,4.18,733,3.8,0.9748,0.9634,17,21.9,3
2025-05,Online,Seoul,Partner,C-Ultra,VIP,13247,0.02251,298,317,0.02273,7,13,68424.66,889520.61,514537.09,374983.51,163234.2,1868850.77,-1657101.46,127074.37,0.0453,40279.43,0.028,56,4.56,533,4.8,1.0,0.8909,7,36.7,2
2025-05,Online,Seoul,Partner,D-Home,Mass,11547,0.01774,204,269,0.02739,7,9,53259.93,479339.41,310047.48,169291.94,100186.38,229636.23,-160530.67,68477.06,0.0087,4164.92,0.0342,24,4.25,340,4.8,0.9497,0.9717,6,20.5,0
2025-05,Online,Seoul,Partner,D-Home,Affinity,10246,0.01149,117,130,0.01695,2,1,52375.72,52375.72,33633.22,18742.5,72936.1,2791495.84,-2845689.44,26187.86,0.0475,2488.86,0.0516,13,4.55,1242,5.7,1.0,1.0,9,26.1,0
2025-05,Online,Seoul,Partner,D-Home,VIP,14231,0.018,256,298,0.0155,4,5,55030.75,275153.77,168457.28,106696.49,127785.76,2783891.13,-2804980.4,68788.44,0.0549,15098.0,0.0169,38,4.22,642,10.2,0.9014,0.922,20,19.5,0
2025-05,Online,Seoul,Partner,E-Office,Mass,11253,0.01153,129,142,0.02371,3,4,58170.37,232681.47,149289.01,83392.46,96237.19,2637257.33,-2650102.07,77560.49,0.0055,1280.99,0.0369,44,3.52,334,6.1,0.9284,0.9395,10,19.1,0
2025-05,Online,Seoul,Partner,E-Office,Affinity,11110,0.03199,355,405,0.03367,13,19,59315.06,1126986.18,735302.1,391684.08,111696.3,1853652.91,-1573665.12,86691.24,0.016,17980.55,0.0393,41,4.33,1092,9.8,0.9718,0.8356,19,44.8,2
2025-05,Online,Seoul,Partner,E-Office,VIP,11033,0.02732,301,356,0.02851,10,13,60409.94,785329.22,457831.3,327497.93,117463.11,1119417.78,-909382.97,78532.92,0.0744,58392.12,0.0283,23,3.42,600,7.2,0.9567,0.9439,11,28.8,2
2025-05,Online,Seoul,Partner,F-Outdoor,Mass,12503,0.0231,288,323,0.03349,10,13,62170.32,808214.22,501236.42,306977.8,155856.87,1754731.33,-1603610.41,80821.42,0.0249,20114.33,0.032,49,4.08,371,9.9,0.9647,0.8797,8,32.9,0
2025-05,Online,Seoul,Partner,F-Outdoor,Affinity,11557,0.02851,329,387,0.0261,10,15,67411.49,1011172.31,647713.38,363458.93,148595.8,2721456.19,-2506593.06,101117.23,0.0302,30488.67,0.0283,39,3.77,515,7.0,0.8943,0.9428,13,15.5,0
2025-05,Online,Seoul,Partner,F-Outdoor,VIP,8729,0.03435,299,380,0.02696,10,7,65627.61,459393.27,284554.88,174838.39,95541.64,1397766.03,-1318469.29,45939.33,0.0333,15295.41,0.0401,54,4.19,667,6.0,0.9337,0.9714,16,31.0,1
2025-05,Online,Seoul,Marketplace,A-Standard,Mass,13130,0.02242,294,320,0.01634,5,6,28793.76,172762.55,114030.12,58732.43,159310.07,1207665.55,-1308243.19,34552.51,0.0404,6977.48,0.0332,54,4.04,868,10.6,0.9285,0.995,0,22.7,0
2025-05,Online,Seoul,Marketplace,A-Standard,Affinity,20566,0.02789,573,624,0.03506,21,28,28846.86,807712.13,542135.53,265576.6,350670.0,1688859.86,-1773953.26,38462.48,0.0306,24726.59,0.037,38,4.53,598,7.5,0.9577,0.9671,11,40.6,1
2025-05,Online,Seoul,Marketplace,A-Standard,VIP,16006,0.01868,299,375,0.02659,9,8,31316.08,250528.63,168849.89,81678.75,162422.43,2382962.4,-2463706.08,27836.51,0.0341,8548.08,0.0416,30,4.6,463,6.9,0.9448,0.9662,11,33.5,0
2025-05,Online,Seoul,Marketplace,B-Pro,Mass,17488,0.0177,309,377,0.02597,9,7,45939.01,321573.09,204229.21,117343.88,136307.24,392380.6,-411343.95,35730.34,0.0306,9834.45,0.0428,45,4.32,883,6.6,0.9452,0.9023,14,22.6,0
2025-05,Online,Seoul,Marketplace,B-Pro,Affinity,16415,0.02749,451,533,0.02378,12,12,43950.64,527407.73,327676.23,199731.5,103635.71,2420409.74,-2324313.95,43950.64,0.0295,15538.6,0.0275,54,4.78,417,3.3,0.9549,0.93,12,23.8,0
2025-05,Online,Seoul,Marketplace,B-Pro,VIP,19228,0.02641,507,660,0.02679,17,23,45226.38,1040206.64,710639.25,329567.4,228427.31,1234769.56,-1133629.47,61188.63,0.0242,25180.86,0.0488,49,3.94,803,6.2,0.9415,1.0,6,16.1,1
2025-05,Online,Seoul,Marketplace,C-Ultra,Mass,17124,0.02066,353,385,0.01553,5,4,69612.2,278448.8,165980.93,112467.87,175176.13,2034768.15,-2097476.42,55689.76,0.0651,18119.14,0.0421,41,4.25,400,6.9,0.9812,0.9541,13,21.6,3
2025-05,Online,Seoul,Marketplace,C-Ultra,Affinity,22935,0.0176,403,443,0.02785,12,15,70366.69,1055500.33,603497.76,452002.57,216543.53,526568.91,-291109.87,87958.36,0.0415,43839.47,0.0337,59,4.11,488,10.1,0.9662,0.902,20,26.3,4
2025-05,Online,Seoul,Marketplace,C-Ultra,VIP,21436,0.01804,386,461,0.02658,12,21,69117.96,1451477.26,847867.77,603609.49,143494.52,745363.7,-285248.72,120956.44,0.0266,38668.51,0.0425,63,4.53,616,4.1,0.9946,0.9338,6,39.3,1
2025-05,Online,Seoul,Marketplace,D-Home,Mass,19869,0.01595,316,362,0.02012,7,10,56083.95,560839.53,372675.6,188163.93,169755.68,3068361.58,-3049953.33,80119.93,0.0383,21484.22,0.0385,35,4.29,895,7.9,0.9718,0.9278,14,22.7,0
2025-05,Online,Seoul,Marketplace,D-Home,Affinity,23361,0.02837,662,846,0.02654,22,38,55641.36,2114371.77,1313900.24,800471.52,354293.17,1622778.12,-1176599.76,96107.81,0.042,88704.34,0.0395,43,4.24,573,8.0,0.9858,0.9638,14,31.0,2
2025-05,Online,Seoul,Marketplace,D-Home,VIP,15217,0.02481,377,436,0.03619,15,22,53382.56,1174416.34,724139.0,450277.34,195345.53,2914853.67,-2659921.86,78294.42,0.0184,21591.21,0.0294,34,4.7,185,5.6,0.9371,0.9618,15,34.5,1
2025-05,Online,Seoul,Marketplace,E-Office,Mass,13039,0.02618,341,434,0.03019,13,15,57475.78,862136.7,502265.85,359870.85,105165.89,981828.37,-727123.42,66318.21,0.0397,34258.6,0.0488,45,4.33,575,5.1,0.9511,0.9843,26,28.4,2
2025-05,Online,Seoul,Marketplace,E-Office,Affinity,17489,0.03263,570,734,0.02869,21,24,60287.05,1446889.26,861876.79,585012.47,264931.5,2819577.53,-2499496.57,68899.49,0.0288,41660.28,0.043,37,3.97,582,3.7,0.9591,0.8489,9,29.2,0
2025-05,Online,Seoul,Marketplace,E-Office,VIP,15584,0.03787,590,643,0.03382,21,16,58206.14,931298.22,571165.35,360132.88,231150.99,112440.98,16540.91,44347.53,0.0355,33086.62,0.017,35,3.59,1058,10.1,0.9966,0.9438,0,21.3,0
2025-05,Online,Seoul,Marketplace,F-Outdoor,Mass,18297,0.02783,509,594,0.01888,11,19,62437.33,1186309.35,757747.55,428561.8,143885.12,2521172.55,-2236495.87,107846.3,0.0061,7199.39,0.0525,60,4.08,667,6.9,0.9576,0.9254,8,20.0,1
2025-05,Online,Seoul,Marketplace,F-Outdoor,Affinity,15222,0.02131,324,353,0.02219,7,10,64871.59,648715.88,413345.43,235370.46,123349.11,2223546.27,-2111524.93,92673.7,0.0229,14880.11,0.0397,45,4.53,570,4.5,1.0,0.9874,13,31.0,1
2025-05,Online,Seoul,Marketplace,F-Outdoor,VIP,15566,0.01446,225,238,0.03012,7,10,64930.9,649309.0,374280.64,275028.36,161282.96,2892193.25,-2778447.85,92758.43,0.0047,3071.87,0.0344,75,4.19,412,2.0,0.9654,0.9204,11,28.3,2
2025-05,Online,Seoul,App,A-Standard,Mass,8990,0.01857,166,216,0.02037,4,7,30423.88,212967.15,145838.19,67128.96,78336.91,903236.92,-914444.88,53241.79,0.0444,9458.72,0.027,34,4.25,684,8.6,0.9488,0.9564,8,31.9,0
2025-05,Online,Seoul,App,A-Standard,Affinity,14447,0.03687,532,646,0.02127,13,15,30870.04,463050.58,316138.38,146912.2,238763.59,2403827.61,-2495679.0,35619.28,0.0332,15372.34,0.053,52,4.09,952,5.0,0.9612,0.9585,14,17.6,0
2025-05,Online,Seoul,App,A-Standard,VIP,11102,0.02095,232,259,0.03695,9,8,29320.93,234567.44,158471.16,76096.28,142749.33,2274088.37,-2340741.42,26063.05,0.0583,13676.6,0.0396,60,4.87,859,8.4,0.9638,0.9378,10,15.4,0
2025-05,Online,Seoul,App,B-Pro,Mass,13385,0.0266,355,376,0.02092,7,11,45071.17,495782.91,307684.35,188098.56,168464.62,2112767.25,-2093133.31,70826.13,0.0392,19456.22,0.0407,47,4.18,638,8.2,0.9581,0.8759,10,33.3,3
2025-05,Online,Seoul,App,B-Pro,Affinity,12130,0.02529,306,349,0.02949,10,13,43551.54,566170.06,373120.39,193049.67,179377.11,1200483.81,-1186811.25,56617.01,0.0409,23153.37,0.0294,30,4.66,659,5.5,0.9984,0.8621,9,33.6,2
2025-05,Online,Seoul,App,B-Pro,VIP,15830,0.01261,199,228,0.0346,7,10,43886.21,438862.09,271146.75,167715.35,126805.5,3004809.75,-2963899.91,62694.58,0.0208,9118.87,0.0207,28,3.58,605,6.9,0.9766,0.9325,20,21.7,3
2025-05,Online,Seoul,App,C-Ultra,Mass,15880,0.0117,185,199,0.03289,6,3,68635.89,205907.68,119714.95,86192.73,148379.37,1484620.57,-1546807.22,34317.95,0.0292,6011.9,0.0351,44,4.44,277,6.0,0.9552,0.8965,3,35.4,1
2025-05,Online,Seoul,App,C-Ultra,Affinity,9967,0.02315,230,299,0.02503,7,15,70024.68,1050370.22,597155.34,453214.88,82327.53,1998957.42,-1628070.07,150052.89,0.0448,47037.16,0.0472,40,4.16,612,8.8,0.9502,0.9004,19,30.2,1
2025-05,Online,Seoul,App,C-Ultra,VIP,13421,0.02678,359,454,0.02136,9,14,68195.69,954739.67,549518.17,405221.51,185725.15,191434.34,28062.02,106082.19,0.0281,26814.55,0.0348,43,4.39,681,5.0,0.9232,0.9132,10,40.9,0
2025-05,Online,Seoul,App,D-Home,Mass,13888,0.01674,232,290,0.01964,5,4,54030.69,216122.74,139173.87,76948.88,124293.92,151057.58,-198402.62,43224.55,0.017,3664.04,0.0302,37,4.13,783,6.3,0.9568,0.8472,6,23.9,1
2025-05,Online,Seoul,App,D-Home,Affinity,11198,0.02253,252,326,0.02281,7,12,53851.98,646223.78,393529.84,252693.94,62871.86,1968276.86,-1778454.78,92317.68,0.0112,7238.05,0.0366,58,4.52,410,5.5,0.9903,0.9457,13,32.5,1
2025-05,Online,Seoul,App,D-Home,VIP,11340,0.02765,313,368,0.03053,11,14,55665.82,779321.43,503912.34,275409.1,185362.51,1542566.38,-1452519.8,70847.4,0.0115,8962.48,0.0287,37,3.84,595,6.6,0.9647,0.9698,7,26.3,0
2025-05,Online,Seoul,App,E-Office,Mass,11951,0.02731,326,350,0.02018,7,8,62034.63,496277.07,299211.07,197066.0,167803.35,2543857.76,-2514595.12,70896.72,0.0592,29399.8,0.0453,44,4.06,419,6.9,0.9629,0.9125,18,40.2,0
2025-05,Online,Seoul,App,E-Office,Affinity,11048,0.01762,194,241,0.02448,5,7,57478.11,402346.76,235795.01,166551.75,100831.86,2992455.29,-2926735.39,80469.35,0.0398,16010.3,0.0149,27,4.65,301,7.3,0.9203,0.8994,11,26.1,4
2025-05,Online,Seoul,App,E-Office,VIP,11054,0.02566,283,305,0.03465,10,15,60829.95,912449.21,556474.52,355974.69,119257.22,148612.33,88105.14,91244.92,0.0446,40690.8,0.0361,24,4.07,483,8.7,0.9289,0.8522,6,28.1,0
2025-05,Online,Seoul,App,F-Outdoor,Mass,11844,0.02932,347,452,0.0479,21,26,65060.33,1691568.67,1003394.96,688173.72,156171.3,943252.97,-411250.56,80550.89,0.0411,69509.81,0.0191,45,3.9,134,6.5,0.9588,0.9689,14,26.8,0
2025-05,Online,Seoul,App,F-Outdoor,Affinity,14108,0.02633,371,412,0.02957,12,16,62621.77,1001948.39,575227.37,426721.02,198747.83,789066.12,-561092.93,83495.7,0.0508,50861.16,0.0427,40,4.08,194,6.1,1.0,0.9455,7,26.9,1
2025-05,Online,Seoul,App,F-Outdoor,VIP,13045,0.02856,372,402,0.02615,10,6,64819.28,388915.66,226595.17,162320.48,176925.39,2143167.0,-2157771.9,38891.57,0.0139,5392.84,0.0172,49,4.45,783,5.1,0.9622,0.9482,0,34.5,0
2025-05,Online,Busan,Direct,A-Standard,Mass,7911,0.01686,133,175,0.01376,2,3,29027.74,87083.22,61622.39,25460.83,88198.17,184205.8,-246943.14,43541.61,0.0262,2279.67,0.0438,48,4.15,339,6.7,0.9363,0.8978,14,21.1,0
2025-05,Online,Busan,Direct,A-Standard,Affinity,9409,0.02074,195,211,0.02277,4,4,31345.09,125380.36,85993.73,39386.62,105035.19,2502108.14,-2567756.71,31345.09,0.0645,8090.68,0.0285,32,4.75,295,5.8,0.9597,1.0,12,23.4,1
2025-05,Online,Busan,Direct,A-Standard,VIP,7995,0.03383,270,298,0.04177,12,7,29423.73,205966.08,141989.74,63976.35,121079.07,361552.49,-418655.22,17163.84,0.0349,7179.51,0.0226,37,3.95,462,8.5,0.954,0.9366,0,39.6,2
2025-05,Online,Busan,Direct,B-Pro,Mass,10019,0.03001,300,330,0.02314,7,9,45715.48,411439.29,277491.05,133948.25,123953.61,1789450.42,-1779455.78,58777.04,0.051,20998.43,0.0318,51,4.25,783,7.3,0.9833,0.9706,23,23.3,1
2025-05,Online,Busan,Direct,B-Pro,Affinity,8572,0.03138,268,312,0.0334,10,14,44908.38,628717.34,424730.4,203986.93,102400.55,2328479.06,-2226892.68,62871.73,0.0186,11693.2,0.0371,46,4.44,670,7.0,0.9486,0.9933,10,15.7,0
2025-05,Online,Busan,Direct,B-Pro,VIP,9565,0.01513,144,154,0.03176,4,5,43780.73,218903.65,142790.28,76113.37,53020.18,2239099.69,-2216006.51,54725.91,0.0724,15844.13,0.0335,46,3.81,601,6.4,0.9398,0.8612,15,24.5,2
2025-05,Online,Busan,Direct,C-Ultra,Mass,13709,0.01436,196,252,0.02427,6,8,67401.51,539212.12,308251.97,230960.15,98443.79,2496201.67,-2363685.31,89868.69,0.0557,30051.7,0.0399,25,4.8,457,8.4,0.9585,0.9146,10,36.6,3
2025-05,Online,Busan,Direct,C-Ultra,Affinity,11278,0.03288,370,448,0.02338,10,12,71729.65,860755.82,514017.79,346738.03,194895.32,907797.97,-755955.27,86075.58,0.0382,32855.79,0.0251,36,4.81,0,7.1,0.9848,0.9691,11,20.6,0
2025-05,Online,Busan,Direct,C-Ultra,VIP,9508,0.02555,242,295,0.03325,9,8,72133.61,577068.85,365353.16,211715.69,85693.86,1582220.61,-1456198.79,64118.76,0.0224,12933.69,0.0256,22,4.43,344,6.7,0.9739,0.9574,9,20.2,0
2025-05,Online,Busan,Direct,D-Home,Mass,10518,0.03017,317,405,0.0271,10,15,56368.72,845530.85,552263.42,293267.43,127585.34,1333215.5,-1167533.41,84553.09,0.0315,26632.53,0.0391,57,4.26,509,8.1,0.95,0.9712,18,25.7,0
2025-05,Online,Busan,Direct,D-Home,Affinity,9184,0.02605,239,265,0.03386,8,9,53844.16,484597.46,295258.63,189338.83,117805.13,1158480.47,-1086946.77,60574.68,0.0426,20636.88,0.0259,34,4.28,1067,5.7,0.9494,1.0,5,15.6,4
2025-05,Online,Busan,Direct,D-Home,VIP,8349,0.02251,187,206,0.02105,4,5,53950.16,269750.79,165676.05,104074.74,55325.82,583036.53,-534287.6,67437.7,0.0259,6999.27,0.0279,52,4.67,583,4.2,0.9287,0.8802,19,23.6,3
2025-05,Online,Busan,Direct,E-Office,Mass,10817,0.02277,246,297,0.03167,9,8,57667.49,461339.88,281488.85,179851.03,100189.96,376098.3,-296437.23,51259.99,0.0707,32638.73,0.0345,47,3.97,508,6.4,0.9767,0.8888,12,14.2,2
2025-05,Online,Busan,Direct,E-Office,Affinity,7952,0.03626,288,305,0.0244,7,8,61377.17,491017.33,312408.08,178609.25,150992.38,2054488.72,-2026871.85,70145.33,0.0146,7156.59,0.0288,41,4.26,173,4.9,0.9772,0.9212,10,30.4,1
2025-05,Online,Busan,Direct,E-Office,VIP,8532,0.02482,211,272,0.02482,6,6,61235.82,367414.91,228628.29,138786.62,136887.95,2023758.05,-2021859.38,61235.82,0.033,12139.94,0.0203,40,4.18,746,3.6,0.9521,0.886,14,30.3,0
2025-05,Online,Busan,Direct,F-Outdoor,Mass,8507,0.0269,228,279,0.02822,7,5,65960.41,329802.05,199236.46,130565.59,129742.89,825760.85,-824938.15,47114.58,0.0441,14541.16,0.0474,47,4.51,762,2.8,0.9665,0.9522,11,31.9,2
2025-05,Online,Busan,Direct,F-Outdoor,Affinity,11408,0.01387,158,201,0.02272,4,5,67798.17,338990.84,205891.96,133098.89,71246.17,2247266.62,-2185413.9,84747.71,0.0005,154.52,0.0266,47,4.57,424,2.3,0.9043,0.9396,4,27.3,0
2025-05,Online,Busan,Direct,F-Outdoor,VIP,9190,0.01764,162,192,0.0269,5,8,67322.93,538583.42,309112.36,229471.05,95026.44,1520771.48,-1386326.87,107716.68,0.0332,17901.64,0.0393,26,4.67,901,9.3,0.944,0.8814,13,21.7,1
2025-05,Online,Busan,Partner,A-Standard,Mass,8382,0.01686,141,151,0.01649,2,3,30159.07,90477.22,63189.59,27287.62,72756.72,2531633.46,-2577102.55,45238.61,0.0453,4097.14,0.0499,44,3.88,607,3.6,0.9195,0.9432,8,31.7,1
2025-05,Online,Busan,Partner,A-Standard,Affinity,8634,0.03554,306,401,0.02566,10,8,28801.93,230415.45,150093.4,80322.05,75222.83,1142541.62,-1137442.4,23041.55,0.0376,8662.77,0.0384,26,4.24,823,5.7,0.9306,0.9679,28,24.1,1
2025-05,Online,Busan,Partner,A-Standard,VIP,10204,0.02005,204,268,0.02669,7,8,28740.43,229923.44,156295.1,73628.34,79084.32,2418150.54,-2423606.52,32846.21,0.0261,6003.85,0.0325,37,4.06,211,4.2,0.9516,0.9263,14,22.4,0
2025-05,Online,Busan,Partner,B-Pro,Mass,5836,0.02507,146,162,0.01938,3,4,46340.45,185361.82,119010.67,66351.15,65669.08,807760.4,-807078.34,61787.27,0.0347,6439.35,0.0352,52,4.28,324,7.8,0.9574,0.8658,13,28.3,4
2025-05,Online,Busan,Partner,B-Pro,Affinity,10886,0.02855,310,355,0.02321,8,12,44450.04,533400.52,363107.11,170293.41,154903.33,2727827.02,-2712436.93,66675.06,0.0142,7595.47,0.0318,55,5.0,782,3.1,0.9384,0.915,11,9.2,2
2025-05,Online,Busan,Partner,B-Pro,VIP,5816,0.02647,153,170,0.0255,4,5,45832.81,229164.06,154298.91,74865.14,49350.12,1365616.92,-1340101.9,57291.01,0.0363,8310.6,0.0388,41,4.6,333,9.6,0.9301,0.9238,13,13.0,0
2025-05,Online,Busan,Partner,C-Ultra,Mass,7537,0.02001,150,163,0.02409,3,3,66905.26,200715.77,113429.21,87286.56,58882.77,542328.25,-513924.46,66905.26,0.0335,6731.34,0.0261,35,4.21,852,7.6,1.0,0.8607,18,23.4,0
2025-05,Online,Busan,Partner,C-Ultra,Affinity,9378,0.01152,108,140,0.02826,3,4,70462.06,281848.24,169876.0,111972.24,60252.96,1537927.23,-1486207.95,93949.41,0.0226,6362.25,0.0284,39,3.73,750,7.3,0.9535,0.9409,11,16.8,0
2025-05,Online,Busan,Partner,C-Ultra,VIP,11173,0.02401,268,336,0.02959,9,11,71559.02,787149.24,488555.83,298593.41,136627.8,1752794.13,-1590828.52,87461.03,0.0451,35475.02,0.0298,48,3.58,213,8.4,0.9833,0.9786,7,27.8,0
2025-05,Online,Busan,Partner,D-Home,Mass,11318,0.01914,216,233,0.01902,4,4,53796.83,215187.32,144345.22,70842.1,100876.67,1878337.86,-1908372.43,53796.83,0.0386,8308.36,0.027,52,3.59,505,9.6,0.9387,0.9505,14,40.6,0
2025-05,Online,Busan,Partner,D-Home,Affinity,10404,0.02475,257,280,0.01786,5,6,55867.95,335207.73,225435.57,109772.16,88504.19,96547.53,-75279.56,67041.55,0.0549,18408.66,0.0537,59,4.74,424,5.1,0.9059,0.9224,0,15.7,0
2025-05,Online,Busan,Partner,D-Home,VIP,9549,0.01829,174,220,0.03219,7,4,57730.36,230921.43,147285.5,83635.93,80882.49,109973.37,-107219.92,32988.78,0.0413,9533.59,0.026,28,4.18,142,7.6,0.9807,0.9273,12,23.1,0
2025-05,Online,Busan,Partner,E-Office,Mass,7511,0.02221,166,175,0.01981,3,1,62862.21,62862.21,38251.75,24610.46,99045.59,2942904.89,-3017340.02,20954.07,0.0426,2677.89,0.0314,38,4.94,505,4.5,0.9076,0.9645,3,24.2,2
2025-05,Online,Busan,Partner,E-Office,Affinity,8648,0.03212,277,334,0.02599,8,11,58228.48,640513.23,408371.04,232142.2,139469.36,3020288.2,-2927615.36,80064.15,0.0416,26656.76,0.0189,37,4.74,990,7.5,0.9733,0.9443,20,22.2,0
2025-05,Online,Busan,Partner,E-Office,VIP,7619,0.03014,229,284,0.02577,7,10,62486.11,624861.08,395183.98,229677.11,65536.35,1980589.69,-1816448.94,89265.87,0.0501,31309.35,0.0251,38,3.87,603,7.7,1.0,0.9386,11,24.8,1
2025-05,Online,Busan,Partner,F-Outdoor,Mass,7409,0.03133,232,286,0.00753,2,3,67152.92,201458.75,119539.53,81919.23,107385.16,2517534.3,-2543000.23,100729.38,0.0622,12535.76,0.0479,40,4.43,922,5.6,1.0,0.8519,7,29.4,0
2025-05,Online,Busan,Partner,F-Outdoor,Affinity,11825,0.01811,214,248,0.03082,7,11,64147.91,705627.0,436710.79,268916.21,87731.94,624201.71,-443017.44,100803.86,0.0171,12075.63,0.0327,57,4.27,749,9.8,0.9317,0.8716,21,26.1,4
2025-05,Online,Busan,Partner,F-Outdoor,VIP,8540,0.02613,223,289,0.03428,9,12,62566.63,750799.53,452257.37,298542.16,122901.46,1321056.47,-1145415.77,83422.17,0.0413,31017.38,0.0152,32,3.92,418,5.7,0.9708,0.958,23,22.0,0
2025-05,Online,Busan,Marketplace,A-Standard,Mass,14580,0.02017,294,359,0.01465,5,5,31077.04,155385.21,110618.0,44767.21,75453.68,425808.87,-456495.34,31077.04,0.0409,6358.85,0.0549,51,4.04,619,6.5,0.9886,0.9505,10,22.7,0
2025-05,Online,Busan,Marketplace,A-Standard,Affinity,12373,0.02317,286,309,0.01631,5,8,30628.83,245030.62,162037.38,82993.24,128305.39,1347459.42,-1392771.57,49006.12,0.0579,14190.31,0.0144,43,3.62,435,6.8,0.9668,0.8512,10,35.5,0
2025-05,Online,Busan,Marketplace,A-Standard,VIP,13477,0.03135,422,475,0.03162,15,15,30063.03,450945.44,314135.41,136810.03,90140.47,1428056.26,-1381386.7,30063.03,0.0273,12308.53,0.0295,50,4.38,934,8.3,0.9692,0.9497,18,27.4,0
2025-05,Online,Busan,Marketplace,B-Pro,Mass,12409,0.02048,254,325,0.02332,7,13,45499.09,591488.15,380443.02,211045.12,158244.76,908256.92,-855456.55,84498.31,0.0303,17925.9,0.0218,25,4.21,288,7.0,1.0,0.882,5,26.4,2
2025-05,Online,Busan,Marketplace,B-Pro,Affinity,10429,0.01993,207,272,0.02474,6,9,43858.85,394729.65,252170.51,142559.14,95810.07,2788167.4,-2741418.33,65788.27,0.0221,8740.21,0.0373,59,4.76,763,7.0,0.9553,0.8883,9,31.4,0
2025-05,Online,Busan,Marketplace,B-Pro,VIP,12645,0.02893,365,477,0.03516,16,18,46056.51,829017.26,539278.48,289738.78,188826.71,3038265.74,-2937353.67,51813.58,0.0402,33329.89,0.0418,27,3.7,881,8.4,1.0,0.8896,14,19.7,0
2025-05,Online,Busan,Marketplace,C-Ultra,Mass,15898,0.02587,411,475,0.02323,11,23,66891.51,1538504.68,971198.94,567305.74,133611.16,1336499.07,-902804.48,139864.06,0.0352,54172.84,0.0422,53,4.41,537,7.0,0.8989,0.9265,13,27.5,0
2025-05,Online,Busan,Marketplace,C-Ultra,Affinity,11699,0.01499,175,217,0.02528,5,6,73395.94,440375.65,265872.0,174503.65,79241.81,1970678.43,-1875416.59,88075.13,0.0353,15524.04,0.0332,47,4.66,869,7.2,0.9626,0.9694,7,23.8,1
2025-05,Online,Busan,Marketplace,C-Ultra,VIP,16896,0.01731,292,358,0.02956,10,15,67135.05,1007025.79,615147.2,391878.59,177793.21,1633220.2,-1419134.82,100702.58,0.0296,29850.19,0.0389,25,3.96,725,11.0,0.9831,0.9315,6,34.9,0
2025-05,Online,Busan,Marketplace,D-Home,Mass,16494,0.02072,341,424,0.01854,7,10,56194.68,561946.79,347454.25,214492.53,111384.73,280728.68,-177620.87,80278.11,0.0279,15689.71,0.0394,60,4.18,476,2.9,0.9333,0.9128,10,20.2,0
2025-05,Online,Busan,Marketplace,D-Home,Affinity,14240,0.0234,333,360,0.02618,9,12,56532.77,678393.18,444945.46,233447.73,204876.07,1558850.15,-1530278.49,75377.02,0.033,22398.87,0.0175,39,3.85,405,8.2,0.9656,0.9021,10,13.7,0
2025-05,Online,Busan,Marketplace,D-Home,VIP,10612,0.01845,195,207,0.03432,7,9,52344.1,471096.94,301292.9,169804.04,127670.9,1450097.74,-1407964.6,67299.56,0.0445,20943.59,0.0151,74,3.73,726,6.7,0.9801,0.9555,6,29.6,2
2025-05,Online,Busan,Marketplace,E-Office,Mass,12410,0.01686,209,254,0.01271,3,3,62324.66,186973.97,114840.54,72133.44,83952.34,121969.74,-133788.64,62324.66,0.0316,5905.89,0.0132,28,4.34,524,8.3,0.9491,0.9612,12,33.2,1
2025-05,Online,Busan,Marketplace,E-Office,Affinity,15545,0.02367,367,479,0.02917,13,26,61300.83,1593821.66,976276.89,617544.77,196855.61,1335450.28,-914761.12,122601.67,0.0454,72382.6,0.0484,49,4.39,670,8.8,0.9767,1.0,17,34.2,1
2025-05,Online,Busan,Marketplace,E-Office,VIP,10369,0.01931,200,228,0.02203,5,4,60583.23,242332.92,150983.99,91348.93,101359.86,308794.66,-318805.59,48466.58,0.011,2662.0,0.0238,40,4.55,1205,8.1,0.9652,0.9332,0,27.4,0
2025-05,Online,Busan,Marketplace,F-Outdoor,Mass,9827,0.02546,250,273,0.0169,4,6,67574.33,405445.96,244216.16,161229.8,113305.07,547075.14,-499150.41,101361.49,0.0205,8299.63,0.0491,38,4.69,574,7.4,0.9579,0.8668,10,25.6,2
2025-05,Online,Busan,Marketplace,F-Outdoor,Affinity,14687,0.02341,343,452,0.03051,13,21,68058.86,1429236.0,883061.98,546174.02,99613.86,1681518.26,-1234958.1,109941.23,0.0117,16664.29,0.0409,71,3.74,829,4.8,0.9336,0.9497,15,31.1,2
2025-05,Online,Busan,Marketplace,F-Outdoor,VIP,14106,0.03252,458,533,0.02966,15,21,66253.17,1391316.62,833428.86,557887.76,130698.8,186586.26,240602.7,92754.44,0.0564,78431.39,0.0328,29,4.17,578,8.5,0.9666,0.9281,12,38.4,0
2025-05,Online,Busan,App,A-Standard,Mass,7514,0.02224,167,180,0.02228,4,2,29616.76,59233.53,41945.88,17287.65,88975.81,2466703.64,-2538391.79,14808.38,0.0325,1926.84,0.0454,20,3.79,1404,2.6,0.9737,0.9545,3,41.5,0
2025-05,Online,Busan,App,A-Standard,Affinity,9184,0.03274,300,318,0.02035,6,8,29489.97,235919.75,163411.55,72508.2,126860.91,1975069.81,-2029422.52,39319.96,0.038,8973.08,0.044,32,4.55,779,10.3,0.9277,0.8953,11,23.8,1
2025-05,Online,Busan,App,A-Standard,VIP,14844,0.02648,393,510,0.02383,12,7,29466.23,206263.6,139478.66,66784.94,191985.4,151718.84,-276919.31,17188.63,0.0361,7438.41,0.0278,30,4.51,377,8.3,0.9721,0.9637,8,22.7,0
2025-05,Online,Busan,App,B-Pro,Mass,9534,0.02489,237,277,0.02684,7,10,45459.07,454590.68,300190.42,154400.26,57851.98,2404041.09,-2307492.81,64941.53,0.0197,8947.31,0.0252,43,4.56,769,4.0,1.0,0.8759,12,24.8,1
2025-05,Online,Busan,App,B-Pro,Affinity,10914,0.02913,317,419,0.02445,10,12,44497.28,533967.38,365495.72,168471.66,110741.47,584016.65,-526286.46,53396.74,0.0326,17428.2,0.0318,38,3.68,1024,10.0,0.9586,0.8869,13,46.4,2
2025-05,Online,Busan,App,B-Pro,VIP,12464,0.03906,486,632,0.01606,10,16,45559.5,728951.96,482331.26,246620.7,173840.04,783653.19,-710872.53,72895.2,0.0547,39857.84,0.0281,58,3.61,115,6.7,0.9227,0.9351,6,27.0,0
2025-05,Online,Busan,App,C-Ultra,Mass,9409,0.02937,276,293,0.01481,4,8,71406.85,571254.79,364174.16,207080.64,116893.71,689702.54,-599515.61,142813.7,0.0301,17212.1,0.0333,46,4.04,604,7.9,0.9696,0.9626,8,8.9,0
2025-05,Online,Busan,App,C-Ultra,Affinity,6947,0.01812,125,140,0.02637,3,2,66724.97,133449.94,75059.77,58390.17,41646.66,720130.25,-703386.74,44483.31,0.0308,4113.41,0.0329,45,4.56,787,7.0,0.953,1.0,16,36.3,2
2025-05,Online,Busan,App,C-Ultra,VIP,11728,0.02529,296,365,0.03333,12,16,69636.91,1114190.6,692830.74,421359.87,110903.46,1592871.44,-1282415.04,92849.22,0.0284,31637.87,0.0233,51,3.8,813,7.4,0.949,0.9717,15,21.8,0
2025-05,Online,Busan,App,D-Home,Mass,9646,0.03039,293,315,0.02659,8,12,54137.25,649646.99,400679.08,248967.91,111164.7,2461485.27,-2323682.06,81205.87,0.0129,8395.93,0.017,31,4.4,663,11.2,0.9589,0.9085,14,26.7,2
2025-05,Online,Busan,App,D-Home,Affinity,11356,0.01822,206,246,0.02761,6,7,55005.28,385036.94,256227.56,128809.38,109412.42,887049.18,-867652.22,64172.82,0.0392,15082.39,0.0208,36,3.91,606,10.3,0.9481,0.9637,6,27.8,0
2025-05,Online,Busan,App,D-Home,VIP,8877,0.02312,205,230,0.02768,6,4,52930.09,211720.36,142404.81,69315.55,83458.4,2300936.32,-2315079.18,35286.73,0.0428,9061.23,0.0288,58,3.91,724,6.6,0.9526,0.9344,16,28.4,2
2025-05,Online,Busan,App,E-Office,Mass,9318,0.02575,239,313,0.02178,6,6,62955.4,377732.42,243637.04,134095.37,91631.09,2763860.45,-2721396.17,62955.4,0.0279,10524.73,0.028,35,4.97,879,4.7,0.9687,0.9474,12,24.6,0
2025-05,Online,Busan,App,E-Office,Affinity,10554,0.02555,269,355,0.02887,10,14,62001.43,868019.98,561088.9,306931.09,62788.77,127532.09,116610.23,86802.0,0.0488,42390.34,0.0159,66,4.14,80,8.0,0.9066,0.9427,10,45.2,3
2025-05,Online,Busan,App,E-Office,VIP,9216,0.02094,192,214,0.02662,5,7,62802.92,439620.45,266793.21,172827.24,113182.08,893423.58,-833778.41,87924.09,0.051,22401.84,0.0323,54,4.22,453,9.0,0.9333,0.9839,17,30.7,0
2025-05,Online,Busan,App,F-Outdoor,Mass,9521,0.03427,326,354,0.02193,7,6,61832.77,370996.63,228641.39,142355.24,126989.16,385408.31,-370042.23,52999.52,0.0122,4508.18,0.0335,16,4.07,1007,6.3,0.9468,0.8464,6,19.8,0
2025-05,Online,Busan,App,F-Outdoor,Affinity,12743,0.01998,254,298,0.03711,11,16,64890.49,1038247.87,611219.17,427028.69,130356.63,2355733.87,-2059061.81,94386.17,0.0344,35726.13,0.0228,47,4.56,729,5.9,0.9802,0.9391,8,19.7,0
2025-05,Online,Busan,App,F-Outdoor,VIP,8670,0.02582,223,247,0.01881,4,5,66149.38,330746.92,202483.91,128263.01,115017.36,1361175.61,-1347929.97,82686.73,0.0286,9464.37,0.0178,53,4.16,573,5.0,0.9296,0.9266,19,39.5,2
2025-06,Retail,Seoul,Direct,A-Standard,Mass,15158,0.01486,225,239,0.01607,3,5,31377.69,156888.46,104228.98,52659.48,107708.41,102872.97,-157921.91,52296.15,0.0295,4631.58,0.0258,42,4.1,868,5.5,0.979,0.9159,9,27.9,0
2025-06,Retail,Seoul,Direct,A-Standard,Affinity,14399,0.01168,168,202,0.02665,5,3,28528.73,85586.19,60142.23,25443.96,96709.12,457090.26,-528355.41,17117.24,0.0288,2466.28,0.0348,27,4.75,576,7.3,0.979,0.8023,15,21.7,0
2025-06,Retail,Seoul,Direct,A-Standard,VIP,16676,0.03567,594,638,0.02896,18,35,28599.75,1000991.13,692591.11,308400.01,285812.72,1029288.9,-1006701.62,55610.62,0.0177,17684.03,0.0216,35,5.0,483,3.4,1.0,0.9767,10,36.8,2
2025-06,Retail,Seoul,Direct,B-Pro,Mass,13342,0.02868,382,407,0.02052,8,13,46767.06,607971.75,379697.61,228274.15,196496.68,757487.65,-725710.19,75996.47,0.0475,28875.88,0.0315,58,3.99,303,12.2,1.0,0.9027,24,30.2,1
2025-06,Retail,Seoul,Direct,B-Pro,Affinity,13636,0.01448,197,236,0.02721,6,6,45610.41,273662.44,178289.17,95373.27,110612.61,390695.66,-405934.99,45610.41,0.0452,12368.5,0.0455,26,4.37,712,4.1,0.9274,0.915,10,13.1,3
2025-06,Retail,Seoul,Direct,B-Pro,VIP,18043,0.01951,352,425,0.02923,12,18,47039.51,846711.15,544520.27,302190.89,125462.71,2190110.59,-2013382.41,70559.26,0.0211,17858.95,0.0094,25,4.49,493,6.0,0.9431,0.9772,18,39.6,0
2025-06,Retail,Seoul,Direct,C-Ultra,Mass,15548,0.02533,393,516,0.01878,9,10,71424.3,714243.01,419507.3,294735.71,245953.96,2092837.19,-2044055.44,79360.33,0.0081,5757.49,0.0412,40,4.43,944,5.3,0.9415,0.9334,11,14.8,0
2025-06,Retail,Seoul,Direct,C-Ultra,Affinity,14628,0.02817,412,490,0.01943,9,11,72188.87,794077.54,478260.78,315816.76,177810.35,1397669.95,-1259663.54,88230.84,0.0312,24783.19,0.0316,41,4.18,404,7.2,0.9247,0.9914,10,20.6,2
2025-06,Retail,Seoul,Direct,C-Ultra,VIP,12111,0.02474,299,318,0.02063,6,8,70375.45,563003.63,336927.3,226076.33,155753.96,582696.34,-512373.97,93833.94,0.0274,15400.58,0.0268,30,4.44,718,6.8,0.9973,0.9479,15,41.9,2
2025-06,Retail,Seoul,Direct,D-Home,Mass,12984,0.01227,159,175,0.02385,4,8,55262.8,442102.37,286463.42,155638.95,92526.62,2758332.36,-2695220.03,110525.59,0.0199,8806.77,0.0408,51,4.37,467,8.2,0.9368,0.9195,11,36.4,1
2025-06,Retail,Seoul,Direct,D-Home,Affinity,16420,0.02152,353,404,0.02659,10,14,57176.97,800477.57,513000.22,287477.34,237767.0,1500091.39,-1450381.05,80047.76,0.0249,19899.74,0.0299,47,4.08,915,8.9,0.9781,0.9324,11,22.5,0
2025-06,Retail,Seoul,Direct,D-Home,VIP,14319,0.01518,217,284,0.0356,10,24,55282.99,1326791.69,892475.84,434315.84,133441.75,1087561.26,-786687.16,132679.17,0.0532,70527.23,0.0327,31,4.78,490,7.0,0.9709,0.9175,3,30.9,0
2025-06,Retail,Seoul,Direct,E-Office,Mass,13810,0.01813,250,298,0.02678,7,7,57763.9,404347.29,262607.03,141740.26,126426.46,1890540.73,-1875226.93,57763.9,0.0527,21318.11,0.0361,50,4.69,353,7.5,0.9574,0.9281,16,31.2,6
2025-06,Retail,Seoul,Direct,E-Office,Affinity,15263,0.02603,397,501,0.02973,14,25,60788.82,1519720.56,998088.95,521631.6,157403.58,2217715.11,-1853487.09,108551.47,0.007,10676.0,0.0608,63,4.49,166,6.7,0.9429,0.914,18,44.2,5
2025-06,Retail,Seoul,Direct,E-Office,VIP,14248,0.0306,436,483,0.03176,15,19,58688.55,1115082.48,691229.41,423853.07,166882.48,1083742.69,-826772.1,74338.83,0.041,45721.74,0.0282,63,4.39,514,4.9,0.988,0.9081,5,15.2,0
2025-06,Retail,Seoul,Direct,F-Outdoor,Mass,11490,0.02316,266,305,0.03164,9,19,67526.14,1282996.62,816606.71,466389.91,140234.52,1931814.16,-1605658.76,142555.18,0.0429,55075.49,0.0409,46,4.23,380,4.3,0.9159,0.8729,15,18.4,1
2025-06,Retail,Seoul,Direct,F-Outdoor,Affinity,17028,0.02622,446,532,0.02218,11,14,63151.62,884122.69,505473.25,378649.44,233652.96,510155.04,-365158.56,80374.79,0.0019,1669.97,0.0285,38,4.11,604,6.6,0.9295,0.8887,8,26.2,0
2025-06,Retail,Seoul,Direct,F-Outdoor,VIP,13830,0.02424,335,391,0.03324,12,19,61984.5,1177705.54,672851.33,504854.21,170840.55,896718.25,-562704.58,98142.13,0.0503,59267.15,0.0253,52,4.14,458,6.3,0.9962,0.8869,7,40.1,0
2025-06,Retail,Seoul,Partner,A-Standard,Mass,13913,0.02935,408,460,0.0312,14,29,30816.99,893692.79,592397.57,301295.22,136722.28,354475.86,-189902.91,63835.2,0.0437,39049.74,0.0491,31,3.91,554,5.4,0.9719,0.8733,2,43.3,0
2025-06,Retail,Seoul,Partner,A-Standard,Affinity,11674,0.02269,264,334,0.02564,8,13,28860.84,375190.95,260893.85,114297.1,93496.77,1854809.02,-1834008.69,46898.87,0.0283,10621.49,0.0306,24,4.0,609,5.9,0.9511,0.9918,6,24.0,0
2025-06,Retail,Seoul,Partner,A-Standard,VIP,10032,0.02808,281,365,0.02025,7,8,31498.52,251988.16,171763.12,80225.04,133754.18,69222.39,-122751.54,35998.31,0.044,11076.34,0.0296,53,3.99,597,8.1,0.9825,0.9404,21,33.1,0
2025-06,Retail,Seoul,Partner,B-Pro,Mass,18244,0.03578,652,774,0.02823,21,33,46221.28,1525302.13,977223.3,548078.84,342585.6,1982689.93,-1777196.7,72633.43,0.0495,75502.24,0.0651,43,4.32,682,9.4,0.9588,0.9148,18,23.5,0
2025-06,Retail,Seoul,Partner,B-Pro,Affinity,12855,0.01957,251,333,0.02658,8,16,44133.67,706138.78,470397.33,235741.45,113593.54,1587604.35,-1465456.44,88267.35,0.0385,27177.67,0.0352,38,4.03,633,7.6,1.0,0.9497,12,16.3,0
2025-06,Retail,Seoul,Partner,B-Pro,VIP,13272,0.0229,303,328,0.02425,7,5,46707.95,233539.73,144671.53,88868.2,127315.1,1056690.77,-1095137.68,33362.82,0.0356,8307.01,0.0208,38,4.74,544,9.1,0.9073,0.9616,13,29.4,1
2025-06,Retail,Seoul,Partner,C-Ultra,Mass,9619,0.03028,291,337,0.02106,7,5,72359.68,361798.41,231059.45,130738.95,74516.63,1913631.31,-1857408.98,51685.49,0.0378,13679.57,0.0417,52,3.88,729,10.2,0.9483,0.9863,19,28.8,4
2025-06,Retail,Seoul,Partner,C-Ultra,Affinity,9936,0.03193,317,374,0.02588,9,10,69878.2,698781.98,432025.98,266756.0,123721.74,1649390.04,-1506355.78,77642.44,0.0235,16406.15,0.0218,32,4.38,869,7.7,0.9285,0.9564,15,19.6,0
2025-06,Retail,Seoul,Partner,C-Ultra,VIP,11364,0.02651,301,377,0.02902,10,7,69067.68,483473.75,276694.47,206779.28,101140.48,524430.83,-418792.03,48347.38,0.0233,11281.09,0.0454,49,5.0,448,6.8,0.9622,0.903,2,38.4,0
2025-06,Retail,Seoul,Partner,D-Home,Mass,11939,0.02745,327,390,0.02801,10,10,53466.75,534667.51,339076.62,195590.89,146893.54,2259107.36,-2210410.01,53466.75,0.0426,22756.44,0.027,47,4.47,403,7.5,0.974,0.9547,16,20.3,0
2025-06,Retail,Seoul,Partner,D-Home,Affinity,14040,0.02355,330,355,0.02949,10,12,54305.08,651660.97,435504.22,216156.74,121632.93,2199959.5,-2105435.68,65166.1,0.0257,16727.18,0.0214,56,4.14,518,4.9,0.9203,0.8923,14,34.6,0
2025-06,Retail,Seoul,Partner,D-Home,VIP,8086,0.01717,138,147,0.03839,5,6,56663.52,339981.14,205684.66,134296.47,77849.95,1511692.47,-1455245.95,67996.23,0.0495,16845.7,0.0327,43,3.83,210,6.4,1.0,0.9061,16,20.1,1
2025-06,Retail,Seoul,Partner,E-Office,Mass,12628,0.02672,337,437,0.0242,10,18,60945.74,1097023.26,651480.46,445542.8,115777.07,756280.57,-426514.85,109702.33,0.0371,40739.05,0.0337,44,4.94,503,8.9,0.9405,0.8968,20,29.9,3
2025-06,Retail,Seoul,Partner,E-Office,Affinity,8899,0.03314,294,337,0.0191,6,5,58250.51,291252.56,186353.77,104898.79,101417.72,2518231.06,-2514749.99,48542.09,0.0326,9501.84,0.0302,55,4.54,301,4.8,0.9822,0.9043,8,30.9,0
2025-06,Retail,Seoul,Partner,E-Office,VIP,13039,0.03308,431,550,0.03201,17,15,61156.72,917350.81,571017.74,346333.07,212222.28,988014.69,-853903.91,53961.81,0.0358,32882.73,0.0242,54,4.59,610,4.8,0.9411,0.9466,13,38.1,1
2025-06,Retail,Seoul,Partner,F-Outdoor,Mass,9217,0.01775,163,188,0.02511,4,5,63193.95,315969.76,188812.61,127157.16,54351.51,2567492.89,-2494687.24,78992.44,0.0375,11840.74,0.0348,32,4.23,660,3.3,0.9451,0.8862,10,10.0,0
2025-06,Retail,Seoul,Partner,F-Outdoor,Affinity,10992,0.02091,229,247,0.02173,5,8,64108.56,512868.49,313475.14,199393.35,62366.42,1519227.69,-1382200.76,102573.7,0.0494,25357.04,0.0212,48,4.69,247,6.9,0.941,0.9843,13,41.2,0
2025-06,Retail,Seoul,Partner,F-Outdoor,VIP,11964,0.02146,256,290,0.03545,10,15,62003.11,930046.64,603276.9,326769.74,127371.77,2031933.78,-1832535.8,93004.66,0.0426,39658.26,0.0345,43,4.23,228,4.7,0.9736,0.9518,13,20.5,1
2025-06,Retail,Seoul,Marketplace,A-Standard,Mass,19057,0.02827,538,618,0.0229,14,25,30023.26,750581.39,505913.86,244667.53,181271.43,1954113.16,-1890717.06,53612.96,0.0756,56735.43,0.0485,36,3.78,358,9.2,0.954,0.9133,16,29.4,0
2025-06,Retail,Seoul,Marketplace,A-Standard,Affinity,17003,0.02854,485,607,0.02481,15,22,31093.04,684046.77,452995.04,231051.73,246418.36,672171.8,-687538.43,45603.12,0.0347,23755.35,0.0308,39,4.37,839,5.9,0.9711,0.964,14,38.8,0
2025-06,Retail,Seoul,Marketplace,A-Standard,VIP,21551,0.027,581,774,0.02528,19,22,31059.87,683317.11,465351.75,217965.36,157361.17,1322315.33,-1261711.14,35964.06,0.0395,26975.31,0.0351,48,3.9,776,9.1,0.9451,0.9352,8,35.3,0
2025-06,Retail,Seoul,Marketplace,B-Pro,Mass,14554,0.02606,379,480,0.02222,10,11,45890.86,504799.49,320945.87,183853.62,197920.41,1644397.6,-1658464.39,50479.95,0.0458,23126.93,0.0377,21,4.27,336,8.4,0.9552,0.8879,8,22.1,5
2025-06,Retail,Seoul,Marketplace,B-Pro,Affinity,16903,0.03052,515,633,0.01908,12,16,45679.51,730872.16,469656.78,261215.38,171958.35,2397377.89,-2308120.86,60906.01,0.0403,29465.63,0.0287,41,4.13,544,9.0,0.9934,0.9929,5,23.9,1
2025-06,Retail,Seoul,Marketplace,B-Pro,VIP,17390,0.02311,401,427,0.02365,10,15,42919.28,643789.13,415760.89,228028.24,169976.5,2760052.1,-2702000.36,64378.91,0.0236,15193.97,0.0299,38,4.11,686,8.8,0.9751,0.9194,6,20.6,0
2025-06,Retail,Seoul,Marketplace,C-Ultra,Mass,13547,0.02112,286,371,0.0276,10,15,68392.46,1025886.9,621041.79,404845.11,126277.33,2065826.53,-1787258.74,102588.69,0.01,10211.64,0.0337,41,4.37,438,10.4,0.9778,0.9,12,31.6,0
2025-06,Retail,Seoul,Marketplace,C-Ultra,Affinity,19473,0.03595,700,909,0.03151,28,36,72042.55,2593531.77,1601013.18,992518.58,275479.73,806631.44,-89592.59,92626.13,0.0556,144297.83,0.0351,14,4.13,812,4.9,0.9773,0.8976,8,26.3,2
2025-06,Retail,Seoul,Marketplace,C-Ultra,VIP,16917,0.02095,354,415,0.02868,11,16,70157.02,1122512.28,662861.04,459651.23,224329.11,1313282.15,-1077960.03,102046.57,0.0272,30535.76,0.0249,48,4.0,705,5.3,0.9732,0.878,15,23.3,0
2025-06,Retail,Seoul,Marketplace,D-Home,Mass,18010,0.02446,440,520,0.02617,13,13,55504.92,721563.94,476826.51,244737.43,187359.67,3015135.54,-2957757.78,55504.92,0.0505,36418.13,0.04,26,3.88,813,5.1,0.9503,0.9123,16,24.0,0
2025-06,Retail,Seoul,Marketplace,D-Home,Affinity,18191,0.01769,321,339,0.03381,11,17,52597.48,894157.1,582598.68,311558.43,160059.12,482906.7,-331407.39,81287.01,0.0175,15631.57,0.0198,33,4.95,486,5.2,0.9472,0.9148,4,23.9,0
2025-06,Retail,Seoul,Marketplace,D-Home,VIP,18791,0.02698,507,635,0.0354,22,17,55898.17,950268.96,636510.89,313758.07,277366.64,938304.12,-901912.69,43194.04,0.0435,41334.84,0.0554,37,4.52,899,5.1,0.9759,0.9439,11,12.7,0
2025-06,Retail,Seoul,Marketplace,E-Office,Mass,16325,0.02375,387,456,0.02021,9,15,60848.6,912728.95,543009.17,369719.78,164211.15,1704714.36,-1499205.74,101414.33,0.0426,38880.37,0.0186,39,4.62,454,3.9,0.9517,0.94,18,25.5,0
2025-06,Retail,Seoul,Marketplace,E-Office,Affinity,20140,0.03723,749,885,0.02439,21,26,58164.99,1512289.69,948997.05,563292.64,323602.56,586876.03,-347185.96,72013.79,0.0237,35866.75,0.0353,31,3.97,642,6.9,0.9794,0.9902,7,27.0,2
2025-06,Retail,Seoul,Marketplace,E-Office,VIP,16639,0.0198,329,369,0.036,13,24,60473.57,1451365.74,887511.65,563854.09,125388.59,990745.28,-552279.78,111643.52,0.0246,35773.76,0.0347,43,4.45,288,8.2,0.9297,0.9507,2,31.1,1
2025-06,Retail,Seoul,Marketplace,F-Outdoor,Mass,20418,0.03507,716,859,0.01844,15,24,66436.86,1594484.55,1021431.66,573052.89,260518.76,2045659.71,-1733125.58,106298.97,0.0247,39418.14,0.0334,25,4.79,582,7.6,0.9463,0.881,16,35.7,0
2025-06,Retail,Seoul,Marketplace,F-Outdoor,Affinity,14616,0.02087,305,383,0.03308,12,10,67570.43,675704.33,389650.12,286054.2,78815.73,148087.08,59151.39,56308.69,0.0463,31281.29,0.0413,16,4.12,420,4.3,0.9842,0.9772,15,15.6,2
2025-06,Retail,Seoul,Marketplace,F-Outdoor,VIP,14502,0.02923,423,452,0.02737,12,14,63443.03,888202.44,515754.04,372448.4,127652.94,1266081.02,-1021285.55,74016.87,0.0337,29972.0,0.0175,32,4.16,414,5.2,0.9892,0.9186,8,22.9,5
2025-06,Retail,Seoul,App,A-Standard,Mass,15369,0.02316,355,390,0.03128,12,14,29868.4,418157.65,271280.87,146876.78,143891.29,2593722.86,-2590737.37,34846.47,0.0297,12406.74,0.0397,41,4.68,459,8.2,0.9419,0.8928,21,26.0,0
2025-06,Retail,Seoul,App,A-Standard,Affinity,11999,0.03813,457,520,0.02458,12,15,30080.37,451205.57,298158.7,153046.87,172978.51,671151.04,-691082.68,37600.46,0.0239,10767.93,0.0333,51,4.07,608,6.0,1.0,0.9279,15,30.9,0
2025-06,Retail,Seoul,App,A-Standard,VIP,12534,0.01944,243,290,0.03548,10,10,28912.11,289121.13,192625.43,96495.7,138465.57,626787.55,-668757.41,28912.11,0.0614,17753.57,0.041,13,4.41,418,6.9,1.0,0.9465,4,28.5,0
2025-06,Retail,Seoul,App,B-Pro,Mass,15045,0.03013,453,529,0.02954,15,18,46417.65,835517.66,543013.43,292504.24,233395.38,2768795.56,-2709686.7,55701.18,0.0749,62606.86,0.0392,34,4.23,267,8.9,0.9726,0.9101,15,37.1,0
2025-06,Retail,Seoul,App,B-Pro,Affinity,19481,0.01504,292,322,0.02956,9,10,46779.79,467797.94,288996.36,178801.58,134286.8,2720999.43,-2676484.65,51977.55,0.0456,21347.66,0.0445,56,3.98,670,9.8,0.9488,0.8997,15,41.3,0
2025-06,Retail,Seoul,App,B-Pro,VIP,11801,0.01653,195,232,0.02404,5,8,44378.95,355031.58,227149.32,127882.26,66606.71,2333555.24,-2272279.69,71006.32,0.0318,11276.94,0.0397,35,4.1,449,8.8,0.9567,0.8785,11,22.7,3
2025-06,Retail,Seoul,App,C-Ultra,Mass,12517,0.02664,333,358,0.01632,5,7,71983.92,503887.45,322370.16,181517.29,119971.74,164571.22,-103025.67,100777.49,0.0475,23946.78,0.0465,33,4.67,639,6.6,0.9446,0.9794,16,26.9,1
2025-06,Retail,Seoul,App,C-Ultra,Affinity,13089,0.03015,394,435,0.03102,13,13,68126.34,885642.38,517379.13,368263.25,204486.0,1801955.04,-1638177.79,68126.34,0.04,35418.24,0.0429,32,4.21,578,2.0,0.9656,0.8733,19,41.6,0
2025-06,Retail,Seoul,App,C-Ultra,VIP,13254,0.017,225,256,0.02693,6,9,71949.64,647546.79,385674.47,261872.33,105190.45,570391.31,-413709.44,107924.47,0.0385,24954.76,0.0279,25,4.05,335,3.4,0.9334,0.889,10,23.3,2
2025-06,Retail,Seoul,App,D-Home,Mass,13719,0.02524,346,420,0.02601,10,10,52587.67,525876.71,328753.11,197123.6,112116.9,85166.79,-160.1,52587.67,0.0122,6404.82,0.0332,47,3.94,749,3.7,0.9648,0.9398,11,34.0,0
2025-06,Retail,Seoul,App,D-Home,Affinity,14365,0.02361,339,432,0.02937,12,20,53487.99,1069759.7,668798.09,400961.61,155815.35,1254399.93,-1009253.67,89146.64,0.0353,37802.67,0.047,14,4.24,359,8.3,0.9416,0.8504,15,23.6,0
2025-06,Retail,Seoul,App,D-Home,VIP,11801,0.02735,322,369,0.02823,10,7,52375.78,366630.44,242871.74,123758.7,132173.79,406471.86,-414886.95,36663.04,0.0284,10401.96,0.0369,56,4.38,533,8.2,0.9561,0.8763,3,25.2,3
2025-06,Retail,Seoul,App,E-Office,Mass,11266,0.01924,216,229,0.02517,5,8,57558.82,460470.58,276969.04,183501.54,106726.12,2622521.81,-2545746.39,92094.12,0.0321,14776.09,0.0377,21,3.7,671,5.7,0.9411,0.8937,0,15.0,0
2025-06,Retail,Seoul,App,E-Office,Affinity,12749,0.02987,380,432,0.02161,9,12,58618.92,703427.08,409482.88,293944.2,226952.87,623720.42,-556729.09,78158.56,0.0306,21505.32,0.0272,41,4.28,386,6.1,0.955,0.9455,3,31.6,0
2025-06,Retail,Seoul,App,E-Office,VIP,12541,0.02311,289,333,0.02847,9,13,57767.44,750976.78,478193.97,272782.81,120305.34,1605913.46,-1453435.99,83441.86,0.0437,32807.06,0.0238,40,4.28,589,8.0,0.9466,0.9535,18,24.0,0
2025-06,Retail,Seoul,App,F-Outdoor,Mass,13018,0.02728,355,416,0.02816,11,15,67766.15,1016492.31,638849.36,377642.95,183202.3,897412.92,-702972.26,92408.39,0.0141,14356.74,0.0247,47,3.82,752,5.7,0.9008,0.8787,8,35.4,1
2025-06,Retail,Seoul,App,F-Outdoor,Affinity,10617,0.02566,272,326,0.03246,10,16,66982.8,1071724.8,685856.5,385868.3,116041.18,327550.68,-57723.56,107172.48,0.0227,24351.03,0.0373,39,3.52,605,12.2,0.9362,0.837,8,27.4,0
2025-06,Retail,Seoul,App,F-Outdoor,VIP,15058,0.03159,475,530,0.03337,17,25,66201.3,1655032.53,1064310.51,590722.02,166332.6,1289582.2,-865192.78,97354.85,0.0328,54249.77,0.027,43,4.16,296,3.8,0.9898,0.8979,8,22.7,0
2025-06,Retail,Busan,Direct,A-Standard,Mass,9569,0.02059,197,256,0.02151,5,4,31210.99,124843.95,87713.84,37130.12,91670.87,1553766.3,-1608307.05,24968.79,0.0386,4818.16,0.0318,60,3.59,339,7.4,0.9326,0.86,4,21.2,2
2025-06,Retail,Busan,Direct,A-Standard,Affinity,10095,0.03207,323,400,0.02161,8,14,29304.84,410267.75,282458.69,127809.07,111830.6,2096352.84,-2080374.38,51283.47,0.0226,9262.32,0.044,39,4.26,480,7.7,0.9558,0.8819,19,37.9,4
2025-06,Retail,Busan,Direct,A-Standard,VIP,9310,0.03299,307,348,0.02567,8,9,30316.8,272851.16,184104.0,88747.17,87396.13,2769216.1,-2767865.06,34106.4,0.0332,9045.33,0.0292,39,4.26,301,9.0,0.986,0.9181,3,23.1,0
2025-06,Retail,Busan,Direct,B-Pro,Mass,12005,0.02989,358,402,0.0212,8,4,46308.37,185233.49,114934.33,70299.16,85286.71,1633511.09,-1648498.64,23154.19,0.031,5746.99,0.0237,43,3.97,725,4.9,1.0,0.8534,19,20.9,0
2025-06,Retail,Busan,Direct,B-Pro,Affinity,11112,0.03323,369,393,0.03062,12,9,47094.47,423850.22,272063.26,151786.97,160045.41,3001442.37,-3009700.81,35320.85,0.0082,3484.69,0.0103,25,4.89,701,4.1,0.9304,0.9726,10,30.3,2
2025-06,Retail,Busan,Direct,B-Pro,VIP,10635,0.02378,252,321,0.03389,10,10,44724.14,447241.4,283478.17,163763.23,67243.94,2883804.36,-2787285.07,44724.14,0.0115,5130.39,0.0274,41,4.44,561,11.2,0.953,0.941,9,28.4,0
2025-06,Retail,Busan,Direct,C-Ultra,Mass,10401,0.03604,374,434,0.0284,12,17,70212.4,1193610.87,745640.49,447970.37,119931.7,1301195.37,-973156.69,99467.57,0.0521,62183.76,0.0577,43,4.84,129,5.2,0.9584,0.9507,20,23.5,2
2025-06,Retail,Busan,Direct,C-Ultra,Affinity,11320,0.02337,264,318,0.02879,9,10,67275.66,672756.65,428813.85,243942.8,161304.92,1739331.52,-1656693.65,74750.74,0.0341,22925.06,0.0352,44,4.23,332,9.8,0.9773,0.9202,16,22.6,2
2025-06,Retail,Busan,Direct,C-Ultra,VIP,10394,0.02356,244,264,0.02553,6,10,67757.82,677578.2,387717.76,289860.44,76517.4,2261771.04,-2048428.0,112929.7,0.057,38597.18,0.0277,37,4.79,398,8.1,0.9476,0.8797,11,28.9,0
2025-06,Retail,Busan,Direct,D-Home,Mass,12200,0.0198,241,269,0.02924,7,13,55751.43,724768.62,460744.51,264024.11,125102.78,2371243.18,-2232321.85,103538.37,0.0611,44309.06,0.0618,45,4.03,671,8.4,0.9743,0.9264,5,29.2,0
2025-06,Retail,Busan,Direct,D-Home,Affinity,11432,0.01847,211,261,0.01731,4,5,54528.03,272640.14,175686.7,96953.45,93088.61,624697.07,-620832.23,68160.04,0.0247,6731.82,0.0384,45,4.03,660,7.8,0.921,0.9059,13,25.2,5
2025-06,Retail,Busan,Direct,D-Home,VIP,11555,0.02441,282,363,0.03339,12,14,56228.72,787202.08,482297.89,304904.19,107201.64,2433037.91,-2235335.36,65600.17,0.0379,29806.86,0.0173,52,3.77,353,8.6,0.9429,0.9518,0,30.1,0
2025-06,Retail,Busan,Direct,E-Office,Mass,10951,0.02131,233,259,0.02515,6,5,61500.36,307501.79,201680.12,105821.67,132595.82,1450074.4,-1476848.54,51250.3,0.0155,4752.18,0.0362,53,4.25,897,7.2,0.9224,0.9354,3,28.5,0
2025-06,Retail,Busan,Direct,E-Office,Affinity,10428,0.01532,159,181,0.01674,3,1,58442.77,58442.77,37393.93,21048.83,71577.21,1390839.84,-1441368.22,19480.92,0.0415,2427.98,0.0312,41,4.02,913,5.5,0.9748,0.9697,7,32.8,1
2025-06,Retail,Busan,Direct,E-Office,VIP,10801,0.02305,248,299,0.02437,7,13,59096.54,768255.03,483668.57,284586.47,90751.24,352567.97,-158732.74,109750.72,0.0263,20218.61,0.0357,54,4.31,904,8.3,0.9808,0.983,23,21.2,1
2025-06,Retail,Busan,Direct,F-Outdoor,Mass,9478,0.02042,193,210,0.0387,8,10,67377.36,673773.57,418534.59,255238.98,105367.33,555891.98,-406020.33,84221.7,0.0221,14914.35,0.0368,30,4.64,295,6.2,0.9458,0.922,8,33.3,3
2025-06,Retail,Busan,Direct,F-Outdoor,Affinity,8599,0.0151,129,158,0.02912,4,4,66982.33,267929.32,173443.5,94485.81,83963.85,2845224.3,-2834702.35,66982.33,0.0221,5919.25,0.029,66,3.92,415,7.6,0.9418,0.9027,20,21.8,2
2025-06,Retail,Busan,Direct,F-Outdoor,VIP,7366,0.02123,156,182,0.0296,5,6,65582.77,393496.64,239580.19,153916.45,67038.8,1342169.22,-1255291.56,78699.33,0.0069,2705.84,0.0295,39,4.55,648,10.1,0.9978,0.9199,10,26.2,1
2025-06,Retail,Busan,Partner,A-Standard,Mass,11203,0.02717,304,394,0.02296,9,15,29878.24,448173.57,303955.15,144218.42,169387.85,614767.85,-639937.28,49797.06,0.0395,17716.74,0.0309,53,4.59,407,6.2,0.9156,0.8923,22,25.2,0
2025-06,Retail,Busan,Partner,A-Standard,Affinity,7553,0.0264,199,232,0.02456,5,7,28711.1,200977.67,136363.64,64614.03,66192.66,2587526.13,-2589104.76,40195.53,0.0391,7850.58,0.0512,49,3.83,644,5.5,0.9718,0.9699,13,24.2,0
2025-06,Retail,Busan,Partner,A-Standard,VIP,7093,0.01954,138,156,0.02409,3,5,29535.58,147677.9,101776.81,45901.09,57103.57,419592.71,-430795.19,49225.97,0.0374,5523.96,0.0343,48,4.81,614,7.5,0.9212,0.9383,11,33.8,0
2025-06,Retail,Busan,Partner,B-Pro,Mass,9977,0.01883,187,211,0.0326,6,6,45675.11,274050.65,175741.08,98309.57,99487.89,1563106.36,-1564284.69,45675.11,0.0334,9140.86,0.0479,32,4.61,305,6.8,0.9661,1.0,10,18.3,3
2025-06,Retail,Busan,Partner,B-Pro,Affinity,12074,0.02085,251,277,0.02994,8,8,44931.34,359450.69,241228.85,118221.84,161000.48,657422.28,-700200.91,44931.34,0.0595,21374.91,0.045,43,4.14,976,8.1,0.9338,0.9304,11,36.1,0
2025-06,Retail,Busan,Partner,B-Pro,VIP,10839,0.03451,374,489,0.02776,13,24,43523.67,1044568.2,676930.34,367637.86,100694.18,1291025.87,-1024082.2,80351.4,0.0399,41639.54,0.0219,17,4.34,224,6.0,0.9818,0.8893,18,18.5,0
2025-06,Retail,Busan,Partner,C-Ultra,Mass,10336,0.02553,263,338,0.02536,8,11,70899.46,779894.11,485030.07,294864.04,128585.27,2294655.59,-2128376.81,97486.76,0.0307,23932.62,0.0517,57,4.71,550,5.3,0.9924,0.937,1,34.9,2
2025-06,Retail,Busan,Partner,C-Ultra,Affinity,7176,0.01621,116,124,0.01907,2,1,72031.62,72031.62,44702.15,27329.47,52386.54,685601.54,-710658.6,36015.81,0.0,0.0,0.0553,32,4.37,416,5.2,0.9976,1.0,10,27.2,0
2025-06,Retail,Busan,Partner,C-Ultra,VIP,7627,0.02522,192,245,0.02823,6,7,70351.52,492460.64,312263.34,180197.3,77357.08,447120.34,-344280.12,82076.77,0.0439,21610.87,0.0205,48,4.58,779,8.9,0.9909,0.883,0,34.2,2
2025-06,Retail,Busan,Partner,D-Home,Mass,9030,0.03862,348,383,0.0181,6,9,53116.91,478052.22,296267.1,181785.12,135057.13,1881354.32,-1834626.33,79675.37,0.0513,24525.15,0.0322,41,4.69,658,7.1,0.9924,0.9765,14,26.2,0
2025-06,Retail,Busan,Partner,D-Home,Affinity,8131,0.02811,228,289,0.03058,8,16,54833.65,877338.47,568609.7,308728.77,125754.78,1151753.07,-968779.08,109667.31,0.0681,59720.14,0.035,35,4.99,749,7.3,1.0,0.9789,15,22.1,4
2025-06,Retail,Busan,Partner,D-Home,VIP,7412,0.01959,145,180,0.03358,6,5,54024.95,270124.74,163666.26,106458.49,64127.87,2638354.11,-2596023.49,45020.79,0.0318,8580.24,0.0344,41,4.58,387,6.3,0.9454,0.9262,7,21.5,0
2025-06,Retail,Busan,Partner,E-Office,Mass,9320,0.02222,207,275,0.02663,7,7,57247.56,400732.92,246365.34,154367.58,71294.98,607089.64,-524017.03,57247.56,0.0529,21178.91,0.0307,37,4.33,544,6.2,0.9402,0.947,8,16.7,0
2025-06,Retail,Busan,Partner,E-Office,Affinity,8962,0.01943,174,215,0.02276,4,5,57215.48,286077.39,175059.54,111017.84,62073.95,34470.44,14473.46,71519.35,0.0003,75.39,0.0369,33,4.43,552,6.1,0.9142,0.9982,14,27.5,2
2025-06,Retail,Busan,Partner,E-Office,VIP,8293,0.02411,199,254,0.02714,6,10,58910.11,589101.08,343827.14,245273.94,89287.34,2437950.51,-2281963.9,98183.51,0.0202,11891.91,0.0263,53,4.57,686,9.2,0.9947,0.9332,7,22.3,3
2025-06,Retail,Busan,Partner,F-Outdoor,Mass,10699,0.03537,378,448,0.01324,5,3,65610.77,196832.31,114235.4,82596.91,112960.2,218132.6,-248495.89,39366.46,0.0121,2377.99,0.0318,30,3.91,582,5.4,0.9162,0.9462,16,17.0,0
2025-06,Retail,Busan,Partner,F-Outdoor,Affinity,8902,0.02272,202,238,0.02911,6,4,67997.49,271989.98,175795.47,96194.51,129320.77,1851988.37,-1885114.64,45331.66,0.0554,15071.56,0.0396,35,4.17,436,11.1,0.9584,0.9097,14,30.2,2
2025-06,Retail,Busan,Partner,F-Outdoor,VIP,10998,0.0122,134,162,0.02849,4,6,65922.51,395535.06,227448.49,168086.57,70380.06,61718.48,35988.04,98883.77,0.0353,13981.15,0.0367,35,3.93,544,7.6,0.997,0.9568,11,41.6,2
2025-06,Retail,Busan,Marketplace,A-Standard,Mass,17268,0.02574,444,571,0.02746,15,26,30820.36,801329.36,552065.34,249264.02,132455.89,1571303.71,-1454495.57,53421.96,0.0364,29167.88,0.0457,44,4.38,471,6.0,0.985,1.0,19,40.8,3
2025-06,Retail,Busan,Marketplace,A-Standard,Affinity,13028,0.02259,294,341,0.02866,9,10,29736.47,297364.72,204215.47,93149.25,173176.82,1716263.46,-1796291.03,33040.52,0.0388,11534.91,0.0228,41,4.25,737,6.8,0.9381,0.8762,8,38.0,2
2025-06,Retail,Busan,Marketplace,A-Standard,VIP,12899,0.03117,402,439,0.02873,12,13,31016.9,403219.66,277560.69,125658.97,106909.57,488951.46,-470202.05,33601.64,0.0483,19477.95,0.0358,53,4.11,472,7.4,0.9581,0.9269,9,29.3,0
2025-06,Retail,Busan,Marketplace,B-Pro,Mass,12106,0.03064,370,413,0.0253,10,16,45440.91,727054.59,449079.95,277974.64,216257.56,981375.79,-919658.72,72705.46,0.0111,8035.73,0.0468,55,4.43,529,7.4,0.9135,0.9092,11,24.7,1
2025-06,Retail,Busan,Marketplace,B-Pro,Affinity,15153,0.02519,381,470,0.02718,12,14,45269.64,633774.91,411215.58,222559.33,218299.96,482419.8,-478160.44,52814.58,0.0446,28269.12,0.0434,55,4.82,608,5.4,0.93,0.871,18,26.3,1
2025-06,Retail,Busan,Marketplace,B-Pro,VIP,14084,0.01683,237,288,0.02358,6,7,47093.21,329652.45,203844.91,125807.53,73654.86,2077728.35,-2025575.68,54942.07,0.0528,17411.92,0.0576,44,4.17,684,11.4,1.0,0.8974,10,29.2,3
2025-06,Retail,Busan,Marketplace,C-Ultra,Mass,13537,0.03524,477,621,0.0241,14,9,72010.14,648091.3,391586.8,256504.5,207977.17,1112512.73,-1063985.4,46292.24,0.0676,43829.34,0.0292,43,4.33,475,6.3,0.9638,0.9034,8,22.8,2
2025-06,Retail,Busan,Marketplace,C-Ultra,Affinity,12740,0.01968,250,317,0.02294,7,10,71787.51,717875.1,417372.22,300502.88,124191.13,1299549.21,-1123237.46,102553.59,0.0436,31319.62,0.042,42,4.26,399,8.2,0.9823,0.9059,12,29.4,2
2025-06,Retail,Busan,Marketplace,C-Ultra,VIP,12472,0.03081,384,479,0.02569,12,12,71227.46,854729.49,522912.3,331817.19,186647.74,1644872.07,-1499702.62,71227.46,0.0107,9122.28,0.0306,31,4.31,627,7.5,1.0,0.8746,6,29.2,3
2025-06,Retail,Busan,Marketplace,D-Home,Mass,14926,0.01908,284,371,0.02012,7,8,54511.22,436089.79,293534.72,142555.06,157954.34,251407.09,-266806.37,62298.54,0.055,23996.57,0.0265,42,3.88,0,4.6,0.9277,0.9578,17,39.5,0
2025-06,Retail,Busan,Marketplace,D-Home,Affinity,13380,0.02447,327,426,0.01365,5,7,53697.15,375880.04,251388.87,124491.17,177989.25,1000713.07,-1054211.15,75176.01,0.021,7905.93,0.0086,25,3.95,420,6.4,0.9604,0.9842,5,32.9,0
2025-06,Retail,Busan,Marketplace,D-Home,VIP,11885,0.02251,267,310,0.03675,11,18,54250.37,976506.63,595160.84,381345.78,123548.6,281623.66,-23826.48,88773.33,0.0356,34731.89,0.0268,45,4.19,666,6.0,0.9648,0.9072,21,22.0,0
2025-06,Retail,Busan,Marketplace,E-Office,Mass,12320,0.022,270,307,0.036,11,13,62769.33,816001.27,523733.89,292267.39,132191.47,2594944.56,-2434868.65,74181.93,0.0628,51225.36,0.042,46,3.94,389,7.7,0.9256,0.9786,7,19.1,0
2025-06,Retail,Busan,Marketplace,E-Office,Affinity,13127,0.02651,347,416,0.02328,9,6,57834.39,347006.32,202446.17,144560.15,126531.77,2096876.93,-2078848.55,38556.26,0.055,19098.58,0.0256,42,4.33,570,6.2,0.9861,0.8576,10,17.8,0
2025-06,Retail,Busan,Marketplace,E-Office,VIP,16881,0.02248,379,444,0.03642,16,20,62178.7,1243573.96,793628.04,449945.93,180608.14,1974636.2,-1705298.41,77723.37,0.0459,57094.48,0.0342,51,3.92,678,5.0,0.954,0.9543,5,44.6,0
2025-06,Retail,Busan,Marketplace,F-Outdoor,Mass,14330,0.02886,413,515,0.02942,15,25,61944.15,1548603.76,898014.49,650589.27,159684.03,914312.03,-423406.79,103240.25,0.0615,95168.91,0.0396,42,3.95,592,6.2,0.9899,0.9621,17,28.9,3
2025-06,Retail,Busan,Marketplace,F-Outdoor,Affinity,16189,0.02013,325,432,0.03371,14,21,67212.08,1411453.6,828010.69,583442.91,85664.47,2620235.6,-2122457.15,100818.11,0.0001,147.7,0.0173,29,4.27,682,7.0,0.9353,0.9656,15,20.7,2
2025-06,Retail,Busan,Marketplace,F-Outdoor,VIP,13080,0.03019,394,455,0.03684,16,32,66263.8,2120441.63,1252578.2,867863.43,129342.17,1812923.19,-1074401.94,132527.6,0.0463,98134.02,0.0438,28,3.92,650,2.8,0.9742,0.9982,19,37.5,0
2025-06,Retail,Busan,App,A-Standard,Mass,8398,0.02365,198,212,0.02502,5,5,29176.23,145881.16,103800.18,42080.98,111486.86,2633693.93,-2703099.8,29176.23,0.0311,4533.97,0.0162,28,3.31,694,8.5,0.9329,0.957,21,27.8,0
2025-06,Retail,Busan,App,A-Standard,Affinity,9883,0.02701,266,312,0.02638,8,7,31464.24,220249.65,156195.27,64054.37,134231.04,1152992.41,-1223169.08,27531.21,0.0294,6482.96,0.0404,40,4.75,734,5.7,0.9432,0.9103,12,33.5,0
2025-06,Retail,Busan,App,A-Standard,VIP,10151,0.00861,87,91,0.02524,2,2,30179.22,60358.44,41556.48,18801.95,39369.76,1851271.56,-1871839.37,30179.22,0.0366,2207.97,0.0322,32,4.27,565,10.1,0.9122,0.9138,8,21.6,0
2025-06,Retail,Busan,App,B-Pro,Mass,8109,0.02428,196,247,0.03087,7,8,46655.11,373240.87,232635.77,140605.1,87785.61,2770117.01,-2717297.53,53320.12,0.0298,11141.23,0.0369,36,4.52,397,6.7,0.9864,0.9193,12,29.6,4
2025-06,Retail,Busan,App,B-Pro,Affinity,8654,0.01969,170,180,0.0288,5,4,44913.02,179652.08,118727.18,60924.9,77808.78,1475966.81,-1492850.68,35930.42,0.0146,2620.34,0.0334,60,4.11,399,3.4,0.8998,0.9445,8,41.9,5
2025-06,Retail,Busan,App,B-Pro,VIP,8152,0.02305,187,200,0.03494,6,7,45490.92,318436.43,200489.65,117946.78,46401.05,1237708.53,-1166162.79,53072.74,0.0341,10860.73,0.0096,46,4.44,811,7.2,0.9265,0.9339,0,29.1,0
2025-06,Retail,Busan,App,C-Ultra,Mass,7981,0.02902,231,274,0.0211,5,8,67801.08,542408.61,324570.47,217838.14,73106.02,2888641.57,-2743909.45,108481.72,0.0254,13761.83,0.0482,67,4.13,535,7.4,0.9682,0.8992,10,14.3,1
2025-06,Retail,Busan,App,C-Ultra,Affinity,9836,0.01949,191,230,0.03054,7,12,70691.75,848300.97,478529.5,369771.47,111141.25,1213408.01,-954777.79,121185.85,0.0273,23192.38,0.049,65,4.22,658,8.2,0.9653,0.9252,13,33.1,3
2025-06,Retail,Busan,App,C-Ultra,VIP,8579,0.02374,203,229,0.03345,7,11,67200.42,739204.58,467074.68,272129.89,87329.31,1033390.95,-848590.37,105600.65,0.0543,40148.64,0.0268,50,4.5,1255,6.6,0.9394,0.9486,16,28.0,3
2025-06,Retail,Busan,App,D-Home,Mass,10486,0.03281,344,455,0.0286,13,23,55577.24,1278276.41,832532.25,445744.16,121790.56,719771.3,-395817.7,98328.95,0.0251,32147.73,0.0591,41,4.23,408,9.8,0.9159,0.9746,18,19.6,0
2025-06,Retail,Busan,App,D-Home,Affinity,7074,0.02975,210,254,0.03426,8,6,54099.39,324596.33,219007.04,105589.29,83585.34,1045887.69,-1023883.74,40574.54,0.047,15240.8,0.032,53,4.03,673,8.0,0.9769,0.9594,1,29.1,2
2025-06,Retail,Busan,App,D-Home,VIP,8606,0.03048,262,297,0.03165,9,10,54741.31,547413.11,336139.85,211273.26,129096.02,760714.49,-678537.26,60823.68,0.0267,14630.49,0.0415,36,4.3,404,5.5,0.9851,0.9343,5,22.5,0
2025-06,Retail,Busan,App,E-Office,Mass,11043,0.03833,423,546,0.01773,9,17,57468.34,976961.79,614648.29,362313.5,206659.97,1133087.89,-977434.37,108551.31,0.0189,18509.84,0.0414,50,4.4,406,6.5,1.0,0.9152,13,29.1,1
2025-06,Retail,Busan,App,E-Office,Affinity,12304,0.01635,201,252,0.01725,4,7,60443.5,423104.48,272783.3,150321.18,81653.19,2227992.6,-2159324.61,105776.12,0.0262,11096.83,0.0245,66,4.18,405,7.4,0.9632,0.9644,12,21.5,0
2025-06,Retail,Busan,App,E-Office,VIP,9118,0.02593,236,300,0.02948,8,5,59052.5,295262.51,189685.97,105576.54,104445.21,1157423.25,-1156291.92,36907.81,0.02,5915.95,0.0252,44,4.4,904,5.4,0.9177,0.951,0,32.5,0
2025-06,Retail,Busan,App,F-Outdoor,Mass,9774,0.02768,270,337,0.0159,5,6,67769.72,406618.29,252078.32,154539.97,130569.87,1399239.49,-1375269.39,81323.66,0.0605,24597.9,0.0412,37,3.77,593,4.6,0.937,0.9475,7,38.7,0
2025-06,Retail,Busan,App,F-Outdoor,Affinity,12007,0.01921,230,275,0.03309,9,15,67634.94,1014524.04,587707.02,426817.02,146631.75,773540.03,-493354.75,112724.89,0.0327,33146.5,0.025,40,3.51,55,8.6,0.9387,0.9609,14,32.9,0
2025-06,Retail,Busan,App,F-Outdoor,VIP,10423,0.02648,275,319,0.02545,8,8,62448.84,499590.72,311977.96,187612.77,83573.59,1726548.79,-1622509.6,62448.84,0.0326,16278.31,0.0217,61,4.13,482,6.2,1.0,0.9106,5,43.3,1
2025-06,Online,Seoul,Direct,A-Standard,Mass,16181,0.02689,435,502,0.02494,12,14,30067.77,420948.72,279493.31,141455.41,129764.42,1646241.78,-1634550.79,35079.06,0.0467,19658.78,0.0357,56,4.66,771,9.3,1.0,0.911,21,20.2,2
2025-06,Online,Seoul,Direct,A-Standard,Affinity,13781,0.02983,411,487,0.02431,11,10,30636.27,306362.67,205092.97,101269.7,194432.79,92915.53,-186078.62,27851.15,0.0218,6674.05,0.0397,44,3.94,694,12.4,0.9489,0.9111,11,26.6,0
2025-06,Online,Seoul,Direct,A-Standard,VIP,14974,0.0176,263,332,0.02963,9,11,29359.75,322957.24,212913.3,110043.94,166495.26,2519723.43,-2576174.75,35884.14,0.0502,16202.68,0.0258,38,4.42,816,4.6,0.9534,0.8782,24,32.3,0
2025-06,Online,Seoul,Direct,B-Pro,Mass,16058,0.01705,273,287,0.02376,6,8,45912.69,367301.51,240853.78,126447.73,150476.31,1732451.88,-1756480.46,61216.92,0.058,21287.97,0.045,43,4.42,1089,10.4,0.911,0.9389,5,17.5,0
2025-06,Online,Seoul,Direct,B-Pro,Affinity,18793,0.02413,453,543,0.02779,15,24,44261.02,1062264.41,710561.44,351702.97,250533.96,174952.41,-73783.41,70817.63,0.0215,22849.5,0.0368,30,4.46,446,6.9,0.977,0.9291,10,36.9,1
2025-06,Online,Seoul,Direct,B-Pro,VIP,17404,0.02879,501,635,0.01498,9,16,43289.06,692624.93,462545.63,230079.3,123628.0,341880.31,-235429.0,76958.33,0.0192,13327.32,0.0434,28,4.56,894,5.0,0.9926,0.9076,7,27.2,3
2025-06,Online,Seoul,Direct,C-Ultra,Mass,16098,0.02516,405,513,0.02814,14,27,73164.76,1975448.48,1201794.76,773653.71,212909.53,1778248.82,-1217504.64,141103.46,0.0228,45003.66,0.0423,61,4.38,222,3.3,0.9469,0.8993,11,25.9,0
2025-06,Online,Seoul,Direct,C-Ultra,Affinity,13453,0.02694,362,445,0.0272,12,15,70261.45,1053921.72,627164.68,426757.04,145751.58,1908776.77,-1627771.31,87826.81,0.0323,34086.83,0.0504,56,4.72,360,5.8,0.9863,0.9211,8,18.2,1
2025-06,Online,Seoul,Direct,C-Ultra,VIP,19918,0.02748,547,692,0.03349,23,37,69584.42,2574623.68,1615281.35,959342.33,235829.76,1037390.84,-313878.27,111940.16,0.0523,134744.67,0.0256,21,3.74,535,5.3,0.9254,0.985,10,32.2,0
2025-06,Online,Seoul,Direct,D-Home,Mass,12876,0.02033,261,296,0.0245,7,12,54390.96,652691.54,430248.97,222442.58,140962.42,1142536.89,-1061056.73,93241.65,0.0504,32908.62,0.0416,35,3.87,762,2.6,0.9595,0.9777,10,46.6,2
2025-06,Online,Seoul,Direct,D-Home,Affinity,17307,0.01829,316,389,0.02167,8,8,57024.75,456198.01,282113.53,174084.48,136769.18,775869.56,-738554.25,57024.75,0.014,6373.69,0.0368,36,5.0,814,8.0,0.9448,0.8568,10,36.1,0
2025-06,Online,Seoul,Direct,D-Home,VIP,13747,0.02264,311,348,0.02453,8,15,56821.64,852324.53,559706.45,292618.08,90803.35,223018.27,-21203.54,106540.57,0.0389,33155.59,0.0158,42,4.54,170,5.9,0.9557,0.9529,12,45.5,1
2025-06,Online,Seoul,Direct,E-Office,Mass,19289,0.03523,679,782,0.01863,14,12,58891.49,706697.86,453287.45,253410.41,167349.21,1700509.19,-1614447.99,50478.42,0.0419,29614.95,0.0243,26,4.74,799,9.9,0.9799,0.9685,9,37.7,0
2025-06,Online,Seoul,Direct,E-Office,Affinity,12118,0.02157,261,309,0.02116,6,8,60557.39,484459.08,306026.82,178432.27,122061.49,1788986.49,-1732615.72,80743.18,0.0223,10798.87,0.0307,69,4.44,496,8.7,0.9776,0.8477,4,33.2,3
2025-06,Online,Seoul,Direct,E-Office,VIP,14399,0.02885,415,448,0.02629,11,16,57365.4,917846.34,554702.22,363144.12,188386.47,2414034.3,-2239276.65,83440.58,0.0369,33827.77,0.0156,46,4.03,1036,8.2,1.0,0.9686,0,25.9,2
2025-06,Online,Seoul,Direct,F-Outdoor,Mass,15224,0.02444,372,465,0.02375,11,16,63926.21,1022819.38,598300.77,424518.61,140420.48,1025041.51,-740943.38,92983.58,0.0228,23291.78,0.0374,62,4.06,979,8.2,0.9583,0.9273,15,33.2,1
2025-06,Online,Seoul,Direct,F-Outdoor,Affinity,19499,0.02353,458,490,0.02551,12,14,62597.6,876366.36,530887.72,345478.64,175298.7,1067443.97,-897264.03,73030.53,0.0785,68805.3,0.0199,54,4.56,783,6.1,0.967,0.9248,12,30.4,1
2025-06,Online,Seoul,Direct,F-Outdoor,VIP,16000,0.02299,367,413,0.02517,10,18,68013.95,1224251.13,778251.86,445999.27,195421.3,3065583.67,-2815005.7,122425.11,0.0679,83106.82,0.0401,31,3.9,747,6.8,0.9732,0.9999,15,49.7,1
2025-06,Online,Seoul,Partner,A-Standard,Mass,16670,0.01974,328,362,0.02825,10,13,31239.7,406116.15,264668.25,141447.9,175039.55,2614353.93,-2647945.57,40611.62,0.038,15431.65,0.0457,48,4.78,540,8.7,0.9912,1.0,1,22.5,0
2025-06,Online,Seoul,Partner,A-Standard,Affinity,15218,0.02564,390,415,0.02671,11,18,29320.52,527769.35,369274.75,158494.6,243817.3,2451692.41,-2537015.11,47979.03,0.0515,27154.0,0.0348,63,4.16,978,6.1,0.9185,0.9965,15,32.6,0
2025-06,Online,Seoul,Partner,A-Standard,VIP,11259,0.02846,320,380,0.02387,9,9,30554.89,274994.04,178328.15,96665.89,144204.19,1796394.28,-1843932.58,30554.89,0.0336,9242.84,0.0407,30,4.8,1069,7.6,0.944,0.9962,28,20.5,0
2025-06,Online,Seoul,Partner,B-Pro,Mass,9324,0.02529,235,255,0.0256,6,6,46135.01,276810.09,174580.94,102229.15,128246.89,2288091.19,-2314108.93,46135.01,0.0288,7961.79,0.0516,37,4.44,584,6.8,0.9597,0.8641,10,34.9,2
2025-06,Online,Seoul,Partner,B-Pro,Affinity,12915,0.02137,276,338,0.01938,6,5,45974.99,229874.96,143073.22,86801.73,98077.48,1765722.8,-1776998.54,38312.49,0.011,2526.07,0.0561,33,3.8,685,7.1,0.921,0.9524,10,20.5,0
2025-06,Online,Seoul,Partner,B-Pro,VIP,15507,0.02706,419,467,0.02656,12,10,46172.75,461727.5,297295.06,164432.44,109511.22,2658898.25,-2603977.02,38477.29,0.0364,16785.98,0.0176,31,4.37,1021,7.1,0.9223,0.9207,16,24.3,0
2025-06,Online,Seoul,Partner,C-Ultra,Mass,13554,0.01368,185,208,0.03228,6,8,69853.26,558826.1,347417.58,211408.52,122691.17,2968799.84,-2880082.49,93137.68,0.0131,7343.85,0.0188,42,3.53,879,6.1,0.9633,0.9698,8,23.0,1
2025-06,Online,Seoul,Partner,C-Ultra,Affinity,11033,0.02662,293,345,0.02325,8,4,67085.63,268342.53,154538.62,113803.91,135702.1,1498657.6,-1520555.79,33542.82,0.0518,13903.22,0.0256,51,3.88,1177,8.4,0.9547,0.8497,0,24.8,0
2025-06,Online,Seoul,Partner,C-Ultra,VIP,13019,0.02328,303,339,0.03103,10,11,68593.43,754527.73,450231.5,304296.23,144374.41,1720253.85,-1560332.03,75452.77,0.0636,47961.48,0.0194,59,4.36,866,7.1,0.9192,0.9929,13,31.2,0
2025-06,Online,Seoul,Partner,D-Home,Mass,12548,0.02517,315,371,0.023,8,9,52820.38,475383.45,288371.95,187011.5,102393.85,2300241.51,-2215623.86,59422.93,0.0366,17379.67,0.0366,41,4.1,894,10.2,0.9262,0.9195,26,36.3,2
2025-06,Online,Seoul,Partner,D-Home,Affinity,14612,0.02077,303,399,0.03267,13,16,55818.83,893101.33,579641.16,313460.17,181448.41,2649858.68,-2517846.92,68700.1,0.0263,23512.79,0.0396,52,4.45,573,5.5,1.0,1.0,20,16.6,0
2025-06,Online,Seoul,Partner,D-Home,VIP,13934,0.02754,383,475,0.0377,17,20,53170.55,1063410.96,717029.63,346381.33,124191.51,2302348.71,-2080158.89,62553.59,0.0244,25970.29,0.0254,38,4.27,793,6.0,0.9566,0.9362,4,18.2,0
2025-06,Online,Seoul,Partner,E-Office,Mass,12449,0.02779,345,404,0.0254,10,13,59574.59,774469.62,475103.07,299366.54,139955.14,733175.96,-573764.56,77446.96,0.0336,26040.84,0.0182,39,4.64,297,11.8,0.9095,0.9546,13,35.8,3
2025-06,Online,Seoul,Partner,E-Office,Affinity,14346,0.02225,319,378,0.03672,13,15,60520.63,907809.5,586095.01,321714.49,195059.05,2467604.41,-2340948.96,69831.5,0.0508,46135.59,0.026,52,4.12,383,10.1,0.9861,0.8683,20,22.7,0
2025-06,Online,Seoul,Partner,E-Office,VIP,9942,0.02269,225,243,0.03097,7,10,58004.33,580043.27,372286.2,207757.06,111464.86,2583904.07,-2487611.87,82863.32,0.0059,3446.7,0.0235,20,4.05,532,10.6,0.8969,0.9137,14,28.6,1
2025-06,Online,Seoul,Partner,F-Outdoor,Mass,11679,0.01744,203,270,0.02714,7,13,62048.76,806633.86,519654.56,286979.3,90896.74,1705523.95,-1509441.39,115233.41,0.0274,22140.0,0.0344,41,4.01,872,4.0,0.9629,0.9289,14,40.3,0
2025-06,Online,Seoul,Partner,F-Outdoor,Affinity,12998,0.02457,319,408,0.02115,8,16,67964.81,1087436.98,703381.07,384055.91,158200.95,686098.55,-460243.58,135929.62,0.0,0.0,0.0454,19,4.49,619,9.1,0.9794,0.8834,16,36.8,0
2025-06,Online,Seoul,Partner,F-Outdoor,VIP,14510,0.02907,421,551,0.03416,18,26,63351.5,1647138.96,1052020.57,595118.39,167669.63,922665.62,-495216.86,91507.72,0.0424,69767.66,0.0327,49,3.97,453,8.6,0.9794,0.9273,18,15.8,2
2025-06,Online,Seoul,Marketplace,A-Standard,Mass,17686,0.01724,304,355,0.01863,6,6,30396.47,182378.85,129063.69,53315.16,94443.63,2618016.99,-2659145.46,30396.47,0.0206,3762.91,0.0151,56,3.82,650,10.2,0.957,0.8982,22,20.2,3
2025-06,Online,Seoul,Marketplace,A-Standard,Affinity,22258,0.03258,725,894,0.02943,26,35,29483.86,1031934.97,730351.56,301583.41,349300.06,571171.53,-618888.18,39689.81,0.04,41269.79,0.0281,29,4.52,986,7.6,0.9879,0.9411,5,24.8,1
2025-06,Online,Seoul,Marketplace,A-Standard,VIP,18358,0.03528,647,818,0.03066,25,51,31130.06,1587633.18,1055940.83,531692.34,307075.17,1736502.17,-1511884.99,63505.33,0.0392,62235.02,0.0165,16,4.49,743,6.4,0.9836,1.0,18,45.3,0
2025-06,Online,Seoul,Marketplace,B-Pro,Mass,20411,0.0233,475,538,0.02358,12,15,43957.13,659356.94,433572.73,225784.21,116770.73,1637922.09,-1528908.61,54946.41,0.0363,23903.76,0.0392,47,3.97,470,8.1,0.9686,0.9396,7,32.6,0
2025-06,Online,Seoul,Marketplace,B-Pro,Affinity,19720,0.02378,468,534,0.01885,10,14,46671.01,653394.11,424482.36,228911.74,233709.89,448234.58,-453032.73,65339.41,0.013,8462.39,0.0217,39,4.69,492,5.7,0.9323,0.8898,16,23.9,1
2025-06,Online,Seoul,Marketplace,B-Pro,VIP,22914,0.02619,600,771,0.02944,22,35,44871.21,1570492.47,970749.84,599742.63,244356.14,1229263.74,-873877.25,71386.02,0.0169,26597.07,0.0299,36,3.63,614,3.9,0.9351,0.8689,8,17.8,0
2025-06,Online,Seoul,Marketplace,C-Ultra,Mass,16666,0.01816,302,387,0.02236,8,9,66919.87,602278.83,342730.83,259547.99,186915.69,2728974.7,-2656342.4,75284.85,0.0334,20086.56,0.0204,34,4.21,707,7.9,0.9577,0.8953,12,35.3,0
2025-06,Online,Seoul,Marketplace,C-Ultra,Affinity,20451,0.01904,389,440,0.02609,11,17,71009.2,1207156.4,703470.86,503685.54,222003.16,2434922.32,-2153239.94,109741.49,0.0231,27912.48,0.0244,30,4.31,252,4.4,0.9536,0.9889,19,38.9,2
2025-06,Online,Seoul,Marketplace,C-Ultra,VIP,15831,0.02966,469,525,0.03169,16,19,69155.95,1313963.06,784776.67,529186.39,239138.24,2262122.2,-1972074.06,82122.69,0.0759,99705.95,0.0311,49,4.68,891,6.2,0.98,0.9467,13,20.2,1
2025-06,Online,Seoul,Marketplace,D-Home,Mass,29417,0.01837,540,592,0.01377,8,8,53785.75,430286.0,265983.44,164302.56,176037.35,645214.68,-656949.48,53785.75,0.062,26692.43,0.0556,30,5.0,472,9.5,0.9445,0.931,11,25.4,1
2025-06,Online,Seoul,Marketplace,D-Home,Affinity,22616,0.02568,580,679,0.03402,23,39,55475.34,2163538.18,1387271.05,776267.14,322664.98,813860.66,-360258.5,94066.88,0.0333,72108.89,0.0401,48,4.23,576,7.4,0.9146,0.9675,12,24.1,0
2025-06,Online,Seoul,Marketplace,D-Home,VIP,24404,0.03604,879,960,0.032,30,26,52607.54,1367796.12,856046.7,511749.42,311823.04,1932156.45,-1732230.07,45593.2,0.0454,62133.92,0.0142,59,4.33,417,9.1,0.9649,0.9537,22,31.5,1
2025-06,Online,Seoul,Marketplace,E-Office,Mass,24709,0.01619,399,483,0.02096,10,16,61577.75,985244.08,592896.9,392347.18,186696.65,382632.86,-176982.32,98524.41,0.026,25626.17,0.0545,33,4.53,849,5.7,0.9836,0.9314,13,28.9,0
2025-06,Online,Seoul,Marketplace,E-Office,Affinity,15698,0.02349,368,463,0.02726,12,15,57737.44,866061.64,564277.46,301784.18,179070.91,2288805.15,-2166091.88,72171.8,0.0295,25511.78,0.0412,33,3.98,704,7.5,0.9943,0.964,6,36.8,1
2025-06,Online,Seoul,Marketplace,E-Office,VIP,20731,0.01758,364,426,0.02822,12,24,59242.38,1421817.13,848523.4,573293.73,254295.32,2350213.54,-2031215.13,118484.76,0.0414,58852.03,0.0283,24,4.21,789,5.6,0.9364,0.9638,18,37.6,0
2025-06,Online,Seoul,Marketplace,F-Outdoor,Mass,18107,0.02954,534,621,0.03341,20,25,63343.35,1583583.75,940887.91,642695.84,218115.21,707870.8,-283290.18,79179.19,0.0451,71473.57,0.0427,42,4.44,391,8.4,0.9683,0.888,13,22.7,0
2025-06,Online,Seoul,Marketplace,F-Outdoor,Affinity,19400,0.02533,491,619,0.02895,17,24,66936.27,1606470.43,987917.5,618552.93,207807.09,1834063.38,-1423317.54,94498.26,0.0396,63593.7,0.032,59,3.81,1126,6.8,0.9537,0.8734,11,25.5,0
2025-06,Online,Seoul,Marketplace,F-Outdoor,VIP,20744,0.01552,321,346,0.04118,14,13,63569.9,826408.73,512807.86,313600.87,163272.49,2070670.07,-1920341.69,59029.2,0.058,47911.88,0.0269,48,4.35,217,8.4,0.9239,0.892,6,17.0,0
2025-06,Online,Seoul,App,A-Standard,Mass,12850,0.02489,319,349,0.01951,6,11,31419.96,345619.61,234441.53,111178.08,123987.12,758939.24,-771748.29,57603.27,0.0361,12477.19,0.0333,22,4.06,1093,7.1,0.9532,0.8999,16,27.9,0
2025-06,Online,Seoul,App,A-Standard,Affinity,12903,0.02106,271,286,0.03721,10,14,30413.33,425786.64,289044.52,136742.12,142652.27,1204419.06,-1210329.22,42578.66,0.0295,12569.42,0.0194,40,4.12,747,2.0,0.9992,0.8729,21,24.5,3
2025-06,Online,Seoul,App,A-Standard,VIP,15283,0.01575,240,283,0.02747,7,7,28556.84,199897.9,139920.33,59977.57,171246.9,2601379.28,-2712648.61,28556.84,0.0382,7633.25,0.0162,55,4.23,1213,5.7,0.9477,0.9277,5,32.5,0
2025-06,Online,Seoul,App,B-Pro,Mass,9570,0.02347,224,278,0.02463,6,8,46343.23,370745.86,251237.83,119508.03,113956.65,2768455.07,-2762903.69,61790.98,0.0258,9562.94,0.0256,53,4.12,532,7.3,1.0,0.8978,2,25.9,0
2025-06,Online,Seoul,App,B-Pro,Affinity,13309,0.02358,313,368,0.02635,9,13,46849.51,609043.58,412353.74,196689.84,136706.47,1293128.02,-1233144.65,67671.51,0.0246,14981.57,0.0367,48,4.48,146,8.5,0.9669,0.844,12,15.3,0
2025-06,Online,Seoul,App,B-Pro,VIP,15634,0.02583,403,502,0.03678,18,33,43614.58,1439281.25,932000.83,507280.42,103993.58,1195521.85,-792235.01,79960.07,0.0489,70342.8,0.0194,40,4.42,1278,8.4,0.9524,0.9287,9,36.3,2
2025-06,Online,Seoul,App,C-Ultra,Mass,15085,0.02885,435,515,0.02091,10,13,69102.57,898333.46,506748.47,391584.99,177230.54,1719049.2,-1504694.75,89833.35,0.0248,22297.64,0.0444,40,3.91,813,6.8,0.8438,0.9337,16,26.3,0
2025-06,Online,Seoul,App,C-Ultra,Affinity,11548,0.03109,359,399,0.02258,9,13,72968.13,948585.73,585234.73,363351.0,154535.92,282419.35,-73604.27,105398.41,0.0,0.0,0.0274,55,3.27,645,5.1,0.9298,0.9157,19,37.5,3
2025-06,Online,Seoul,App,C-Ultra,VIP,17250,0.02821,486,639,0.03621,23,26,69961.09,1818988.24,1131449.68,687538.56,273667.41,1500157.78,-1086286.64,79086.45,0.035,63664.98,0.0315,55,4.95,526,6.3,0.9435,0.9715,1,26.4,0
2025-06,Online,Seoul,App,D-Home,Mass,13031,0.01446,188,243,0.0345,8,8,54240.69,433925.54,273469.57,160455.97,56244.36,150761.87,-46550.26,54240.69,0.0506,21943.23,0.013,22,3.83,487,9.0,0.9667,0.8714,12,17.3,0
2025-06,Online,Seoul,App,D-Home,Affinity,12275,0.02922,358,384,0.02434,9,13,53340.15,693422.01,445473.19,247948.83,163166.73,2289097.5,-2204315.4,77046.89,0.0324,22469.73,0.0306,36,5.0,655,9.3,0.9572,0.9597,10,22.3,0
2025-06,Online,Seoul,App,D-Home,VIP,14407,0.02487,358,417,0.02625,10,13,57468.86,747095.22,470127.11,276968.11,120422.63,239131.31,-82585.83,74709.52,0.0332,24818.48,0.0279,14,4.21,941,6.5,0.9278,0.9083,11,23.6,2
2025-06,Online,Seoul,App,E-Office,Mass,15820,0.03441,544,700,0.02424,16,21,58635.09,1231336.94,762342.93,468994.01,190343.77,1671779.06,-1393128.82,76958.56,0.0183,22578.0,0.0436,51,3.82,508,8.1,0.9657,0.8562,10,26.6,1
2025-06,Online,Seoul,App,E-Office,Affinity,14673,0.02082,305,322,0.03046,9,10,60832.71,608327.09,374610.96,233716.13,146271.27,308327.17,-220882.31,67591.9,0.0128,7797.36,0.0272,47,3.77,16,8.8,0.9472,0.9124,21,32.4,2
2025-06,Online,Seoul,App,E-Office,VIP,14725,0.03513,517,582,0.02774,16,26,62953.54,1636792.05,1017268.57,619523.48,141534.45,3075858.49,-2597869.46,102299.5,0.0253,41358.28,0.0235,34,4.21,674,7.9,0.9691,0.9063,11,35.4,4
2025-06,Online,Seoul,App,F-Outdoor,Mass,17548,0.03689,647,822,0.01534,12,19,64646.64,1228286.17,713717.73,514568.44,264162.71,2532346.13,-2281940.4,102357.18,0.0428,52616.05,0.0421,34,3.53,681,3.0,0.9504,1.0,15,30.0,2
2025-06,Online,Seoul,App,F-Outdoor,Affinity,19200,0.02242,430,488,0.03126,15,23,68167.81,1567859.72,954693.37,613166.35,244846.4,910094.53,-541774.59,104523.98,0.0258,40516.71,0.0435,42,4.39,777,6.9,0.9283,0.9271,10,26.4,2
2025-06,Online,Seoul,App,F-Outdoor,VIP,14859,0.02479,368,477,0.03907,18,15,65444.63,981669.42,571824.95,409844.47,89609.64,2425349.25,-2105114.43,54537.19,0.0283,27786.24,0.0203,40,4.27,333,7.6,0.9766,0.9234,22,37.9,1
2025-06,Online,Busan,Direct,A-Standard,Mass,12106,0.03184,385,463,0.02374,10,18,29225.89,526065.96,359168.42,166897.54,138924.13,758591.82,-730618.42,52606.6,0.002,1044.67,0.0303,49,3.85,439,5.2,0.9336,0.9473,11,32.1,0
2025-06,Online,Busan,Direct,A-Standard,Affinity,12844,0.03496,449,594,0.02895,17,23,29467.71,677757.22,462136.07,215621.15,137321.6,2703668.91,-2625369.36,39868.07,0.0475,32206.69,0.0311,35,4.42,792,6.0,0.9646,0.9021,18,23.1,1
2025-06,Online,Busan,Direct,A-Standard,VIP,12508,0.02329,291,350,0.02839,9,9,29073.4,261660.59,182420.75,79239.84,172437.54,2867006.28,-2960203.98,29073.4,0.0298,7808.0,0.0058,44,4.7,502,7.8,0.9023,0.8882,24,33.1,4
2025-06,Online,Busan,Direct,B-Pro,Mass,14087,0.03003,423,460,0.02454,11,18,42963.23,773338.06,499432.04,273906.02,132445.41,2931056.01,-2789595.4,70303.46,0.042,32487.08,0.0484,48,3.77,784,6.2,0.9173,1.0,13,24.0,1
2025-06,Online,Busan,Direct,B-Pro,Affinity,11071,0.02682,296,365,0.02074,7,10,45553.6,455535.95,298747.41,156788.55,117455.87,2094114.64,-2054781.97,65076.56,0.032,14574.54,0.0374,42,4.33,537,6.1,0.9751,0.9554,9,23.4,3
2025-06,Online,Busan,Direct,B-Pro,VIP,10430,0.02486,259,278,0.03021,8,11,43136.64,474503.0,298797.86,175705.14,130108.86,1491566.38,-1445970.1,59312.88,0.0547,25971.7,0.0213,30,4.25,281,9.1,0.9395,0.9327,9,23.2,0
2025-06,Online,Busan,Direct,C-Ultra,Mass,10483,0.01409,147,188,0.0308,5,5,71868.66,359343.29,222746.06,136597.23,105149.88,2767818.22,-2736370.87,71868.66,0.033,11871.88,0.0276,34,4.04,377,2.4,0.9832,0.9032,15,21.5,0
2025-06,Online,Busan,Direct,C-Ultra,Affinity,12961,0.0262,339,392,0.01854,7,8,72646.45,581171.56,329368.28,251803.29,106821.72,2632147.68,-2487166.12,83024.51,0.0183,10624.93,0.0141,33,4.17,504,9.6,0.9381,0.8703,9,22.3,4
2025-06,Online,Busan,Direct,C-Ultra,VIP,11034,0.02754,303,373,0.02822,10,16,70025.88,1120414.16,645357.42,475056.74,102061.79,3009593.95,-2636599.01,112041.42,0.0318,35656.44,0.0317,32,3.95,992,6.8,0.9333,0.8675,13,31.4,1
2025-06,Online,Busan,Direct,D-Home,Mass,16171,0.01824,294,379,0.01875,7,4,56451.98,225807.93,146877.04,78930.88,156115.48,2740517.15,-2817701.75,32258.28,0.0378,8531.37,0.0231,53,4.28,571,7.4,0.9458,0.8784,23,34.0,2
2025-06,Online,Busan,Direct,D-Home,Affinity,14120,0.02467,348,444,0.0304,13,20,53666.43,1073328.69,711735.39,361593.3,206512.67,2686144.33,-2531063.7,82563.75,0.064,68701.77,0.0335,32,4.8,829,8.2,0.9536,0.9727,24,28.4,4
2025-06,Online,Busan,Direct,D-Home,VIP,9591,0.03321,318,345,0.03026,10,14,55146.9,772056.56,476630.04,295426.53,116686.37,377538.75,-198798.6,77205.66,0.048,37072.5,0.0305,35,4.27,493,6.0,0.9556,0.9476,18,36.0,3
2025-06,Online,Busan,Direct,E-Office,Mass,13234,0.01888,249,275,0.02144,5,5,58342.66,291713.31,185546.97,106166.33,113746.91,2617409.21,-2624989.78,58342.66,0.0383,11158.14,0.0503,46,3.93,780,5.5,0.9409,0.98,15,29.7,0
2025-06,Online,Busan,Direct,E-Office,Affinity,11217,0.02849,319,385,0.01682,6,8,60680.03,485440.27,290251.73,195188.54,124603.38,2699578.41,-2628993.25,80906.71,0.0416,20185.78,0.0272,40,4.2,611,8.5,0.9649,0.9452,11,23.9,0
2025-06,Online,Busan,Direct,E-Office,VIP,12708,0.02712,344,449,0.03724,16,18,58251.08,1048519.44,662059.28,386460.15,161058.9,355976.37,-130575.12,65532.46,0.06,62873.66,0.0145,33,3.77,503,9.0,0.9534,0.9628,18,35.8,0
2025-06,Online,Busan,Direct,F-Outdoor,Mass,12550,0.0273,342,442,0.02385,10,13,67971.6,883630.75,517939.82,365690.93,83415.97,2443966.58,-2161691.62,88363.07,0.0621,54863.2,0.0439,34,4.03,255,6.0,1.0,0.9873,8,31.9,1
2025-06,Online,Busan,Direct,F-Outdoor,Affinity,9416,0.02406,226,259,0.02121,5,5,67166.29,335831.46,193515.32,142316.15,120877.27,2405348.84,-2383909.96,67166.29,0.041,13758.63,0.0326,49,4.97,326,5.0,0.9309,0.924,18,14.4,5
2025-06,Online,Busan,Direct,F-Outdoor,VIP,11326,0.02009,227,269,0.02911,7,10,67716.01,677160.09,395395.16,281764.92,155122.66,2036824.89,-1910182.63,96737.16,0.0164,11103.95,0.0316,48,3.8,666,7.8,0.9486,0.9272,19,18.0,0
2025-06,Online,Busan,Partner,A-Standard,Mass,9559,0.0348,332,431,0.0219,9,8,29408.08,235264.65,155617.86,79646.8,147896.55,2424948.99,-2493198.74,26140.52,0.053,12462.4,0.045,55,3.62,578,5.4,0.9757,0.9245,14,29.7,3
2025-06,Online,Busan,Partner,A-Standard,Affinity,10439,0.02209,230,305,0.02806,8,8,29036.19,232289.49,152444.34,79845.15,109436.53,2092213.52,-2121804.9,29036.19,0.0408,9468.26,0.0146,45,4.05,605,6.3,0.9124,0.951,28,18.8,3
2025-06,Online,Busan,Partner,A-Standard,VIP,13009,0.02781,361,387,0.04038,15,24,31108.1,746594.41,512510.1,234084.31,134480.15,421420.58,-321816.42,49772.96,0.0414,30914.8,0.0241,49,4.2,938,4.1,0.9194,0.9616,15,26.0,0
2025-06,Online,Busan,Partner,B-Pro,Mass,9246,0.02496,230,295,0.01665,4,2,44858.26,89716.52,60951.27,28765.25,65279.67,684427.85,-720942.26,22429.13,0.0411,3691.12,0.026,35,4.19,573,4.6,1.0,0.9118,18,30.0,0
2025-06,Online,Busan,Partner,B-Pro,Affinity,12013,0.02406,289,330,0.02499,8,9,45530.84,409777.58,271564.96,138212.62,100132.14,2448769.66,-2410689.18,51222.2,0.0495,20297.28,0.0108,31,4.48,949,10.7,0.9535,0.9616,20,30.0,0
2025-06,Online,Busan,Partner,B-Pro,VIP,8871,0.01374,121,143,0.02734,3,3,43544.7,130634.11,85207.67,45426.44,80146.31,3015451.79,-3050171.66,43544.7,0.0309,4034.05,0.0323,45,4.28,626,5.3,0.9291,0.9193,18,37.2,1
2025-06,Online,Busan,Partner,C-Ultra,Mass,10879,0.0129,140,169,0.01543,2,1,69918.42,69918.42,40623.04,29295.39,82696.25,1124600.73,-1178001.59,34959.21,0.031,2165.27,0.0308,56,3.95,631,5.9,0.9859,0.9344,8,38.3,0
2025-06,Online,Busan,Partner,C-Ultra,Affinity,9945,0.02236,222,243,0.02103,5,7,69322.22,485255.54,307754.44,177501.1,123535.35,1660684.12,-1606718.37,97051.11,0.0436,21140.32,0.038,34,4.07,863,6.7,0.9439,0.8401,21,29.4,2
2025-06,Online,Busan,Partner,C-Ultra,VIP,13322,0.03193,425,488,0.03656,17,16,71966.83,1151469.33,710642.26,440827.07,98633.17,2626389.83,-2284195.93,67733.49,0.0441,50723.32,0.0283,22,4.56,932,9.5,0.9821,0.9374,7,24.8,0
2025-06,Online,Busan,Partner,D-Home,Mass,8570,0.03236,277,305,0.02954,9,12,54046.23,648554.77,427205.03,221349.74,133817.4,1059417.3,-971884.96,72061.64,0.0437,28352.88,0.0371,19,5.0,367,11.6,0.9956,0.9097,10,40.5,2
2025-06,Online,Busan,Partner,D-Home,Affinity,9132,0.02608,238,307,0.03928,12,20,56050.15,1121002.92,683425.97,437576.95,80864.57,1805417.08,-1448704.7,93416.91,0.0172,19274.75,0.0385,43,4.46,720,8.2,0.9272,0.953,4,29.4,2
2025-06,Online,Busan,Partner,D-Home,VIP,9931,0.01383,137,180,0.04174,7,8,54592.44,436739.55,275707.05,161032.5,101649.97,2556779.9,-2497397.37,62391.36,0.0494,21582.54,0.0364,80,4.33,583,3.5,0.934,0.9384,15,33.7,0
2025-06,Online,Busan,Partner,E-Office,Mass,9335,0.02442,227,295,0.03446,10,16,60338.71,965419.31,617442.09,347977.21,99440.59,1194704.07,-946167.45,96541.93,0.0428,41338.26,0.0431,38,4.48,614,6.7,0.977,0.9842,2,31.0,1
2025-06,Online,Busan,Partner,E-Office,Affinity,9519,0.024,228,257,0.03051,7,7,58295.15,408066.04,259458.37,148607.67,107485.84,1158596.2,-1117474.37,58295.15,0.0298,12147.02,0.0474,33,3.83,351,5.2,0.9136,0.9183,19,34.9,0
2025-06,Online,Busan,Partner,E-Office,VIP,9912,0.02552,252,282,0.02041,5,6,60682.63,364095.79,213384.56,150711.23,72947.24,1930841.98,-1853077.99,72819.16,0.0275,10025.47,0.039,35,4.41,771,6.3,0.9504,0.9021,18,29.3,1
2025-06,Online,Busan,Partner,F-Outdoor,Mass,11038,0.01158,127,158,0.02442,3,2,66313.57,132627.14,84187.05,48440.1,65310.43,857753.01,-874623.35,44209.05,0.0433,5738.21,0.0286,37,4.77,756,6.8,0.9544,0.9322,18,27.5,0
2025-06,Online,Busan,Partner,F-Outdoor,Affinity,13130,0.02481,325,372,0.02941,10,7,66139.54,462976.81,283304.06,179672.75,168923.51,332995.76,-322246.53,46297.68,0.0347,16068.08,0.0552,49,4.33,978,6.5,0.962,0.9798,11,7.8,0
2025-06,Online,Busan,Partner,F-Outdoor,VIP,12226,0.03266,399,433,0.03906,16,22,65790.45,1447389.96,918667.54,528722.42,130359.95,1071483.03,-673120.55,90461.87,0.0146,21199.11,0.0152,46,3.97,574,6.2,0.9305,0.9873,6,23.0,0
2025-06,Online,Busan,Marketplace,A-Standard,Mass,14366,0.03074,441,529,0.02656,14,21,30564.96,641864.09,443842.43,198021.66,98896.97,2722572.63,-2623447.93,45847.44,0.0229,14702.28,0.0348,42,4.34,572,5.2,0.9536,0.9066,17,24.2,2
2025-06,Online,Busan,Marketplace,A-Standard,Affinity,16506,0.02514,414,529,0.02824,14,8,30320.71,242565.7,162046.19,80519.51,231725.47,1670793.93,-1821999.89,17326.12,0.0547,13274.27,0.0272,36,4.29,845,7.2,0.9041,0.9093,17,29.3,0
2025-06,Online,Busan,Marketplace,A-Standard,VIP,14699,0.03216,472,577,0.02346,13,21,29852.77,626908.13,436421.89,190486.24,176017.48,1167557.17,-1153088.41,48223.7,0.0438,27455.5,0.0265,47,4.01,284,6.1,0.9976,0.9513,20,24.9,0
2025-06,Online,Busan,Marketplace,B-Pro,Mass,16545,0.02322,384,483,0.01942,9,6,42867.19,257203.14,160891.58,96311.56,126472.33,1966841.46,-1997002.23,28578.13,0.0459,11799.17,0.0449,51,4.28,465,7.3,0.9181,0.9437,10,27.2,2
2025-06,Online,Busan,Marketplace,B-Pro,Affinity,16379,0.02797,458,507,0.0226,11,16,45535.15,728562.32,466864.98,261697.34,215916.1,1119221.58,-1073440.35,66232.94,0.03,21878.48,0.0326,33,4.21,957,3.2,0.9385,0.9431,19,24.4,1
2025-06,Online,Busan,Marketplace,B-Pro,VIP,18412,0.03741,688,744,0.02478,18,22,44297.49,974544.72,617919.63,356625.09,258352.53,2148065.86,-2049793.31,54141.37,0.0582,56688.77,0.0307,36,4.91,1109,4.1,1.0,0.9873,5,26.3,1
2025-06,Online,Busan,Marketplace,C-Ultra,Mass,13761,0.01904,262,327,0.02736,8,11,71369.43,785063.74,484747.38,300316.36,99232.44,2345157.26,-2144073.34,98132.97,0.0409,32132.43,0.04,37,4.03,379,3.0,1.0,0.9669,15,17.4,1
2025-06,Online,Busan,Marketplace,C-Ultra,Affinity,14073,0.02624,369,488,0.02738,13,19,68787.01,1306953.22,790452.28,516500.94,181412.9,895539.94,-560451.9,100534.86,0.0457,59676.64,0.0392,76,4.64,491,5.8,0.9613,0.9753,0,29.3,0
2025-06,Online,Busan,Marketplace,C-Ultra,VIP,18614,0.03318,617,733,0.02766,20,26,72787.07,1892463.85,1194272.84,698191.01,246924.92,3025499.36,-2574233.27,94623.19,0.0252,47766.58,0.0323,18,4.38,1002,7.1,0.9889,0.9,13,19.2,0
2025-06,Online,Busan,Marketplace,D-Home,Mass,12757,0.02346,299,340,0.03301,11,17,54488.14,926298.4,592104.69,334193.7,116007.92,1786791.3,-1568605.51,84208.95,0.0,0.0,0.0374,49,4.51,459,6.3,0.9451,0.9344,18,45.7,0
2025-06,Online,Busan,Marketplace,D-Home,Affinity,15470,0.02497,386,416,0.0301,12,19,57726.95,1096812.13,676151.04,420661.09,212984.31,602109.17,-394432.4,91401.01,0.0361,39592.69,0.0383,49,3.86,901,6.0,0.9076,0.8798,17,30.6,2
2025-06,Online,Busan,Marketplace,D-Home,VIP,13638,0.02355,321,342,0.03152,10,13,52744.54,685679.08,431179.56,254499.52,147630.82,415368.93,-308500.23,68567.91,0.0286,19594.49,0.0334,62,4.45,489,4.7,0.9504,0.9002,7,33.1,4
2025-06,Online,Busan,Marketplace,E-Office,Mass,15824,0.02583,408,502,0.02512,12,15,61010.66,915159.94,548874.97,366284.97,170786.51,2895218.4,-2699719.94,76263.33,0.0157,14388.12,0.0544,38,4.59,815,8.0,0.9029,0.9045,20,10.2,5
2025-06,Online,Busan,Marketplace,E-Office,Affinity,14138,0.02403,339,416,0.03812,15,23,61098.88,1405274.32,866059.38,539214.93,124203.08,2163102.27,-1748090.42,93684.95,0.0355,49859.14,0.0379,33,4.04,208,2.0,0.9925,0.9491,11,27.0,0
2025-06,Online,Busan,Marketplace,E-Office,VIP,17267,0.02904,501,562,0.004,2,3,60397.71,181193.14,105610.99,75582.15,228070.88,1600152.01,-1752640.75,90596.57,0.03,5432.15,0.0649,36,4.69,395,6.9,0.9801,0.9417,11,9.4,3
2025-06,Online,Busan,Marketplace,F-Outdoor,Mass,19622,0.03011,590,676,0.01563,10,10,67098.41,670984.14,435258.12,235726.02,340036.81,1059499.24,-1163810.04,67098.41,0.0202,13532.67,0.041,53,4.7,359,9.6,0.9504,0.8973,16,21.8,0
2025-06,Online,Busan,Marketplace,F-Outdoor,Affinity,14445,0.03186,460,543,0.01724,9,9,66719.52,600475.69,375601.94,224873.75,234063.11,1052267.34,-1061456.7,66719.52,0.0678,40715.75,0.0283,42,3.89,372,5.1,0.9611,0.8925,13,25.1,3
2025-06,Online,Busan,Marketplace,F-Outdoor,VIP,17356,0.02195,380,464,0.02842,13,21,65464.77,1374760.1,811401.53,563358.57,101849.26,2246566.06,-1785056.75,105750.78,0.0686,94305.7,0.0468,64,4.49,71,8.4,0.9454,0.8728,12,37.9,1
2025-06,Online,Busan,App,A-Standard,Mass,12928,0.03157,408,465,0.02693,12,12,29727.86,356734.27,251310.44,105423.82,153015.04,142643.83,-190235.05,29727.86,0.0399,14229.47,0.0437,32,4.23,856,6.8,0.9518,0.947,3,30.5,0
2025-06,Online,Busan,App,A-Standard,Affinity,11296,0.01322,149,166,0.02081,3,6,30071.41,180428.44,126914.07,53514.37,43105.71,1299696.27,-1289287.61,60142.81,0.0205,3693.77,0.0207,35,3.98,530,2.0,0.9971,0.8867,3,31.5,0
2025-06,Online,Busan,App,A-Standard,VIP,12285,0.02123,260,288,0.03029,8,13,28727.28,373454.65,256533.98,116920.67,143985.71,269379.21,-296444.24,46681.83,0.0215,8037.18,0.0257,65,4.42,1058,6.1,0.9656,0.8377,19,31.1,1
2025-06,Online,Busan,App,B-Pro,Mass,9810,0.02806,275,305,0.02256,6,11,46253.86,508792.5,313115.64,195676.86,113030.55,1770096.92,-1687450.61,84798.75,0.0568,28890.82,0.043,59,4.03,878,6.9,0.9366,0.9322,10,33.9,1
2025-06,Online,Busan,App,B-Pro,Affinity,8689,0.03884,337,378,0.02419,9,7,43551.65,304861.55,188314.11,116547.44,120614.79,995023.58,-999090.94,33873.51,0.0142,4330.68,0.0397,33,4.55,577,5.2,0.9569,0.8973,13,31.1,0
2025-06,Online,Busan,App,B-Pro,VIP,9359,0.03556,332,439,0.02249,9,10,47062.21,470622.08,290678.75,179943.32,174241.26,1265760.88,-1260058.82,52291.34,0.0063,2981.66,0.0242,16,4.57,356,7.6,0.9915,0.9339,7,27.0,1
2025-06,Online,Busan,App,C-Ultra,Mass,11765,0.03299,388,463,0.02238,10,13,70914.95,921894.34,531491.81,390402.53,128985.73,1192751.42,-931334.62,92189.43,0.0208,19206.63,0.0257,31,4.0,763,7.3,0.9299,0.9377,1,25.6,2
2025-06,Online,Busan,App,C-Ultra,Affinity,12988,0.02643,343,379,0.02677,10,14,68802.96,963241.4,550191.15,413050.26,123537.96,1001493.0,-711980.7,96324.14,0.0333,32121.07,0.0362,42,4.62,668,12.6,0.9773,0.8816,14,29.5,0
2025-06,Online,Busan,App,C-Ultra,VIP,10431,0.01845,192,210,0.0289,6,10,71802.26,718022.58,438109.33,279913.25,95777.9,203860.41,-19725.06,119670.43,0.0624,44792.08,0.03,55,4.7,904,7.7,0.9343,0.8856,5,24.2,0
2025-06,Online,Busan,App,D-Home,Mass,11042,0.0291,321,347,0.01285,4,6,55498.17,332989.04,213630.56,119358.48,108550.73,1627601.38,-1616793.63,83247.26,0.0302,10049.92,0.0429,36,4.29,671,4.9,0.9653,0.9807,7,29.7,0
2025-06,Online,Busan,App,D-Home,Affinity,11375,0.02181,248,324,0.02987,9,7,54204.88,379434.18,232470.81,146963.37,69172.68,1177234.98,-1099444.29,42159.35,0.0432,16388.88,0.0387,47,4.64,517,8.9,0.9796,0.9365,10,22.5,1
2025-06,Online,Busan,App,D-Home,VIP,7354,0.02239,164,202,0.0185,3,2,54652.6,109305.21,69459.49,39845.72,65078.74,3007603.68,-3032836.7,36435.07,0.0546,5962.78,0.0284,28,4.21,534,6.8,0.9507,0.9056,3,27.9,2
2025-06,Online,Busan,App,E-Office,Mass,14372,0.02879,413,463,0.02232,10,16,57165.36,914645.71,570795.0,343850.71,107563.97,280888.38,-44601.64,91464.57,0.0215,19627.65,0.0453,39,4.19,508,5.8,0.9719,0.9698,15,14.5,0
2025-06,Online,Busan,App,E-Office,Affinity,13320,0.02581,343,400,0.03146,12,21,59097.46,1241046.63,731018.38,510028.24,115162.2,942206.65,-547340.61,103420.55,0.0335,41535.62,0.0333,30,4.17,598,9.1,0.9815,0.9429,10,23.6,2
2025-06,Online,Busan,App,E-Office,VIP,9067,0.02931,265,350,0.03438,12,17,59902.96,1018350.28,666347.56,352002.72,104937.36,2340131.4,-2093066.03,84862.52,0.0398,40580.72,0.0272,34,4.25,987,8.0,0.9872,0.9318,23,43.2,1
2025-06,Online,Busan,App,F-Outdoor,Mass,11279,0.02008,226,269,0.02628,7,9,65533.69,589803.19,354929.83,234873.36,137297.39,1056124.19,-958548.22,84257.6,0.0222,13078.36,0.0426,44,4.63,507,6.5,0.9633,0.9162,9,33.7,2
2025-06,Online,Busan,App,F-Outdoor,Affinity,11660,0.01698,198,249,0.02344,5,6,64041.08,384246.48,240956.29,143290.18,97377.09,3057121.43,-3011208.34,76849.3,0.0358,13748.38,0.0165,29,4.4,423,5.7,0.9336,0.8579,14,23.9,0
2025-06,Online,Busan,App,F-Outdoor,VIP,13883,0.02956,410,433,0.02635,11,14,67721.84,948105.74,594416.21,353689.53,184420.39,2374074.77,-2204805.63,86191.43,0.0511,48405.25,0.0292,45,4.49,258,7.9,0.9701,0.9298,18,42.6,3
2025-07,Retail,Seoul,Direct,A-Standard,Mass,18182,0.01708,310,389,0.01597,6,8,30215.6,241724.77,171003.9,70720.87,147885.79,1218529.03,-1295693.95,40287.46,0.0445,10759.25,0.033,51,4.39,613,5.0,1.0,0.9221,12,32.6,4
2025-07,Retail,Seoul,Direct,A-Standard,Affinity,17359,0.0213,369,402,0.03696,14,20,29765.63,595312.59,402255.05,193057.54,180961.73,1934567.48,-1922471.67,42522.33,0.0437,26030.71,0.0364,52,4.17,684,8.5,0.92,0.9594,12,22.3,0
2025-07,Retail,Seoul,Direct,A-Standard,VIP,12874,0.01747,224,237,0.02492,5,9,31171.91,280547.23,191420.17,89127.06,135973.3,1217844.32,-1264690.56,56109.45,0.0451,12643.25,0.0398,36,4.43,649,9.7,0.9568,0.965,2,39.2,2
2025-07,Retail,Seoul,Direct,B-Pro,Mass,12956,0.02096,271,302,0.0239,7,11,46385.69,510242.59,327655.58,182587.0,84795.17,813132.77,-715340.94,72891.8,0.0358,18247.72,0.0354,32,4.56,392,3.5,0.9695,0.9604,6,20.6,0
2025-07,Retail,Seoul,Direct,B-Pro,Affinity,11758,0.0353,415,509,0.02352,11,7,43536.24,304753.68,207763.3,96990.38,131042.31,2120381.88,-2154433.81,27704.88,0.0163,4980.91,0.0299,44,3.9,695,8.1,0.9336,0.9788,8,29.1,1
2025-07,Retail,Seoul,Direct,B-Pro,VIP,13140,0.02124,279,358,0.02247,8,12,46809.33,561711.99,353435.42,208276.57,103994.01,786043.3,-681760.74,70214.0,0.0635,35651.17,0.0074,25,4.2,333,5.9,0.9348,0.9094,10,14.1,0
2025-07,Retail,Seoul,Direct,C-Ultra,Mass,12605,0.02091,263,304,0.01915,5,6,73475.32,440851.93,256676.92,184175.01,89010.36,229534.6,-134369.95,88170.39,0.0427,18813.72,0.0568,23,4.15,839,4.1,0.9648,0.9658,9,24.5,0
2025-07,Retail,Seoul,Direct,C-Ultra,Affinity,8580,0.02072,177,212,0.02603,5,8,69142.74,553141.89,325440.41,227701.48,93860.56,2301570.49,-2167729.56,110628.38,0.0335,18511.19,0.0336,26,3.84,514,6.4,0.9135,0.8831,9,21.0,1
2025-07,Retail,Seoul,Direct,C-Ultra,VIP,12547,0.01537,192,234,0.03527,8,20,66808.87,1336177.37,830216.15,505961.22,103377.38,2645818.57,-2243234.72,167022.17,0.0399,53303.51,0.005,42,4.12,92,6.0,0.9935,0.9366,14,44.0,1
2025-07,Retail,Seoul,Direct,D-Home,Mass,19421,0.02778,539,594,0.02114,12,19,54455.98,1034663.58,666287.77,368375.81,280028.49,3183284.22,-3094936.9,86221.96,0.0523,54139.4,0.0315,41,4.84,290,6.6,0.9315,1.0,24,26.4,4
2025-07,Retail,Seoul,Direct,D-Home,Affinity,17750,0.02341,415,459,0.02302,10,9,54813.17,493318.56,302627.99,190690.57,222509.02,1515781.93,-1547600.38,49331.86,0.0542,26762.4,0.0286,37,3.93,918,8.6,0.9246,0.9243,19,23.4,0
2025-07,Retail,Seoul,Direct,D-Home,VIP,17343,0.02753,477,598,0.02462,14,18,52683.03,948294.55,587649.2,360645.35,249993.19,773690.84,-663038.68,67735.32,0.0049,4686.57,0.0514,55,3.63,377,7.8,0.9985,0.9478,2,29.2,0
2025-07,Retail,Seoul,Direct,E-Office,Mass,12981,0.03214,417,457,0.0172,7,8,59205.91,473647.3,298741.36,174905.94,160236.25,100208.3,-85538.6,67663.9,0.0553,26203.35,0.0421,52,4.78,814,3.9,0.9407,0.8752,18,30.9,0
2025-07,Retail,Seoul,Direct,E-Office,Affinity,17773,0.0338,600,719,0.02428,17,23,58574.46,1347212.6,856321.62,490890.98,194900.02,2464185.5,-2168194.55,79247.8,0.0663,89379.51,0.027,62,4.27,496,8.1,0.9805,0.902,23,28.7,0
2025-07,Retail,Seoul,Direct,E-Office,VIP,12308,0.02113,260,292,0.03049,8,7,58930.18,412511.23,250207.35,162303.88,71765.18,2456880.77,-2366342.07,51563.9,0.0272,11240.29,0.0144,43,4.14,381,8.3,0.9327,1.0,15,25.4,3
2025-07,Retail,Seoul,Direct,F-Outdoor,Mass,12827,0.02047,262,340,0.03632,12,12,62371.09,748453.05,480272.83,268180.22,117943.93,607976.94,-457740.65,62371.09,0.0492,36819.17,0.0399,43,4.33,726,10.8,0.9696,0.8529,1,39.0,0
2025-07,Retail,Seoul,Direct,F-Outdoor,Affinity,11732,0.0184,215,285,0.03127,8,9,66634.43,599709.88,387465.68,212244.19,75241.0,1495228.95,-1358225.76,74963.73,0.0416,24951.23,0.0427,31,4.26,617,8.5,0.9808,0.8486,22,31.1,0
2025-07,Retail,Seoul,Direct,F-Outdoor,VIP,10406,0.03254,338,418,0.02389,9,11,67361.03,740971.34,436598.78,304372.57,148858.39,2273841.96,-2118327.78,82330.15,0.0262,19378.77,0.0327,29,4.56,519,5.7,0.9576,0.9127,0,29.2,1
2025-07,Retail,Seoul,Partner,A-Standard,Mass,11179,0.01787,199,237,0.02248,5,9,29460.02,265140.18,183332.8,81807.38,85861.84,2456985.95,-2461040.41,53028.04,0.0217,5746.7,0.0117,48,4.24,616,7.4,0.902,0.921,16,22.9,3
2025-07,Retail,Seoul,Partner,A-Standard,Affinity,13842,0.00998,138,182,0.01006,1,1,30617.37,30617.37,21722.38,8894.99,53662.24,50508.5,-95275.76,30617.37,0.0496,1518.76,0.021,39,4.18,48,7.5,0.9629,0.9473,24,21.7,5
2025-07,Retail,Seoul,Partner,A-Standard,VIP,12253,0.02515,308,337,0.03446,11,6,29007.8,174046.82,118041.34,56005.48,129380.14,1522110.75,-1595485.41,15822.44,0.028,4864.79,0.0188,42,4.25,743,5.7,0.9294,0.9696,17,37.4,3
2025-07,Retail,Seoul,Partner,B-Pro,Mass,11659,0.02959,345,385,0.03107,11,13,44348.89,576535.57,358889.76,217645.81,128072.75,2070753.67,-1981180.6,52412.32,0.0252,14522.38,0.037,48,4.53,393,8.0,0.9322,0.9005,3,19.9,0
2025-07,Retail,Seoul,Partner,B-Pro,Affinity,14409,0.03357,483,540,0.03306,17,25,46034.73,1150868.13,743643.42,407224.71,125836.41,1328124.3,-1046735.99,67698.13,0.0233,26800.83,0.0382,34,4.18,494,5.4,0.9489,0.9077,4,29.7,0
2025-07,Retail,Seoul,Partner,B-Pro,VIP,14307,0.02457,351,385,0.02591,9,8,46436.69,371493.49,232560.44,138933.06,154190.59,2253595.9,-2268853.44,41277.05,0.0235,8723.52,0.0149,43,4.12,852,8.0,0.9472,0.8838,9,16.0,0
2025-07,Retail,Seoul,Partner,C-Ultra,Mass,17835,0.02561,456,530,0.02614,13,27,67401.91,1819851.7,1024694.67,795157.03,194132.88,2271744.18,-1670720.03,139988.59,0.0339,61716.92,0.0512,35,4.07,369,9.1,0.9461,0.8818,1,17.5,0
2025-07,Retail,Seoul,Partner,C-Ultra,Affinity,10716,0.02339,250,297,0.03346,9,13,67094.42,872227.42,506432.07,365795.36,83459.54,1491223.03,-1208887.21,96914.16,0.0236,20583.76,0.024,36,4.45,246,5.9,0.9544,0.9462,13,35.2,3
2025-07,Retail,Seoul,Partner,C-Ultra,VIP,15900,0.02678,425,504,0.03069,15,23,69176.09,1591050.04,951965.77,639084.27,123398.59,1570703.38,-1055017.69,106070.0,0.0237,37721.8,0.0254,29,4.74,881,8.2,0.895,0.8993,17,26.7,0
2025-07,Retail,Seoul,Partner,D-Home,Mass,9540,0.02867,273,342,0.02288,7,9,55866.08,502794.73,308007.81,194786.92,88539.47,2817293.4,-2711045.95,71827.82,0.0015,757.58,0.0355,37,3.79,371,8.7,0.9806,1.0,9,31.5,0
2025-07,Retail,Seoul,Partner,D-Home,Affinity,11831,0.03282,388,430,0.02439,10,14,54950.57,769307.93,505363.06,263944.87,130140.34,2375086.46,-2241281.93,76930.79,0.0567,43638.37,0.0461,25,4.25,666,7.2,0.9959,0.9097,14,24.0,0
2025-07,Retail,Seoul,Partner,D-Home,VIP,12989,0.0186,241,311,0.02333,7,7,53727.91,376095.38,236879.12,139216.26,138654.0,2768931.0,-2768368.74,53727.91,0.0417,15684.52,0.0222,37,4.07,324,6.3,0.9366,1.0,14,37.1,1
2025-07,Retail,Seoul,Partner,E-Office,Mass,15446,0.01941,299,324,0.02289,7,8,59909.65,479277.18,296862.68,182414.5,170387.17,948405.72,-936378.39,68468.17,0.021,10076.76,0.0501,42,3.58,56,8.2,0.9488,0.947,16,23.8,0
2025-07,Retail,Seoul,Partner,E-Office,Affinity,12742,0.02595,330,408,0.02165,8,16,58870.2,941923.24,565645.63,376277.61,118187.83,335022.42,-76932.64,117740.41,0.0295,27793.94,0.0357,21,3.72,725,5.6,0.9291,0.9817,10,20.7,3
2025-07,Retail,Seoul,Partner,E-Office,VIP,12225,0.0269,328,402,0.02968,11,19,61720.09,1172681.68,729395.42,443286.26,87828.41,2793997.13,-2438539.28,106607.43,0.0513,60117.71,0.0318,57,3.85,651,7.8,0.9767,0.9296,11,55.0,4
2025-07,Retail,Seoul,Partner,F-Outdoor,Mass,10805,0.02628,283,335,0.02063,6,8,62736.43,501891.47,323507.53,178383.94,129386.95,212118.37,-163121.39,83648.58,0.0363,18233.86,0.0421,56,4.02,788,4.5,0.9484,1.0,15,32.4,0
2025-07,Retail,Seoul,Partner,F-Outdoor,Affinity,13524,0.03437,464,563,0.03462,19,25,65326.94,1633173.51,938565.63,694607.87,224490.31,2080076.35,-1609958.78,85956.5,0.0518,84521.45,0.0497,30,3.54,1020,6.2,0.9334,0.952,11,29.6,3
2025-07,Retail,Seoul,Partner,F-Outdoor,VIP,11740,0.01695,198,224,0.0316,7,9,68222.09,613998.82,373172.71,240826.11,70859.05,1127201.1,-957234.04,87714.12,0.0368,22605.69,0.0272,58,4.03,1020,6.8,0.9848,0.9526,4,22.6,0
2025-07,Retail,Seoul,Marketplace,A-Standard,Mass,14643,0.02411,352,394,0.02431,9,13,30208.52,392710.79,274693.54,118017.25,167389.39,1933140.65,-1982512.8,43634.53,0.016,6289.07,0.0266,69,4.72,517,7.3,0.9349,0.9305,21,32.5,0
2025-07,Retail,Seoul,Marketplace,A-Standard,Affinity,22161,0.01858,411,499,0.02452,12,15,29053.17,435797.49,307809.77,127987.72,132343.71,1572967.85,-1577323.84,36316.46,0.0432,18829.1,0.0335,50,4.14,765,6.8,1.0,0.9213,6,34.6,0
2025-07,Retail,Seoul,Marketplace,A-Standard,VIP,16637,0.01884,313,335,0.03661,12,17,29696.95,504848.15,357024.89,147823.27,211358.92,2640572.86,-2704108.52,42070.68,0.0219,11038.37,0.0181,29,4.26,355,10.4,0.9118,0.9131,9,26.2,0
2025-07,Retail,Seoul,Marketplace,B-Pro,Mass,15803,0.02748,434,577,0.02542,14,23,47234.51,1086393.75,734094.12,352299.63,145047.69,1494181.6,-1286929.66,77599.55,0.0471,51169.86,0.0437,33,4.17,765,8.4,0.9816,0.9045,5,35.6,0
2025-07,Retail,Seoul,Marketplace,B-Pro,Affinity,17545,0.02472,433,566,0.02832,16,19,43814.4,832473.56,570004.5,262469.06,158880.65,1175410.86,-1071822.45,52029.6,0.038,31636.22,0.0283,43,4.01,799,3.7,0.9605,0.8775,12,34.7,0
2025-07,Retail,Seoul,Marketplace,B-Pro,VIP,16036,0.02761,442,514,0.01872,9,10,46071.04,460710.44,296793.13,163917.31,140729.16,2155860.82,-2132672.67,51190.05,0.0417,19227.23,0.0332,22,4.71,974,3.1,0.9359,0.9296,12,22.9,2
2025-07,Retail,Seoul,Marketplace,C-Ultra,Mass,16040,0.02326,373,411,0.01794,7,12,66710.74,800528.83,469626.02,330902.81,184056.13,1713514.42,-1566667.74,114361.26,0.0285,22781.54,0.0476,43,3.64,463,8.8,0.9366,0.9383,6,33.0,0
2025-07,Retail,Seoul,Marketplace,C-Ultra,Affinity,19721,0.01673,329,361,0.03051,11,21,67608.3,1419774.28,827112.27,592662.0,187086.59,2911752.87,-2506177.46,129070.39,0.044,62517.15,0.0364,35,4.44,441,8.4,0.8926,0.9559,3,21.4,0
2025-07,Retail,Seoul,Marketplace,C-Ultra,VIP,14616,0.03203,468,518,0.02786,14,19,70720.21,1343683.99,825624.05,518059.94,193638.51,1395492.7,-1071071.26,95977.43,0.046,61841.4,0.0319,32,4.03,616,6.9,0.9696,0.9297,9,5.5,2
2025-07,Retail,Seoul,Marketplace,D-Home,Mass,11389,0.02786,317,384,0.02317,8,10,53715.96,537159.56,352851.41,184308.15,130332.99,394955.81,-340980.65,67144.95,0.0263,14137.45,0.0408,31,4.21,404,7.9,0.9528,0.9536,26,12.6,0
2025-07,Retail,Seoul,Marketplace,D-Home,Affinity,22903,0.02744,628,672,0.02838,19,30,54196.07,1625882.13,1084411.27,541470.87,231594.3,1573750.61,-1263874.05,85572.74,0.0282,45777.7,0.0221,30,4.11,638,4.3,0.9027,0.9438,7,35.9,1
2025-07,Retail,Seoul,Marketplace,D-Home,VIP,15539,0.03563,553,631,0.03049,19,19,57397.9,1090560.12,708682.47,381877.65,261271.21,814227.61,-693621.16,57397.9,0.0197,21510.81,0.051,58,4.25,651,7.3,0.9001,0.9228,4,14.7,0
2025-07,Retail,Seoul,Marketplace,E-Office,Mass,19458,0.02211,430,540,0.0193,10,10,62808.38,628083.82,368015.66,260068.15,165484.98,3034764.99,-2940181.82,62808.38,0.0359,22570.22,0.0585,47,4.72,656,10.1,0.9177,0.9292,20,9.2,1
2025-07,Retail,Seoul,Marketplace,E-Office,Affinity,17774,0.02483,441,550,0.02898,15,19,59713.57,1134557.79,729669.62,404888.16,198342.52,2900743.53,-2694197.88,75637.19,0.0298,33767.21,0.0379,12,4.01,675,6.0,0.8968,0.9845,17,24.9,0
2025-07,Retail,Seoul,Marketplace,E-Office,VIP,15070,0.02066,311,328,0.02732,8,4,58158.84,232635.35,146489.76,86145.6,168284.61,2110334.2,-2192473.21,29079.42,0.0584,13592.12,0.024,37,3.97,770,8.3,0.9712,0.919,14,26.4,1
2025-07,Retail,Seoul,Marketplace,F-Outdoor,Mass,15015,0.02386,358,448,0.03258,14,22,67534.55,1485760.08,891804.96,593955.11,157544.17,2190258.12,-1753847.18,106125.72,0.0161,23958.3,0.0308,41,4.37,376,5.7,0.9708,0.9362,8,29.1,0
2025-07,Retail,Seoul,Marketplace,F-Outdoor,Affinity,23345,0.02328,543,634,0.02087,13,20,67831.87,1356637.43,779369.05,577268.38,258273.57,2813697.23,-2494702.42,104356.73,0.0412,55891.0,0.0658,52,4.14,880,7.9,0.987,0.9317,8,36.6,2
2025-07,Retail,Seoul,Marketplace,F-Outdoor,VIP,17592,0.02392,420,495,0.02397,11,21,65315.14,1371617.86,871631.04,499986.81,138754.95,398664.95,-37433.09,124692.53,0.0453,62154.74,0.0352,31,3.86,745,6.2,0.9703,1.0,9,34.9,1
2025-07,Retail,Seoul,App,A-Standard,Mass,18808,0.02947,554,706,0.02333,16,23,29908.69,687899.94,448505.39,239394.55,167093.54,320307.15,-248006.14,42993.75,0.0298,20471.53,0.0515,38,4.02,422,7.9,0.934,0.9421,14,25.0,2
2025-07,Retail,Seoul,App,A-Standard,Affinity,9393,0.02376,223,266,0.02139,5,7,29388.78,205721.49,143792.53,61928.97,54151.15,2518973.92,-2511196.1,41144.3,0.0237,4883.28,0.032,56,3.25,323,5.4,0.9422,0.8737,16,13.4,0
2025-07,Retail,Seoul,App,A-Standard,VIP,14462,0.01262,182,213,0.03984,8,11,29682.83,326511.16,225501.01,101010.16,111555.7,2833224.82,-2843770.36,40813.9,0.049,15984.94,0.0348,53,4.25,815,4.0,0.9737,0.9735,11,31.7,0
2025-07,Retail,Seoul,App,B-Pro,Mass,12510,0.03307,413,508,0.03072,15,9,43742.22,393680.01,257023.67,136656.34,127933.84,1314332.82,-1305610.33,26245.33,0.0291,11455.38,0.0474,48,4.15,433,6.0,0.9091,0.8593,16,25.7,1
2025-07,Retail,Seoul,App,B-Pro,Affinity,17173,0.0123,211,255,0.02158,5,5,45171.16,225855.8,140902.19,84953.61,104883.99,1564233.96,-1584164.34,45171.16,0.0545,12300.96,0.0446,59,4.16,597,7.7,0.95,0.9505,10,23.1,1
2025-07,Retail,Seoul,App,B-Pro,VIP,15182,0.01153,175,195,0.02733,5,4,45488.36,181953.44,119048.62,62904.82,112463.76,2596993.11,-2646552.05,36390.69,0.0355,6456.45,0.0436,42,4.45,846,5.9,0.9845,0.9389,17,12.2,0
2025-07,Retail,Seoul,App,C-Ultra,Mass,13549,0.01962,265,345,0.02205,7,9,71376.11,642385.03,402989.63,239395.4,113257.94,2118072.87,-1991935.41,91769.29,0.0263,16925.21,0.0371,70,4.01,634,8.7,0.985,0.9565,20,29.8,2
2025-07,Retail,Seoul,App,C-Ultra,Affinity,12530,0.02836,355,399,0.04284,17,33,72961.7,2407736.09,1411495.07,996241.02,187468.34,908771.03,-99998.35,141631.53,0.0286,68767.93,0.0363,38,4.54,86,9.2,0.9484,0.9007,1,27.7,0
2025-07,Retail,Seoul,App,C-Ultra,VIP,12514,0.02575,322,378,0.03151,11,16,68760.79,1100172.71,617510.97,482661.74,105582.93,2262072.35,-1884993.54,100015.7,0.0116,12766.49,0.0247,34,3.79,607,5.4,0.9668,0.8967,19,22.5,0
2025-07,Retail,Seoul,App,D-Home,Mass,14174,0.01603,227,281,0.03184,8,11,53656.25,590218.7,369739.12,220479.58,118938.9,2840355.89,-2738815.22,73777.34,0.0401,23651.05,0.0188,34,4.19,583,7.6,0.996,0.9527,11,15.9,0
2025-07,Retail,Seoul,App,D-Home,Affinity,10988,0.02529,277,296,0.02081,6,9,53289.14,479602.23,319786.69,159815.54,145683.1,814097.59,-799965.15,79933.7,0.0,0.0,0.0335,33,4.38,1039,9.4,0.924,0.8826,27,36.1,1
2025-07,Retail,Seoul,App,D-Home,VIP,12662,0.03137,397,445,0.03199,14,10,55954.12,559541.21,355926.8,203614.41,93557.5,2254420.98,-2144364.07,39967.23,0.0575,32188.31,0.0366,67,4.37,625,6.5,0.9499,0.918,16,31.2,0
2025-07,Retail,Seoul,App,E-Office,Mass,13821,0.02422,334,368,0.02152,7,8,61826.4,494611.23,318110.62,176500.61,102451.33,1919239.59,-1845190.32,70658.75,0.0258,12783.24,0.0304,53,4.27,903,5.2,1.0,0.9182,10,20.3,0
2025-07,Retail,Seoul,App,E-Office,Affinity,12773,0.02395,305,389,0.02987,11,17,62426.11,1061243.91,669299.18,391944.73,161881.28,1370963.7,-1140900.25,96476.72,0.0452,47998.04,0.0372,61,4.32,491,4.8,0.8836,0.9004,0,26.5,0
2025-07,Retail,Seoul,App,E-Office,VIP,11239,0.021,235,272,0.03152,8,8,60704.1,485632.83,312796.1,172836.73,123705.2,1131031.59,-1081900.06,60704.1,0.023,11181.01,0.0141,42,4.37,481,4.3,0.9677,0.8707,14,14.4,0
2025-07,Retail,Seoul,App,F-Outdoor,Mass,10203,0.01939,197,241,0.02858,6,8,66973.99,535791.91,328247.04,207544.87,124299.18,1073051.73,-989806.04,89298.65,0.0631,33789.89,0.0562,46,4.21,333,5.1,0.9385,0.915,11,32.5,0
2025-07,Retail,Seoul,App,F-Outdoor,Affinity,13107,0.02752,360,432,0.02411,10,9,62617.8,563560.16,322445.32,241114.84,198108.04,455404.59,-412397.79,56356.02,0.0506,28514.82,0.0113,37,3.76,1139,4.9,0.9614,0.8494,11,40.3,0
2025-07,Retail,Seoul,App,F-Outdoor,VIP,12890,0.02385,307,360,0.01796,6,9,65048.17,585433.55,375253.21,210180.34,120525.09,1238253.02,-1148597.77,97572.26,0.0355,20785.87,0.0243,52,3.35,515,7.0,0.9671,0.9726,14,18.3,2
2025-07,Retail,Busan,Direct,A-Standard,Mass,8695,0.01722,149,192,0.02093,4,5,29224.47,146122.37,99696.73,46425.64,66887.96,2636543.52,-2657005.85,36530.59,0.0489,7139.63,0.046,47,4.29,637,9.5,0.9598,0.9403,9,23.2,0
2025-07,Retail,Busan,Direct,A-Standard,Affinity,9987,0.02136,213,234,0.0357,8,9,29444.39,264999.54,181833.96,83165.58,107269.17,542965.85,-567069.44,33124.94,0.0376,9972.97,0.0446,40,4.44,215,5.7,0.9895,0.9446,17,26.1,0
2025-07,Retail,Busan,Direct,A-Standard,VIP,9237,0.03245,299,315,0.03649,11,11,30960.89,340569.74,240937.73,99632.0,121447.26,729360.08,-751175.34,30960.89,0.0549,18696.41,0.0186,20,3.6,430,5.5,0.9925,0.8574,19,31.3,0
2025-07,Retail,Busan,Direct,B-Pro,Mass,10724,0.02478,265,294,0.02062,6,5,45622.83,228114.14,150773.07,77341.07,133576.5,1758908.33,-1815143.76,38019.02,0.0058,1314.14,0.0372,41,4.8,255,8.9,0.9509,0.9158,10,29.4,0
2025-07,Retail,Busan,Direct,B-Pro,Affinity,10174,0.03096,315,401,0.01868,7,6,45885.45,275312.71,178923.97,96388.74,145448.9,1667866.67,-1716926.83,39330.39,0.0708,19479.37,0.0155,48,4.12,373,6.7,0.9539,0.9214,16,23.0,2
2025-07,Retail,Busan,Direct,B-Pro,VIP,9856,0.02718,267,288,0.02355,6,9,46987.95,422891.54,288046.25,134845.29,104147.68,1073945.59,-1043247.98,70481.92,0.0502,21227.67,0.0272,37,4.78,545,4.6,0.9706,0.9332,8,35.9,2
2025-07,Retail,Busan,Direct,C-Ultra,Mass,11047,0.02603,287,344,0.0214,7,9,67595.61,608360.47,375067.18,233293.29,110595.45,2280359.04,-2157661.2,86908.64,0.0402,24430.58,0.0324,53,4.16,570,8.4,0.9414,0.9193,16,18.8,0
2025-07,Retail,Busan,Direct,C-Ultra,Affinity,10944,0.02456,268,327,0.02804,9,13,67478.91,877225.82,493362.55,383863.27,123784.77,2598371.03,-2338292.53,97469.54,0.0219,19241.49,0.0289,38,3.66,810,8.4,0.9531,0.9469,8,24.7,0
2025-07,Retail,Busan,Direct,C-Ultra,VIP,8737,0.02507,219,233,0.03421,7,6,71431.68,428590.1,240916.25,187673.85,86518.67,1478990.06,-1377834.88,61227.16,0.0191,8165.93,0.0331,31,4.27,340,7.1,0.9135,0.9572,12,22.3,1
2025-07,Retail,Busan,Direct,D-Home,Mass,9888,0.03322,328,372,0.01768,6,7,55687.02,389809.14,253252.67,136556.47,109914.9,141649.22,-115007.65,64968.19,0.0303,11814.65,0.046,46,3.58,899,7.6,0.9278,0.8967,1,32.9,0
2025-07,Retail,Busan,Direct,D-Home,Affinity,11362,0.03835,435,568,0.03233,18,23,54634.15,1256585.38,780934.54,475650.84,159609.62,2828806.25,-2512765.03,69810.3,0.0479,60161.85,0.0342,44,4.03,668,6.4,0.9581,0.93,17,26.3,0
2025-07,Retail,Busan,Direct,D-Home,VIP,8932,0.02359,210,236,0.03418,8,11,53787.75,591665.28,397159.44,194505.84,50300.47,3068502.85,-2924297.48,73958.16,0.0438,25924.63,0.0215,59,3.94,735,6.5,0.9614,0.9491,17,29.6,2
2025-07,Retail,Busan,Direct,E-Office,Mass,11392,0.0302,344,454,0.0255,11,13,57831.19,751805.52,451863.0,299942.52,180466.63,1364412.21,-1244936.33,68345.96,0.0319,23953.68,0.0311,45,4.45,334,6.2,0.9405,0.9616,17,31.4,3
2025-07,Retail,Busan,Direct,E-Office,Affinity,9895,0.0144,142,156,0.03288,5,5,62168.23,310841.13,201818.38,109022.75,62164.78,2807600.83,-2760742.86,62168.23,0.0357,11104.82,0.0365,54,3.68,966,11.1,0.9672,0.9301,20,36.0,0
2025-07,Retail,Busan,Direct,E-Office,VIP,8453,0.01936,163,177,0.02611,4,5,57700.91,288504.54,183301.24,105203.3,73167.17,2293578.98,-2261542.86,72126.14,0.0276,7973.59,0.0235,35,4.42,647,4.4,0.9832,0.9548,18,18.9,0
2025-07,Retail,Busan,Direct,F-Outdoor,Mass,14214,0.02199,312,342,0.02555,8,5,64687.93,323439.65,187641.38,135798.27,144430.87,2864357.21,-2872989.81,40429.96,0.0554,17922.72,0.0249,43,3.6,895,3.1,0.9424,0.9094,21,22.7,0
2025-07,Retail,Busan,Direct,F-Outdoor,Affinity,10438,0.0238,248,294,0.02368,6,12,67015.56,804186.73,463098.43,341088.3,111126.45,1800482.82,-1570520.97,134031.12,0.0318,25556.19,0.0181,37,4.55,466,4.1,0.988,0.9413,5,34.5,0
2025-07,Retail,Busan,Direct,F-Outdoor,VIP,10020,0.02938,294,319,0.04204,13,19,66934.8,1271761.18,730113.81,541647.37,112408.46,1877337.06,-1448098.16,97827.78,0.0415,52807.81,0.0378,63,4.48,714,10.4,0.9273,0.9011,4,30.3,2
2025-07,Retail,Busan,Partner,A-Standard,Mass,12497,0.02115,264,323,0.03153,10,19,30592.46,581256.78,405036.12,176220.66,126344.06,279840.19,-229963.59,58125.68,0.0,0.0,0.0541,33,4.23,815,4.0,0.9033,0.927,16,23.7,0
2025-07,Retail,Busan,Partner,A-Standard,Affinity,9237,0.01646,152,191,0.02385,4,5,29792.54,148962.71,102075.0,46887.71,63601.55,2357751.81,-2374465.65,37240.68,0.0435,6478.18,0.0333,57,4.66,516,7.3,0.977,0.9566,7,26.1,0
2025-07,Retail,Busan,Partner,A-Standard,VIP,7679,0.01826,140,157,0.02438,3,3,29183.94,87551.81,59327.67,28224.14,77887.14,1893581.95,-1943244.96,29183.94,0.004,350.46,0.0468,31,4.33,375,8.1,0.9579,0.9811,13,18.6,0
2025-07,Retail,Busan,Partner,B-Pro,Mass,10945,0.02833,310,338,0.0262,8,11,46431.4,510745.42,320885.05,189860.36,178677.95,2925192.44,-2914010.03,63843.18,0.0618,31562.33,0.0429,46,4.62,434,7.3,0.9026,0.9757,4,39.9,0
2025-07,Retail,Busan,Partner,B-Pro,Affinity,8517,0.0158,134,145,0.02934,4,4,43364.83,173459.33,106764.3,66695.03,49614.65,2708185.14,-2691104.76,43364.83,0.0,0.0,0.0313,39,3.94,555,2.3,0.9787,0.8896,18,24.1,0
2025-07,Retail,Busan,Partner,B-Pro,VIP,10004,0.02647,264,312,0.03286,10,14,45004.5,630063.06,413748.65,216314.41,130771.65,1405402.35,-1319859.59,63006.31,0.022,13872.36,0.0118,33,4.41,232,7.5,0.9851,0.9113,6,32.9,0
2025-07,Retail,Busan,Partner,C-Ultra,Mass,8538,0.02131,181,230,0.03378,7,9,70667.11,636003.98,402569.18,233434.8,60418.49,1601539.7,-1428523.4,90857.71,0.031,19706.67,0.0446,52,4.67,994,7.4,0.9587,0.9137,4,34.8,2
2025-07,Retail,Busan,Partner,C-Ultra,Affinity,7271,0.02419,175,196,0.03381,6,5,66679.17,333395.83,188401.8,144994.03,55977.77,1017219.03,-928202.77,55565.97,0.058,19353.57,0.0398,47,3.85,359,5.3,0.9399,0.9338,13,19.8,0
2025-07,Retail,Busan,Partner,C-Ultra,VIP,11800,0.02774,327,422,0.02367,9,12,67794.83,813537.98,462439.98,351098.0,114501.15,448632.23,-212035.38,90393.11,0.0173,14045.01,0.0237,39,4.53,507,7.0,0.9718,0.971,13,25.2,3
2025-07,Retail,Busan,Partner,D-Home,Mass,10038,0.03177,318,354,0.03077,10,15,57436.11,861541.68,571913.09,289628.59,133473.51,2418388.7,-2262233.63,86154.17,0.041,35356.87,0.0481,54,3.8,456,6.6,0.9627,0.9643,18,33.3,0
2025-07,Retail,Busan,Partner,D-Home,Affinity,10729,0.01877,201,228,0.02177,4,6,52843.79,317062.73,209796.18,107266.55,96078.96,545141.19,-533953.59,79265.68,0.0232,7368.76,0.0389,56,4.11,413,6.7,1.0,0.8418,9,27.8,0
2025-07,Retail,Busan,Partner,D-Home,VIP,9661,0.03187,307,350,0.02824,9,5,54109.88,270549.41,171059.38,99490.04,154892.87,2388558.17,-2443961.01,30061.05,0.0457,12352.85,0.0163,50,4.31,552,6.4,1.0,0.9368,16,32.9,1
2025-07,Retail,Busan,Partner,E-Office,Mass,8785,0.02668,234,265,0.02583,6,5,59438.13,297190.64,192014.39,105176.24,60990.81,152198.04,-108012.61,49531.77,0.0322,9567.92,0.0284,58,4.05,622,7.0,0.9336,0.9805,9,28.0,3
2025-07,Retail,Busan,Partner,E-Office,Affinity,10075,0.02695,271,311,0.026,8,12,61858.12,742297.41,434889.51,307407.9,120278.35,832433.08,-645303.54,92787.18,0.0349,25918.48,0.0492,37,3.8,19,7.4,0.9701,0.9823,2,44.0,0
2025-07,Retail,Busan,Partner,E-Office,VIP,7110,0.03045,216,251,0.02558,6,5,61104.82,305524.12,199843.58,105680.54,71333.27,116657.14,-82309.86,50920.69,0.0543,16576.11,0.0265,46,4.09,774,9.6,0.971,0.8725,3,22.9,0
2025-07,Retail,Busan,Partner,F-Outdoor,Mass,9067,0.02109,191,241,0.01876,4,6,62298.02,373788.1,237944.35,135843.75,73667.2,2237503.37,-2175326.82,93447.02,0.0,0.0,0.044,42,3.68,682,5.2,0.9412,0.8932,0,41.2,0
2025-07,Retail,Busan,Partner,F-Outdoor,Affinity,11531,0.02451,282,303,0.02449,7,10,65100.79,651007.89,384442.22,266565.67,149445.1,2334131.79,-2217011.22,93001.13,0.0365,23750.95,0.0232,48,4.02,396,10.1,0.9237,0.9018,10,14.5,1
2025-07,Retail,Busan,Partner,F-Outdoor,VIP,8670,0.03179,275,321,0.02881,9,8,62162.95,497303.59,287042.5,210261.09,90300.33,902981.26,-783020.5,55255.95,0.0186,9227.95,0.0248,47,4.38,513,6.2,0.9239,0.9825,15,23.2,2
2025-07,Retail,Busan,Marketplace,A-Standard,Mass,11949,0.03211,383,481,0.02038,9,12,28683.84,344206.12,244873.63,99332.49,114512.14,2121004.32,-2136183.97,38245.12,0.0488,16786.22,0.0308,43,4.55,697,8.6,0.9693,0.9995,19,29.8,0
2025-07,Retail,Busan,Marketplace,A-Standard,Affinity,13395,0.03133,419,443,0.02787,12,20,30569.57,611391.48,416805.34,194586.13,138744.8,2202925.85,-2147084.52,50949.29,0.0422,25826.88,0.0466,45,4.93,747,9.7,0.959,0.9017,9,23.7,0
2025-07,Retail,Busan,Marketplace,A-Standard,VIP,13711,0.02678,367,437,0.04095,17,31,28686.8,889290.88,585901.68,303389.2,141098.85,1283582.75,-1121292.4,52311.23,0.0203,18078.2,0.0365,41,3.47,244,3.8,0.9647,0.8636,14,26.3,2
2025-07,Retail,Busan,Marketplace,B-Pro,Mass,12185,0.01743,212,265,0.02136,5,5,42750.47,213752.36,141362.74,72389.62,99182.84,303195.05,-329988.26,42750.47,0.0364,7781.11,0.0476,35,4.46,1061,7.1,1.0,0.8847,10,28.6,0
2025-07,Retail,Busan,Marketplace,B-Pro,Affinity,13071,0.02195,286,360,0.02703,9,10,45807.7,458077.02,306572.89,151504.13,146097.32,2682588.53,-2677181.72,50897.45,0.0146,6699.02,0.0313,53,4.38,785,8.0,0.9841,0.9285,15,19.9,2
2025-07,Retail,Busan,Marketplace,B-Pro,VIP,11443,0.02372,271,291,0.03172,9,5,43300.32,216501.6,147641.08,68860.52,148088.2,2728050.13,-2807277.82,24055.73,0.0496,10739.3,0.0253,47,4.08,898,7.2,0.9771,0.9071,0,19.7,0
2025-07,Retail,Busan,Marketplace,C-Ultra,Mass,11605,0.03147,365,420,0.03082,12,20,70870.45,1417408.92,838336.98,579071.94,186053.55,917995.95,-524977.56,118117.41,0.0432,61217.13,0.0411,27,3.76,599,6.4,0.9595,0.9687,19,23.9,0
2025-07,Retail,Busan,Marketplace,C-Ultra,Affinity,12530,0.03659,458,517,0.0261,13,10,66773.32,667733.17,407882.83,259850.34,251583.86,517126.41,-508859.93,51364.09,0.0456,30444.2,0.0332,41,4.17,562,7.2,0.9749,0.8918,14,24.8,0
2025-07,Retail,Busan,Marketplace,C-Ultra,VIP,15539,0.01393,216,234,0.03026,7,9,71441.74,642975.66,378355.94,264619.72,132833.02,714060.74,-582274.04,91853.67,0.052,33429.01,0.0455,40,4.13,380,7.6,0.9457,0.9165,23,49.6,0
2025-07,Retail,Busan,Marketplace,D-Home,Mass,11125,0.00536,59,64,0.03336,2,3,55135.57,165406.72,101416.53,63990.19,57922.22,676804.37,-670736.4,82703.36,0.0505,8357.39,0.0259,60,3.91,396,8.4,0.989,0.8798,21,5.9,0
2025-07,Retail,Busan,Marketplace,D-Home,Affinity,14670,0.02828,414,490,0.02664,13,9,54816.79,493351.13,307881.53,185469.6,214546.59,51690.15,-80767.14,37950.09,0.0686,33834.0,0.0204,16,4.42,615,7.3,0.9553,0.8493,1,37.6,1
2025-07,Retail,Busan,Marketplace,D-Home,VIP,13966,0.02799,390,451,0.03502,15,21,52479.67,1102073.07,713875.72,388197.36,203542.84,1287041.57,-1102387.05,73471.54,0.0421,46377.11,0.0193,23,4.09,423,7.1,0.9325,0.9278,16,30.0,0
2025-07,Retail,Busan,Marketplace,E-Office,Mass,13740,0.02332,320,393,0.02929,11,11,59961.68,659578.45,400087.6,259490.85,133194.41,1400217.37,-1273920.93,59961.68,0.0423,27875.01,0.0158,38,3.67,385,5.7,0.944,0.934,21,17.6,2
2025-07,Retail,Busan,Marketplace,E-Office,Affinity,14398,0.02848,410,505,0.02951,14,23,60128.45,1382954.44,872026.41,510928.03,194015.94,330958.8,-14046.71,98782.46,0.038,52539.0,0.0227,59,3.87,491,5.5,0.9712,0.9744,21,32.2,6
2025-07,Retail,Busan,Marketplace,E-Office,VIP,16712,0.02622,438,562,0.02772,15,22,57010.4,1254228.82,756188.22,498040.61,222435.71,102575.93,173028.96,83615.25,0.0478,60012.44,0.0261,39,4.41,797,9.1,1.0,0.8929,14,18.4,2
2025-07,Retail,Busan,Marketplace,F-Outdoor,Mass,12442,0.01891,235,313,0.01118,3,4,65388.89,261555.58,154270.26,107285.32,111421.21,1272094.44,-1276230.33,87185.19,0.0136,3550.92,0.0231,30,3.93,455,9.2,0.9512,0.9112,11,33.0,0
2025-07,Retail,Busan,Marketplace,F-Outdoor,Affinity,13648,0.02862,390,418,0.02131,8,12,65437.46,785249.55,453032.12,332217.43,111885.76,2557570.5,-2337238.83,98156.19,0.0422,33107.91,0.0443,24,4.47,410,11.2,0.9459,0.9166,25,34.8,0
2025-07,Retail,Busan,Marketplace,F-Outdoor,VIP,14120,0.03663,517,594,0.02275,13,16,64327.67,1029242.8,648058.78,381184.02,168550.36,1343996.82,-1131363.16,79172.52,0.0357,36721.35,0.0395,40,4.04,320,8.2,0.964,0.911,24,26.8,4
2025-07,Retail,Busan,App,A-Standard,Mass,11015,0.02533,278,297,0.02035,6,7,30222.16,211555.12,147427.48,64127.64,146893.37,657777.16,-740542.89,35259.19,0.025,5291.13,0.0343,48,4.23,703,10.7,0.9972,0.9019,24,36.5,0
2025-07,Retail,Busan,App,A-Standard,Affinity,14802,0.02615,387,482,0.01888,9,11,30118.88,331307.71,229405.35,101902.36,137601.5,80557.06,-116256.2,36811.97,0.0331,10951.45,0.0467,52,4.03,855,7.4,0.9523,0.9188,10,19.8,2
2025-07,Retail,Busan,App,A-Standard,VIP,8988,0.01978,177,225,0.02284,5,5,30227.07,151135.35,105612.61,45522.74,92588.34,2328973.57,-2376039.18,30227.07,0.0541,8180.31,0.0267,54,3.94,419,7.4,0.9311,0.9639,7,33.3,0
2025-07,Retail,Busan,App,B-Pro,Mass,9087,0.03316,301,390,0.03356,13,15,43068.44,646026.61,400763.03,245263.58,140466.15,2096444.67,-1991647.24,49694.35,0.0299,19302.78,0.0328,30,4.01,852,8.4,0.9996,0.9082,25,23.7,2
2025-07,Retail,Busan,App,B-Pro,Affinity,8795,0.02921,256,303,0.0316,9,11,44503.91,489542.97,326706.45,162836.52,126294.79,1459318.3,-1422776.57,54393.66,0.0349,17069.29,0.0305,43,3.3,528,7.7,0.9938,0.911,7,26.5,1
2025-07,Retail,Busan,App,B-Pro,VIP,8244,0.03232,266,320,0.02715,8,12,46166.34,553996.09,367189.05,186807.05,77440.59,2151894.23,-2042527.78,69249.51,0.0242,13411.57,0.043,29,4.22,158,9.8,0.9676,0.9209,18,23.2,1
2025-07,Retail,Busan,App,C-Ultra,Mass,11221,0.00735,82,92,0.0171,1,1,68475.32,68475.32,43447.86,25027.46,59362.62,1854530.86,-1888866.02,68475.32,0.0111,759.23,0.0234,31,4.33,665,9.4,0.9377,0.9047,15,18.6,5
2025-07,Retail,Busan,App,C-Ultra,Affinity,11156,0.0224,249,271,0.01656,4,5,68076.24,340381.19,200147.16,140234.03,105019.38,46386.41,-11171.77,85095.3,0.0566,19263.67,0.0251,46,4.77,562,8.2,1.0,0.922,13,36.4,2
2025-07,Retail,Busan,App,C-Ultra,VIP,11470,0.02377,272,354,0.0208,7,10,67091.3,670913.03,384786.0,286127.04,101073.36,954834.33,-769780.65,95844.72,0.0284,19021.61,0.0224,56,4.4,454,9.6,0.9313,0.9589,15,38.0,1
2025-07,Retail,Busan,App,D-Home,Mass,12216,0.02521,307,362,0.0166,6,7,53450.3,374152.1,230034.84,144117.26,161008.73,772015.72,-788907.19,62358.68,0.0198,7409.14,0.0432,31,4.48,590,4.8,0.9536,0.9152,2,27.9,0
2025-07,Retail,Busan,App,D-Home,Affinity,10542,0.02493,262,320,0.02591,8,11,54486.31,599349.44,389224.46,210124.98,143095.5,2001669.99,-1934640.5,74918.68,0.0514,30817.09,0.0415,54,4.2,574,3.5,0.954,0.8776,6,23.4,0
2025-07,Retail,Busan,App,D-Home,VIP,8153,0.02228,181,218,0.02493,5,7,55726.2,390083.38,250468.27,139615.11,83656.95,2500809.92,-2444851.75,78016.68,0.0168,6561.15,0.0293,40,3.67,464,6.0,0.9864,0.9794,17,25.5,1
2025-07,Retail,Busan,App,E-Office,Mass,11906,0.02232,265,313,0.01838,5,10,57835.35,578353.49,354895.47,223458.01,79918.08,2617600.99,-2474061.06,115670.7,0.0302,17494.84,0.0337,48,3.97,633,8.8,0.9929,0.9177,4,34.1,3
2025-07,Retail,Busan,App,E-Office,Affinity,12707,0.0273,346,367,0.01992,7,8,57596.17,460769.35,268735.72,192033.63,134512.98,2686171.52,-2628650.87,65824.19,0.0341,15703.69,0.0398,13,4.52,749,9.4,0.95,0.8935,20,30.0,0
2025-07,Retail,Busan,App,E-Office,VIP,12617,0.02743,346,415,0.03215,13,18,61944.05,1114992.85,666527.64,448465.21,202227.07,2686963.4,-2440725.26,85768.68,0.0199,22215.79,0.0393,54,4.3,597,8.4,0.9731,0.9485,6,26.5,1
2025-07,Retail,Busan,App,F-Outdoor,Mass,8702,0.03696,321,417,0.02699,11,11,66716.39,733880.25,465766.17,268114.08,132325.06,1862855.26,-1727066.23,66716.39,0.0508,37305.47,0.0476,49,4.86,425,6.1,0.9791,0.9666,4,30.9,0
2025-07,Retail,Busan,App,F-Outdoor,Affinity,9933,0.02372,235,247,0.0308,7,8,64516.91,516135.26,314028.75,202106.5,118379.92,1346923.79,-1263197.2,73733.61,0.0259,13367.73,0.0267,63,4.3,297,7.5,0.9843,0.9837,10,30.2,2
2025-07,Retail,Busan,App,F-Outdoor,VIP,9274,0.02638,244,319,0.02403,7,6,64489.6,386937.57,241977.82,144959.75,80497.95,1209878.67,-1145416.87,55276.8,0.0318,12290.32,0.0227,52,4.78,322,7.5,0.9714,0.956,18,31.7,0
2025-07,Online,Seoul,Direct,A-Standard,Mass,14867,0.02732,406,463,0.02962,13,15,31473.62,472104.33,313494.87,158609.46,223259.58,334266.09,-398916.21,36315.72,0.0288,13617.77,0.024,40,4.76,624,8.4,0.9891,0.8893,0,34.0,0
2025-07,Online,Seoul,Direct,A-Standard,Affinity,14679,0.03004,440,470,0.02509,11,18,30040.38,540726.93,363181.62,177545.31,199350.02,715613.14,-737417.85,49156.99,0.0259,14007.62,0.0334,32,3.74,707,7.3,0.9698,0.9118,14,16.1,0
2025-07,Online,Seoul,Direct,A-Standard,VIP,14661,0.02356,345,442,0.03303,14,15,31482.92,472243.8,313157.73,159086.07,178532.61,2611954.26,-2631400.8,33731.7,0.0143,6761.88,0.0131,54,3.91,476,7.9,0.9492,0.9661,9,33.9,0
2025-07,Online,Seoul,Direct,B-Pro,Mass,17492,0.02234,390,516,0.02238,11,15,43680.71,655210.63,409846.02,245364.61,257445.71,948963.81,-961044.91,59564.6,0.0342,22403.12,0.0361,33,4.45,1077,5.8,0.9945,0.8686,13,31.5,2
2025-07,Online,Seoul,Direct,B-Pro,Affinity,16579,0.02738,453,569,0.02024,11,15,47095.6,706434.0,458698.3,247735.71,206078.95,1339560.73,-1297903.98,64221.27,0.0412,29097.28,0.0395,48,4.37,821,10.1,0.9391,0.933,12,25.5,0
2025-07,Online,Seoul,Direct,B-Pro,VIP,13952,0.0298,415,546,0.01597,8,6,44014.98,264089.88,180572.68,83517.2,171311.79,1590934.11,-1678728.7,33011.24,0.0353,9325.01,0.0327,26,4.52,347,8.8,0.9642,0.9156,8,26.2,1
2025-07,Online,Seoul,Direct,C-Ultra,Mass,19602,0.02652,519,589,0.02526,14,16,67361.38,1077782.1,621879.45,455902.65,192895.84,1913189.02,-1650182.22,76984.44,0.0144,15480.11,0.038,40,5.0,761,6.4,0.9489,0.9293,10,25.7,0
2025-07,Online,Seoul,Direct,C-Ultra,Affinity,15144,0.01602,242,309,0.02945,9,15,71307.26,1069608.9,635673.85,433935.05,155688.2,389970.99,-111724.14,118845.43,0.02,21394.35,0.0183,46,4.32,596,6.3,0.9379,0.8768,11,24.1,3
2025-07,Online,Seoul,Direct,C-Ultra,VIP,18831,0.01418,267,353,0.02648,9,10,66653.22,666532.17,385856.25,280675.92,104921.52,2291858.66,-2116104.27,74059.13,0.0363,24201.53,0.0436,51,3.92,466,5.8,0.9613,0.8427,6,28.1,4
2025-07,Online,Seoul,Direct,D-Home,Mass,14368,0.02755,395,451,0.0279,12,15,52405.52,786082.75,495109.2,290973.55,102818.74,2768389.55,-2580234.73,65506.9,0.0371,29128.36,0.0266,35,4.15,0,8.0,0.989,0.9233,18,17.1,0
2025-07,Online,Seoul,Direct,D-Home,Affinity,16165,0.02885,466,493,0.03794,18,26,55159.58,1434149.21,954956.44,479192.77,265772.5,1221133.02,-1007712.76,79674.96,0.0423,60711.62,0.0158,29,3.64,890,8.8,0.9775,0.9469,19,32.0,4
2025-07,Online,Seoul,Direct,D-Home,VIP,18688,0.02691,502,540,0.02506,13,17,52871.1,898808.73,581515.14,317293.58,181931.56,2744089.24,-2608727.21,69139.13,0.0479,43054.66,0.0432,44,4.04,216,7.9,0.9838,0.9486,15,26.9,0
2025-07,Online,Seoul,Direct,E-Office,Mass,15711,0.01848,290,330,0.01604,5,6,58116.55,348699.3,204264.16,144435.14,99983.91,1110562.18,-1066110.94,69739.86,0.0351,12242.39,0.0346,51,4.16,1018,7.9,0.9772,0.9092,1,33.4,0
2025-07,Online,Seoul,Direct,E-Office,Affinity,17203,0.03714,638,749,0.01857,13,15,59665.9,894988.53,556954.69,338033.85,202894.47,2162867.87,-2027728.49,68845.27,0.0622,55669.26,0.036,26,4.34,323,6.0,0.9366,0.8624,11,33.6,4
2025-07,Online,Seoul,Direct,E-Office,VIP,16708,0.04779,798,1016,0.03201,32,46,62185.59,2860536.92,1879233.73,981303.19,239526.54,2130821.15,-1389044.5,89391.78,0.0278,79514.81,0.0334,43,3.87,1154,7.5,0.8962,0.9238,12,29.8,0
2025-07,Online,Seoul,Direct,F-Outdoor,Mass,19256,0.01403,270,326,0.00741,2,2,65810.03,131620.07,75328.75,56291.32,109223.21,849799.05,-902730.95,65810.03,0.0345,4542.84,0.0266,41,4.46,366,7.8,1.0,0.9468,12,30.9,0
2025-07,Online,Seoul,Direct,F-Outdoor,Affinity,16186,0.02592,419,470,0.02557,12,11,64911.85,714030.33,424810.07,289220.27,132234.35,2677625.88,-2520639.97,59502.53,0.0198,14134.93,0.0439,60,4.23,1169,8.3,1.0,0.9705,7,30.1,2
2025-07,Online,Seoul,Direct,F-Outdoor,VIP,20259,0.01936,392,472,0.03758,17,24,62810.21,1507445.08,946170.85,561274.23,181605.11,693707.67,-314038.55,88673.24,0.0286,43057.38,0.0475,24,4.48,75,8.8,0.9448,0.8631,11,33.0,0
2025-07,Online,Seoul,Partner,A-Standard,Mass,15391,0.0312,480,511,0.02731,13,12,28749.74,344996.89,226313.19,118683.7,162344.64,1586038.12,-1629699.07,26538.22,0.0282,9731.18,0.0356,48,4.64,425,8.2,0.951,0.9233,13,38.6,1
2025-07,Online,Seoul,Partner,A-Standard,Affinity,12413,0.03058,379,411,0.01927,7,9,31420.59,282785.35,199969.7,82815.65,112915.12,574344.27,-604443.74,40397.91,0.0321,9070.47,0.0277,27,4.09,453,3.9,0.9681,0.95,3,33.7,3
2025-07,Online,Seoul,Partner,A-Standard,VIP,11545,0.03219,371,415,0.01838,7,6,31048.8,186292.8,132424.33,53868.47,224499.48,1336858.37,-1507489.38,26613.26,0.0545,10144.97,0.0289,33,4.0,633,4.2,0.9729,0.9222,18,15.2,5
2025-07,Online,Seoul,Partner,B-Pro,Mass,16549,0.02708,448,501,0.00947,4,7,42850.62,299954.35,193912.38,106041.98,124709.49,2184232.79,-2202900.31,74988.59,0.0541,16241.9,0.0465,22,4.28,406,8.1,0.9441,0.95,14,24.3,2
2025-07,Online,Seoul,Partner,B-Pro,Affinity,12834,0.01563,200,222,0.0259,5,7,46950.39,328652.73,204734.06,123918.67,117293.11,2491669.59,-2485044.03,65730.55,0.0339,11141.09,0.0392,42,4.84,708,8.0,0.9739,0.9136,0,24.7,0
2025-07,Online,Seoul,Partner,B-Pro,VIP,9440,0.03106,293,327,0.03607,11,16,43642.48,698279.68,458374.28,239905.4,158328.03,2295692.12,-2214114.75,63479.97,0.0216,15094.5,0.0457,54,4.08,839,7.9,0.9638,0.9664,20,14.6,1
2025-07,Online,Seoul,Partner,C-Ultra,Mass,10093,0.02597,262,340,0.02499,8,8,72951.06,583608.48,340075.04,243533.45,152605.69,219703.37,-128775.61,72951.06,0.0506,29548.11,0.051,77,4.82,196,10.0,1.0,0.9884,10,27.8,1
2025-07,Online,Seoul,Partner,C-Ultra,Affinity,11553,0.02523,291,329,0.01743,5,5,70952.96,354764.79,202938.83,151825.95,118962.29,1832117.98,-1799254.31,70952.96,0.0365,12966.22,0.0349,45,4.66,159,7.6,0.9367,0.9263,17,29.3,7
2025-07,Online,Seoul,Partner,C-Ultra,VIP,12624,0.02218,279,320,0.02415,7,7,66823.3,467763.08,271241.35,196521.73,128993.02,252916.13,-185387.41,66823.3,0.0201,9421.48,0.0298,54,4.21,172,7.4,0.9408,0.8716,6,27.5,2
2025-07,Online,Seoul,Partner,D-Home,Mass,13157,0.03281,431,513,0.01773,9,12,53794.14,645529.73,432082.36,213447.37,169168.8,1618664.63,-1574386.05,71725.53,0.0183,11813.75,0.0323,31,4.28,787,8.0,0.9004,0.9064,17,28.8,1
2025-07,Online,Seoul,Partner,D-Home,Affinity,15976,0.03626,579,668,0.03637,24,35,52336.58,1831780.16,1219299.83,612480.33,162846.2,2419322.44,-1969688.3,76324.17,0.0344,62995.96,0.0159,44,3.6,904,5.7,0.9856,0.8365,11,36.4,0
2025-07,Online,Seoul,Partner,D-Home,VIP,13379,0.02682,358,450,0.02696,12,15,54535.56,818033.44,522425.33,295608.11,165388.01,3044187.01,-2913966.91,68169.45,0.0286,23402.52,0.0407,49,4.63,614,9.4,0.9629,0.9737,8,29.2,0
2025-07,Online,Seoul,Partner,E-Office,Mass,12000,0.02444,293,313,0.0252,7,12,60028.8,720345.59,472654.26,247691.33,99865.69,3004147.55,-2856321.91,102906.51,0.0279,20076.88,0.0393,31,4.13,876,9.3,1.0,0.9883,9,27.4,0
2025-07,Online,Seoul,Partner,E-Office,Affinity,14894,0.03116,464,551,0.0348,19,33,62668.45,2068058.69,1267152.06,800906.64,234581.21,1723607.82,-1157282.39,108845.19,0.0379,78355.93,0.0324,32,4.19,1258,8.9,0.9142,0.92,3,23.4,0
2025-07,Online,Seoul,Partner,E-Office,VIP,17702,0.02137,378,433,0.03649,15,13,60418.12,785435.5,487723.77,297711.73,154092.25,1580087.5,-1436468.02,52362.37,0.0696,54649.36,0.0394,37,4.37,447,5.6,0.9558,0.8687,21,23.7,3
2025-07,Online,Seoul,Partner,F-Outdoor,Mass,12921,0.02133,275,354,0.01788,6,10,68172.12,681721.23,423395.42,258325.81,139012.36,1213399.59,-1094086.14,113620.2,0.04,27275.41,0.0305,33,3.84,386,8.5,1.0,0.9868,7,22.3,1
2025-07,Online,Seoul,Partner,F-Outdoor,Affinity,16913,0.0262,443,493,0.02566,12,9,65655.54,590899.86,381665.38,209234.48,161715.79,2982635.13,-2935116.44,49241.65,0.0299,17673.12,0.0354,45,4.41,682,7.1,0.9377,0.905,1,38.3,0
2025-07,Online,Seoul,Partner,F-Outdoor,VIP,19376,0.02829,548,637,0.02672,17,17,62296.58,1059041.89,616226.32,442815.57,266703.97,478449.04,-302337.44,62296.58,0.0576,60963.74,0.0332,50,4.31,987,9.6,0.9506,0.9178,0,34.1,2
2025-07,Online,Seoul,Marketplace,A-Standard,Mass,26491,0.02923,774,830,0.01761,14,18,28869.31,519647.61,345314.81,174332.8,360933.04,616365.39,-802965.63,37117.69,0.0354,18377.29,0.0174,60,3.64,837,7.5,0.9984,0.9448,12,27.9,0
2025-07,Online,Seoul,Marketplace,A-Standard,Affinity,22654,0.03663,829,958,0.01978,18,20,30608.23,612164.63,415049.08,197115.56,370292.06,2811898.97,-2985075.47,34009.15,0.0169,10357.61,0.0292,51,4.16,896,7.4,0.9815,0.9301,7,21.5,0
2025-07,Online,Seoul,Marketplace,A-Standard,VIP,19150,0.02692,515,605,0.02435,14,19,30875.34,586631.39,388182.24,198449.16,127558.31,1938347.17,-1867456.32,41902.24,0.0333,19524.91,0.0209,53,4.37,145,5.5,0.9998,0.8864,13,28.1,0
2025-07,Online,Seoul,Marketplace,B-Pro,Mass,19248,0.03102,597,698,0.004,2,1,46432.0,46432.0,29658.02,16773.98,236444.39,2033816.11,-2253486.52,23216.0,0.0131,610.25,0.0354,57,3.86,549,9.1,0.9444,0.9017,26,20.3,0
2025-07,Online,Seoul,Marketplace,B-Pro,Affinity,21191,0.03236,685,855,0.02452,20,23,43382.15,997789.45,678336.63,319452.82,343357.76,1807934.91,-1831839.85,49889.47,0.0526,52494.08,0.0447,33,4.26,583,7.7,0.9743,0.8899,16,22.1,4
2025-07,Online,Seoul,Marketplace,B-Pro,VIP,20922,0.02675,559,655,0.02719,17,29,43361.6,1257486.27,812657.62,444828.65,330015.46,2587993.54,-2473180.35,73969.78,0.0507,63787.47,0.0345,43,4.43,520,4.1,0.9442,0.8881,7,17.7,1
2025-07,Online,Seoul,Marketplace,C-Ultra,Mass,22223,0.03024,671,755,0.02152,16,24,72512.32,1740295.69,1081758.61,658537.09,207065.7,597262.15,-145790.76,108768.48,0.0464,80766.41,0.0319,40,4.52,659,8.6,0.9688,0.9042,16,25.4,0
2025-07,Online,Seoul,Marketplace,C-Ultra,Affinity,22714,0.02627,596,785,0.04074,31,48,68559.84,3290872.39,1880700.27,1410172.13,152257.75,2118223.47,-860309.1,106157.17,0.0432,142178.59,0.0405,35,4.57,671,7.9,0.9359,0.8965,13,25.7,0
2025-07,Online,Seoul,Marketplace,C-Ultra,VIP,18943,0.03635,688,734,0.02319,17,19,71646.09,1361275.8,835862.48,525413.31,167242.1,522325.54,-164154.33,80075.05,0.0372,50618.73,0.039,39,3.98,523,6.9,0.9917,0.9609,9,30.8,0
2025-07,Online,Seoul,Marketplace,D-Home,Mass,21689,0.02593,562,673,0.02494,16,14,56175.09,786451.25,522286.93,264164.32,207023.06,2544378.55,-2487237.28,49153.2,0.0237,18626.92,0.0326,70,3.94,567,8.8,0.9573,0.9184,4,31.2,2
2025-07,Online,Seoul,Marketplace,D-Home,Affinity,23569,0.02341,551,580,0.02524,14,14,56023.97,784335.57,528171.63,256163.94,228584.65,334642.15,-307062.85,56023.97,0.0317,24862.13,0.0418,31,4.28,607,7.8,0.9654,0.9153,26,32.1,3
2025-07,Online,Seoul,Marketplace,D-Home,VIP,16082,0.01536,247,293,0.02171,6,7,56061.79,392432.56,261947.65,130484.91,153272.23,1456957.53,-1479744.85,65405.43,0.0438,17183.68,0.0285,46,4.39,1330,5.0,0.9787,0.9638,33,27.3,1
2025-07,Online,Seoul,Marketplace,E-Office,Mass,18053,0.01662,300,374,0.01551,5,3,62906.18,188718.54,121471.74,67246.8,215870.49,2121131.3,-2269754.99,37743.71,0.0157,2969.82,0.0365,34,4.12,766,7.1,0.9838,0.9019,6,30.0,1
2025-07,Online,Seoul,Marketplace,E-Office,Affinity,23436,0.03297,772,875,0.03521,30,45,61653.54,2774409.49,1754988.18,1019421.3,308439.29,2247838.88,-1536856.87,92480.32,0.0386,107176.9,0.017,53,4.79,747,7.2,0.9557,0.9261,13,46.0,0
2025-07,Online,Seoul,Marketplace,E-Office,VIP,19852,0.01651,327,378,0.03246,12,14,61103.55,855449.73,507518.95,347930.79,129598.03,3030536.29,-2812203.53,71287.48,0.0259,22127.05,0.0196,57,3.89,893,7.4,0.9873,0.8753,3,25.6,0
2025-07,Online,Seoul,Marketplace,F-Outdoor,Mass,18916,0.02875,543,642,0.02475,15,37,61917.1,2290932.53,1329431.18,961501.35,249312.88,2063193.23,-1351004.76,152728.84,0.0368,84348.8,0.0446,44,4.8,769,4.5,0.9725,0.898,18,21.8,0
2025-07,Online,Seoul,Marketplace,F-Outdoor,Affinity,21213,0.01872,397,439,0.02009,8,17,66293.29,1126985.97,708106.81,418879.16,202940.31,1556189.63,-1340250.78,140873.25,0.0287,32289.94,0.0397,67,4.28,575,8.0,0.9083,0.9623,12,18.1,1
2025-07,Online,Seoul,Marketplace,F-Outdoor,VIP,14052,0.02615,367,440,0.03146,13,20,63955.19,1279103.72,772151.87,506951.85,136035.63,1559375.3,-1188459.08,98392.59,0.0285,36466.56,0.0423,55,4.21,1022,5.2,0.9546,0.9828,16,19.4,0
2025-07,Online,Seoul,App,A-Standard,Mass,15868,0.02389,379,405,0.02617,10,9,31196.16,280765.48,196702.36,84063.12,135909.77,667704.82,-719551.47,28076.55,0.0579,16244.72,0.0255,45,4.19,473,8.1,0.9618,0.9353,17,23.9,4
2025-07,Online,Seoul,App,A-Standard,Affinity,14168,0.02399,339,379,0.02469,9,7,29057.54,203402.8,133986.6,69416.2,137873.74,313268.0,-381725.54,22600.31,0.0461,9386.46,0.0322,39,3.73,584,7.0,0.9308,0.949,7,29.6,3
2025-07,Online,Seoul,App,A-Standard,VIP,15969,0.02396,382,409,0.03197,13,14,31391.48,439480.71,312775.97,126704.74,158420.86,2390497.26,-2422213.38,33806.21,0.0582,25560.46,0.0251,62,4.46,751,6.8,0.9331,0.9751,22,36.9,0
2025-07,Online,Seoul,App,B-Pro,Mass,14062,0.02784,391,422,0.01583,6,8,44635.3,357082.37,239324.3,117758.07,186884.94,1537137.26,-1606264.13,59513.73,0.0486,17354.32,0.0308,42,4.06,644,6.9,0.955,0.9418,5,21.5,3
2025-07,Online,Seoul,App,B-Pro,Affinity,13865,0.02468,342,435,0.02733,11,18,44768.22,805827.98,500203.43,305624.56,123218.62,304097.48,-121691.54,73257.09,0.043,34674.98,0.0405,50,4.22,477,5.3,0.9197,0.967,12,11.6,0
2025-07,Online,Seoul,App,B-Pro,VIP,15538,0.02948,458,533,0.03041,16,12,43669.67,524035.99,344020.62,180015.36,207960.99,2640456.13,-2668401.75,32752.25,0.0467,24498.17,0.0204,35,3.89,527,10.5,0.9166,0.9992,14,33.2,2
2025-07,Online,Seoul,App,C-Ultra,Mass,14591,0.02135,311,342,0.02649,9,15,68996.52,1034947.81,583018.48,451929.34,201339.3,2020901.96,-1770311.91,114994.2,0.0,0.0,0.0456,41,4.17,641,7.0,0.9591,0.9385,14,37.1,2
2025-07,Online,Seoul,App,C-Ultra,Affinity,13562,0.01939,263,319,0.02202,7,10,72257.87,722578.72,422075.76,300502.97,158747.88,1068320.62,-926565.53,103225.53,0.0157,11348.96,0.0277,46,4.59,996,10.2,0.9838,0.9663,5,24.5,0
2025-07,Online,Seoul,App,C-Ultra,VIP,14440,0.02714,391,413,0.02354,9,12,72874.32,874491.79,534032.94,340458.84,159046.19,2143055.97,-1961643.32,97165.75,0.0368,32181.79,0.0186,60,4.64,666,5.6,0.9711,0.8714,12,17.7,0
2025-07,Online,Seoul,App,D-Home,Mass,19432,0.03159,613,741,0.02543,18,36,55435.86,1995691.07,1341149.0,654542.07,288741.81,2207681.88,-1841881.62,110871.73,0.0214,42661.99,0.0429,64,4.49,332,3.0,0.9288,0.9437,3,19.1,1
2025-07,Online,Seoul,App,D-Home,Affinity,14414,0.03271,471,599,0.01364,8,10,53229.95,532299.46,342074.37,190225.09,287592.61,2876082.54,-2973450.05,66537.43,0.0446,23756.36,0.0213,50,4.38,694,11.1,0.9967,0.8956,14,37.1,0
2025-07,Online,Seoul,App,D-Home,VIP,15811,0.02797,442,546,0.03957,21,12,55460.53,665526.33,419040.31,246486.02,253835.01,381699.05,-389048.04,31691.73,0.0287,19132.99,0.0271,26,4.84,867,5.6,0.9298,0.9071,8,32.4,0
2025-07,Online,Seoul,App,E-Office,Mass,15997,0.01786,285,373,0.01411,5,7,59262.44,414837.05,250758.43,164078.63,125292.94,308731.24,-269945.55,82967.41,0.0504,20920.97,0.0406,28,4.01,689,7.1,0.9441,0.9522,2,30.6,1
2025-07,Online,Seoul,App,E-Office,Affinity,16269,0.02598,422,466,0.02154,10,17,58613.88,996435.97,596354.46,400081.51,157901.49,1502781.53,-1260601.5,99643.6,0.035,34890.08,0.0219,50,4.07,666,10.2,0.9143,0.975,17,35.6,4
2025-07,Online,Seoul,App,E-Office,VIP,15566,0.02509,390,414,0.03321,13,20,58470.04,1169400.77,714325.39,455075.38,167566.54,2258393.07,-1970884.23,89953.91,0.0357,41752.33,0.0458,52,4.27,765,7.9,0.9245,0.9468,9,15.5,0
2025-07,Online,Seoul,App,F-Outdoor,Mass,15984,0.02586,413,544,0.02347,12,23,62878.2,1446198.52,839241.19,606957.34,219511.95,729875.47,-342430.09,120516.54,0.0304,43905.55,0.0424,38,4.67,697,5.0,0.963,0.9838,14,21.3,1
2025-07,Online,Seoul,App,F-Outdoor,Affinity,12331,0.01383,170,195,0.03116,6,9,65662.59,590963.27,350410.38,240552.9,106350.25,2454990.93,-2320788.28,98493.88,0.0248,14683.48,0.0168,35,4.35,888,3.7,1.0,0.9229,9,16.7,2
2025-07,Online,Seoul,App,F-Outdoor,VIP,12365,0.02538,313,335,0.02644,8,7,64228.59,449600.11,284599.95,165000.16,152689.45,926000.39,-913689.68,56200.01,0.0503,22593.64,0.035,43,5.0,227,3.5,1.0,0.9463,4,25.0,0
2025-07,Online,Busan,Direct,A-Standard,Mass,12671,0.03571,452,516,0.01898,9,12,30226.35,362716.15,248561.02,114155.13,196997.31,779670.98,-862513.16,40301.79,0.038,13765.91,0.0317,33,4.37,452,8.8,0.9769,0.9094,12,24.1,0
2025-07,Online,Busan,Direct,A-Standard,Affinity,11366,0.02804,318,396,0.02231,8,8,30585.79,244686.3,158839.7,85846.61,168096.67,2713999.16,-2796249.23,30585.79,0.0,0.0,0.0352,60,4.02,638,5.4,0.9845,0.9625,8,21.7,0
2025-07,Online,Busan,Direct,A-Standard,VIP,10832,0.02388,258,307,0.02855,8,10,30482.58,304825.83,214161.62,90664.2,64239.52,1189891.28,-1163466.6,38103.23,0.0374,11391.35,0.0134,42,3.9,565,9.7,0.9313,0.8463,15,29.4,1
2025-07,Online,Busan,Direct,B-Pro,Mass,14927,0.02554,381,478,0.02139,10,8,45811.3,366490.43,235832.6,130657.83,231761.09,1718016.54,-1819119.8,36649.04,0.0307,11264.03,0.0402,56,4.6,670,7.5,0.9714,0.9049,8,30.9,1
2025-07,Online,Busan,Direct,B-Pro,Affinity,10595,0.02393,253,297,0.02856,8,14,45584.14,638177.93,433474.78,204703.16,108653.93,2806443.85,-2710394.62,79772.24,0.0549,35029.03,0.0516,48,3.46,426,8.0,0.9404,0.913,15,29.4,0
2025-07,Online,Busan,Direct,B-Pro,VIP,12951,0.03681,476,588,0.0259,15,22,44456.64,978046.12,630458.0,347588.12,118346.18,183123.19,46118.75,65203.07,0.0392,38294.43,0.026,51,4.77,864,9.3,0.9765,0.9003,19,39.6,0
2025-07,Online,Busan,Direct,C-Ultra,Mass,11685,0.01783,208,247,0.02683,6,9,66501.33,598511.93,351727.7,246784.23,58164.4,733850.32,-545230.49,99751.99,0.03,17927.65,0.0364,66,4.52,625,7.2,0.9374,0.9328,17,14.9,1
2025-07,Online,Busan,Direct,C-Ultra,Affinity,13702,0.02485,340,374,0.0254,9,7,69452.65,486168.55,273191.24,212977.32,156520.94,3028146.68,-2971690.3,54018.73,0.045,21873.4,0.0305,36,3.93,649,6.8,0.9909,0.9249,11,38.1,3
2025-07,Online,Busan,Direct,C-Ultra,VIP,11395,0.0284,323,380,0.02096,7,10,71803.12,718031.24,442893.05,275138.2,75244.07,670156.45,-470262.32,102575.89,0.0209,14992.04,0.0342,41,3.77,849,7.4,0.9333,1.0,8,24.9,1
2025-07,Online,Busan,Direct,D-Home,Mass,12158,0.02491,302,383,0.01254,4,6,57563.59,345381.51,208742.43,136639.08,140896.05,1854936.83,-1859193.79,86345.38,0.0359,12387.41,0.0434,46,4.48,934,10.8,0.9524,0.924,17,15.0,0
2025-07,Online,Busan,Direct,D-Home,Affinity,13599,0.02199,299,375,0.03761,14,20,53770.98,1075419.61,698939.9,376479.71,176856.32,1907583.8,-1707960.42,76815.69,0.0463,49828.59,0.0288,49,4.5,372,11.5,0.9438,0.88,19,34.2,0
2025-07,Online,Busan,Direct,D-Home,VIP,11382,0.0471,536,663,0.02569,17,18,57221.8,1029992.46,666044.72,363947.74,110146.21,1493478.61,-1239677.08,60587.79,0.033,34000.78,0.0363,46,4.29,644,6.5,0.98,1.0,2,21.7,0
2025-07,Online,Busan,Direct,E-Office,Mass,14430,0.03497,504,539,0.01853,9,13,58749.28,763740.7,466062.61,297678.1,132671.06,2339433.4,-2174426.37,84860.08,0.0533,40708.15,0.0501,48,4.3,891,6.7,1.0,0.933,18,28.4,1
2025-07,Online,Busan,Direct,E-Office,Affinity,12712,0.02825,359,423,0.0259,10,14,58694.18,821718.49,500009.27,321709.22,158151.59,693095.11,-529537.48,82171.85,0.0416,34144.89,0.0419,39,4.68,149,7.1,0.9873,0.8799,9,31.2,3
2025-07,Online,Busan,Direct,E-Office,VIP,11933,0.02816,336,359,0.02627,9,13,58134.92,755754.01,460414.04,295339.97,103095.57,1245413.0,-1053168.59,83972.67,0.0373,28192.59,0.012,37,4.44,547,7.0,0.9501,0.9615,23,39.1,3
2025-07,Online,Busan,Direct,F-Outdoor,Mass,12839,0.02808,360,442,0.0188,8,15,62874.23,943113.46,567616.9,375496.56,187224.48,2088737.65,-1900465.57,117889.18,0.057,53710.32,0.0385,56,4.38,628,6.9,0.946,0.9516,18,22.5,1
2025-07,Online,Busan,Direct,F-Outdoor,Affinity,14915,0.01558,232,282,0.02167,6,7,62790.82,439535.72,262032.59,177503.12,109227.92,786301.5,-718026.3,73255.95,0.0342,15025.12,0.0485,62,4.22,857,9.6,0.9732,0.9094,3,16.9,1
2025-07,Online,Busan,Direct,F-Outdoor,VIP,13603,0.03998,543,668,0.03145,21,32,62823.73,2010359.26,1155764.74,854594.52,298270.9,1276091.27,-719767.65,95731.39,0.013,26224.34,0.0352,50,4.04,364,2.8,1.0,0.9083,9,32.0,0
2025-07,Online,Busan,Partner,A-Standard,Mass,11936,0.02316,276,362,0.01937,7,6,31381.8,188290.81,130582.09,57708.73,88616.83,2530698.77,-2561606.87,26898.69,0.0146,2742.81,0.0377,45,4.97,824,5.8,1.0,0.9446,16,27.8,1
2025-07,Online,Busan,Partner,A-Standard,Affinity,14720,0.02333,343,426,0.02789,11,8,31120.4,248963.22,161697.86,87265.35,139750.3,898389.57,-950874.51,22633.02,0.0094,2350.9,0.0265,50,4.73,625,7.6,0.9804,0.8949,19,24.6,1
2025-07,Online,Busan,Partner,A-Standard,VIP,10178,0.02315,235,293,0.03351,9,18,31174.69,561144.39,389143.09,172001.3,89544.87,240728.89,-158272.46,62349.38,0.0464,26060.07,0.0241,27,4.03,179,8.7,0.9606,0.936,12,20.9,0
2025-07,Online,Busan,Partner,B-Pro,Mass,12860,0.02645,340,375,0.0245,9,12,44577.09,534925.08,332160.86,202764.22,166425.5,1780208.96,-1743870.24,59436.12,0.0319,17038.51,0.03,46,4.21,655,10.0,0.9351,0.9691,22,26.9,3
2025-07,Online,Busan,Partner,B-Pro,Affinity,7747,0.01523,118,127,0.02868,3,2,43640.88,87281.75,59193.72,28088.03,78650.57,1291718.4,-1342280.94,29093.92,0.0242,2109.95,0.047,22,4.09,846,5.4,0.9495,0.8692,10,22.8,0
2025-07,Online,Busan,Partner,B-Pro,VIP,13091,0.01472,192,253,0.03243,8,9,43278.95,389510.54,249263.54,140247.0,95683.59,1443487.45,-1398924.05,48688.82,0.0084,3264.79,0.0283,54,5.0,636,6.8,0.8824,0.9458,10,14.2,2
2025-07,Online,Busan,Partner,C-Ultra,Mass,9847,0.02271,223,294,0.02316,6,7,68967.3,482771.09,296904.93,185866.16,112606.58,2924323.93,-2851064.35,80461.85,0.0525,25327.68,0.0386,57,4.37,815,4.5,0.9678,0.9554,22,36.4,1
2025-07,Online,Busan,Partner,C-Ultra,Affinity,9452,0.0249,235,260,0.0251,6,9,71056.99,639512.93,361766.22,277746.7,85684.17,2333511.14,-2141448.6,106585.49,0.0097,6227.71,0.0418,36,4.14,591,9.7,0.9678,0.8847,23,21.2,2
2025-07,Online,Busan,Partner,C-Ultra,VIP,10994,0.02368,260,295,0.01909,5,8,71268.92,570151.37,328695.83,241455.54,84616.68,580700.15,-423861.29,114030.27,0.0212,12065.91,0.0337,35,4.04,647,7.2,0.9364,0.9275,17,46.9,1
2025-07,Online,Busan,Partner,D-Home,Mass,11665,0.02848,332,387,0.02409,9,8,55282.41,442259.26,287153.75,155105.51,93434.71,2951037.09,-2889366.29,49139.92,0.0268,11836.57,0.0354,39,4.28,395,8.4,0.9708,0.9975,19,22.3,1
2025-07,Online,Busan,Partner,D-Home,Affinity,9337,0.02879,268,352,0.02659,9,15,55594.87,833923.06,542994.69,290928.37,144113.17,2080398.38,-1933583.19,92658.12,0.046,38331.95,0.0255,36,3.97,763,3.5,0.9192,1.0,6,38.9,0
2025-07,Online,Busan,Partner,D-Home,VIP,10350,0.03042,314,354,0.02951,10,15,53564.93,803473.88,485759.32,317714.56,103570.9,676206.94,-462063.28,80347.39,0.0527,42316.1,0.0458,38,4.36,637,5.9,0.9789,0.9411,2,24.3,1
2025-07,Online,Busan,Partner,E-Office,Mass,10533,0.02749,289,334,0.03336,11,16,62032.59,992521.46,600949.7,391571.76,107401.91,1165706.11,-881536.26,90229.22,0.0307,30516.9,0.0303,36,4.15,681,6.8,0.925,0.8344,7,27.4,0
2025-07,Online,Busan,Partner,E-Office,Affinity,12826,0.02275,291,329,0.02977,9,10,58685.29,586852.91,363361.16,223491.76,177339.69,2007086.89,-1960934.82,65205.88,0.0548,32133.19,0.0473,49,4.13,278,5.8,0.9433,0.9297,22,25.8,1
2025-07,Online,Busan,Partner,E-Office,VIP,9782,0.03302,323,355,0.03024,10,12,61563.75,738765.02,475824.13,262940.89,159133.45,972972.35,-869164.91,73876.5,0.0456,33710.96,0.0305,45,3.86,706,5.8,0.899,0.866,7,21.9,0
2025-07,Online,Busan,Partner,F-Outdoor,Mass,9805,0.03417,335,434,0.02612,11,17,65146.84,1107496.35,687393.86,420102.49,91258.95,1021268.75,-692425.22,100681.49,0.048,53203.52,0.0238,34,3.99,250,4.4,0.9783,0.9709,3,18.5,0
2025-07,Online,Busan,Partner,F-Outdoor,Affinity,12057,0.02954,356,474,0.03291,15,23,62195.74,1430502.0,866668.86,563833.14,105783.93,2269825.95,-1811776.74,95366.8,0.0314,44968.86,0.0489,49,4.36,518,7.3,0.9803,0.9733,19,26.3,1
2025-07,Online,Busan,Partner,F-Outdoor,VIP,9594,0.01973,189,211,0.03572,7,11,66686.68,733553.53,427474.52,306079.01,90185.49,2646602.97,-2430709.45,104793.36,0.0425,31151.96,0.015,48,4.23,631,8.8,0.9292,0.8919,15,31.9,0
2025-07,Online,Busan,Marketplace,A-Standard,Mass,11187,0.01622,181,222,0.01143,2,4,30753.23,123012.92,87535.27,35477.64,103003.03,530073.33,-597598.71,61506.46,0.0124,1521.44,0.0213,33,3.69,747,7.9,0.9508,0.8391,12,44.1,0
2025-07,Online,Busan,Marketplace,A-Standard,Affinity,14971,0.02615,391,416,0.03276,13,11,30400.32,334403.49,227401.29,107002.21,159628.92,58211.39,-110838.11,25723.35,0.0246,8220.59,0.0488,37,3.96,271,5.7,0.9589,0.9357,10,45.5,0
2025-07,Online,Busan,Marketplace,A-Standard,VIP,14882,0.01277,190,239,0.02793,6,6,28661.23,171967.37,114658.8,57308.57,119828.86,1444877.63,-1507397.93,28661.23,0.036,6192.16,0.0275,42,4.43,570,7.3,0.9654,0.9371,6,18.5,0
2025-07,Online,Busan,Marketplace,B-Pro,Mass,16778,0.0298,499,600,0.01586,9,12,43291.52,519498.23,341132.43,178365.8,181626.08,548430.79,-551691.08,57722.03,0.0493,25587.08,0.0184,25,4.11,476,9.9,0.9788,0.9295,9,28.3,3
2025-07,Online,Busan,Marketplace,B-Pro,Affinity,15172,0.02505,379,476,0.02965,14,9,44852.9,403676.06,267378.37,136297.69,124132.77,1774009.62,-1761844.71,28834.0,0.0396,15997.73,0.0295,47,4.07,1199,9.6,1.0,0.9215,13,26.4,0
2025-07,Online,Busan,Marketplace,B-Pro,VIP,18298,0.02692,492,541,0.02828,15,21,43525.03,914025.61,606791.57,307234.04,257684.34,2886028.09,-2836478.39,60935.04,0.0359,32795.09,0.039,54,4.22,706,7.4,0.9442,0.9311,10,17.8,2
2025-07,Online,Busan,Marketplace,C-Ultra,Mass,12204,0.01774,216,252,0.02164,5,5,71260.34,356301.7,223082.71,133218.99,132709.5,1524394.79,-1523885.3,71260.34,0.0313,11153.71,0.0423,36,3.76,735,7.8,0.927,0.9501,0,33.5,0
2025-07,Online,Busan,Marketplace,C-Ultra,Affinity,12788,0.02727,348,374,0.02508,9,8,70541.27,564330.17,324466.78,239863.39,163582.97,2490953.71,-2414673.29,62703.35,0.0359,20255.98,0.0283,32,4.18,25,5.6,0.9831,0.9458,10,4.6,0
2025-07,Online,Busan,Marketplace,C-Ultra,VIP,15279,0.02726,416,545,0.02824,15,18,71065.08,1279171.36,767699.64,511471.72,178876.79,2943444.72,-2610849.79,85278.09,0.041,52481.87,0.029,21,4.0,506,7.4,1.0,0.9756,8,17.1,3
2025-07,Online,Busan,Marketplace,D-Home,Mass,15329,0.0171,262,332,0.02121,7,9,53793.68,484143.15,305160.73,178982.42,126617.6,2926519.34,-2874154.52,69163.31,0.0532,25762.2,0.0351,25,4.33,840,7.4,1.0,0.9044,8,23.1,1
2025-07,Online,Busan,Marketplace,D-Home,Affinity,12433,0.03299,410,521,0.02113,11,6,57605.92,345635.51,230218.73,115416.78,135502.96,1110168.64,-1130254.83,31421.41,0.0491,16958.0,0.0211,39,4.47,802,5.2,0.9603,0.9135,10,28.7,0
2025-07,Online,Busan,Marketplace,D-Home,VIP,13005,0.03128,406,531,0.03267,17,31,56607.49,1754832.24,1104530.19,650302.05,185883.24,2508169.26,-2043750.44,103225.43,0.0332,58220.58,0.043,45,4.72,703,4.8,0.9962,0.9031,4,35.7,2
2025-07,Online,Busan,Marketplace,E-Office,Mass,16231,0.02678,434,518,0.03171,16,33,58779.02,1939707.66,1235627.7,704079.96,172123.41,2670971.89,-2139015.33,121231.73,0.0226,43811.72,0.0489,58,3.44,663,7.2,0.9772,0.9262,17,25.8,1
2025-07,Online,Busan,Marketplace,E-Office,Affinity,13932,0.02074,288,344,0.02215,7,7,62204.59,435432.1,262053.5,173378.6,130872.32,100373.21,-57866.94,62204.59,0.0236,10285.73,0.0238,38,4.03,355,4.7,0.9319,1.0,6,15.5,1
2025-07,Online,Busan,Marketplace,E-Office,VIP,15454,0.03205,495,638,0.01541,9,8,59496.37,475970.98,306733.36,169237.61,136881.74,2698477.14,-2666121.26,52885.66,0.0333,15870.85,0.0251,56,4.7,877,4.0,0.9891,0.8749,1,33.5,0
2025-07,Online,Busan,Marketplace,F-Outdoor,Mass,16861,0.02367,399,484,0.03244,15,23,63821.77,1467900.65,856894.12,611006.53,177746.02,2344319.39,-1911058.88,97860.04,0.0351,51533.78,0.0297,57,4.24,582,6.3,0.9417,0.8825,8,32.5,1
2025-07,Online,Busan,Marketplace,F-Outdoor,Affinity,13836,0.02895,400,460,0.02975,13,17,62409.93,1060968.75,687493.83,373474.92,117062.99,1811214.67,-1554802.73,81612.98,0.0149,15791.73,0.0391,58,4.34,433,6.0,1.0,0.9426,23,36.3,0
2025-07,Online,Busan,Marketplace,F-Outdoor,VIP,20255,0.01587,321,361,0.03857,13,17,65413.05,1112021.89,642841.73,469180.16,176006.96,1503797.26,-1210624.06,85540.15,0.0201,22370.07,0.0368,55,4.54,394,7.8,0.9502,0.9659,11,13.5,1
2025-07,Online,Busan,App,A-Standard,Mass,10848,0.02894,313,385,0.02262,8,5,29427.56,147137.78,103101.01,44036.78,152188.21,599977.57,-708129.0,18392.22,0.0363,5348.22,0.0381,47,4.48,764,2.0,0.9511,0.8977,10,36.1,4
2025-07,Online,Busan,App,A-Standard,Affinity,10242,0.02508,256,310,0.02611,8,13,31497.94,409473.27,265428.15,144045.12,131160.68,2725237.94,-2712353.5,51184.16,0.034,13926.66,0.0393,62,4.2,830,7.8,0.9359,0.9464,9,24.1,2
2025-07,Online,Busan,App,A-Standard,VIP,12516,0.02683,335,364,0.02978,10,18,29960.47,539288.41,366489.96,172798.45,159291.32,872319.6,-858812.47,53928.84,0.0302,16312.41,0.0314,25,4.16,722,9.3,0.962,0.8838,11,13.8,0
2025-07,Online,Busan,App,B-Pro,Mass,15953,0.03302,526,647,0.02598,16,20,46500.41,930008.26,619231.31,310776.94,172677.86,137834.74,264.34,58125.52,0.0497,46256.98,0.0382,37,5.0,751,9.5,0.9503,0.8941,9,28.0,0
2025-07,Online,Busan,App,B-Pro,Affinity,11932,0.03072,366,483,0.02793,13,24,46936.89,1126485.43,717467.3,409018.13,145837.4,1748854.93,-1485674.19,86652.73,0.0377,42427.56,0.025,21,4.37,372,3.7,0.9262,0.9546,17,37.3,5
2025-07,Online,Busan,App,B-Pro,VIP,14648,0.02649,388,494,0.02609,12,13,43616.95,567020.41,374420.91,192599.5,125252.79,363880.48,-296533.78,47251.7,0.0402,22776.51,0.0294,34,4.38,588,8.3,0.9781,0.9616,10,28.2,0
2025-07,Online,Busan,App,C-Ultra,Mass,9652,0.01674,161,195,0.01854,3,3,72967.8,218903.4,137995.4,80907.99,75175.18,1599380.6,-1593647.78,72967.8,0.014,3054.24,0.0384,53,4.91,748,9.1,0.962,0.9893,12,34.2,2
2025-07,Online,Busan,App,C-Ultra,Affinity,12721,0.02825,359,448,0.02653,11,17,73471.14,1249009.35,746738.69,502270.66,145620.93,1767503.11,-1410853.38,113546.3,0.0542,67734.05,0.0287,69,4.26,283,6.9,0.9991,0.9647,5,27.3,1
2025-07,Online,Busan,App,C-Ultra,VIP,10842,0.02415,261,339,0.02814,9,8,66723.78,533790.22,329331.55,204458.67,120877.94,1367283.04,-1283702.31,59310.02,0.042,22418.9,0.0276,53,4.61,450,8.0,1.0,0.9328,6,31.7,1
2025-07,Online,Busan,App,D-Home,Mass,10142,0.0301,305,331,0.01752,5,9,52274.14,470467.29,311475.78,158991.51,100396.79,1978469.65,-1919874.94,94093.46,0.0261,12286.77,0.035,53,4.82,638,7.6,0.9745,0.8564,4,27.2,0
2025-07,Online,Busan,App,D-Home,Affinity,11898,0.02334,277,297,0.01547,4,4,57375.52,229502.07,152177.13,77324.94,172015.41,2853325.81,-2948016.29,57375.52,0.061,14004.58,0.0272,40,4.49,933,11.0,0.9684,0.9787,24,32.0,0
2025-07,Online,Busan,App,D-Home,VIP,12551,0.02081,261,321,0.01572,5,7,57643.64,403505.49,249563.81,153941.68,172135.19,2277149.75,-2295343.27,80701.1,0.0365,14716.21,0.0458,34,4.53,525,4.0,0.9311,0.9315,10,24.7,0
2025-07,Online,Busan,App,E-Office,Mass,11115,0.02809,312,358,0.03175,11,12,57328.28,687939.34,410739.45,277199.88,118683.21,370085.98,-211569.31,62539.94,0.0408,28053.68,0.0272,42,4.62,378,7.8,0.9794,0.9825,25,42.9,1
2025-07,Online,Busan,App,E-Office,Affinity,13164,0.02594,341,388,0.02489,9,11,62649.76,689147.41,436548.94,252598.47,104782.3,2787587.51,-2639771.34,76571.93,0.0154,10584.21,0.0264,54,3.93,669,8.1,0.9513,1.0,17,26.2,2
2025-07,Online,Busan,App,E-Office,VIP,9484,0.0203,192,211,0.02699,5,7,58971.8,412802.63,251307.24,161495.39,89229.5,1729323.65,-1657057.76,82560.53,0.0469,19366.0,0.0238,32,4.99,878,5.2,1.0,0.9579,13,32.8,0
2025-07,Online,Busan,App,F-Outdoor,Mass,9549,0.01436,137,144,0.02741,3,4,66289.24,265156.98,157560.74,107596.23,83234.05,763239.31,-738877.12,88385.66,0.0381,10107.05,0.0233,37,4.06,312,8.4,1.0,0.9836,22,26.0,0
2025-07,Online,Busan,App,F-Outdoor,Affinity,8350,0.0208,173,196,0.03249,6,5,62215.03,311075.14,180134.29,130940.85,51674.83,1074793.2,-995527.18,51845.86,0.0058,1800.87,0.0266,50,4.5,780,7.3,0.9667,0.9408,9,25.9,0
2025-07,Online,Busan,App,F-Outdoor,VIP,9254,0.02217,205,244,0.02741,6,10,64260.99,642609.91,399522.66,243087.25,81440.14,2903385.24,-2741738.14,107101.65,0.0202,12983.63,0.0338,75,4.56,620,8.1,0.9793,0.957,15,21.6,0
